"","X","TimePeriod","position","Node","Species","Life_Stage","Hydraulic","MaxPercentage","pos_code","BestSlice"
"1",2,"Annual","slice2","J01-010","Chub","Adult","Depth",5.17241379310345,"J01-010_slice2","Yes"
"2",6,"Annual","slice3","J01-020","Chub","Adult","Depth",8.96118721461187,"J01-020_slice3","Yes"
"3",10,"Annual","slice3","J01-030","Chub","Adult","Depth",1.54109589041096,"J01-030_slice3","Yes"
"4",14,"Annual","slice2","J01-031","Chub","Adult","Depth",0.365296803652968,"J01-031_slice2","Yes"
"5",19,"Annual","slice4","J01-040","Chub","Adult","Depth",5.94748858447489,"J01-040_slice4","Yes"
"6",22,"Annual","slice2","J01-041","Chub","Adult","Depth",4.52586206896552,"J01-041_slice2","Yes"
"7",25,"Annual","slice2","J01-060","Chub","Adult","Depth",4.9389367816092,"J01-060_slice2","Yes"
"8",28,"Annual","slice2","J01-061","Chub","Adult","Depth",1.92922374429224,"J01-061_slice2","Yes"
"9",30,"Annual","slice1","J01-062","Chub","Adult","Depth",0.285388127853881,"J01-062_slice1","Yes"
"10",31,"Annual","slice1","J01-070","Chub","Adult","Depth",2.23744292237443,"J01-070_slice1","Yes"
"11",33,"Annual","slice2","J01-080","Chub","Adult","Depth",2.45433789954338,"J01-080_slice2","Yes"
"12",36,"Annual","slice2","J01-090","Chub","Adult","Depth",2.62557077625571,"J01-090_slice2","Yes"
"13",38,"Annual","slice2","J01-091","Chub","Adult","Depth",0.821917808219178,"J01-091_slice2","Yes"
"14",41,"Annual","slice2","J01-100","Chub","Adult","Depth",0.262557077625571,"J01-100_slice2","Yes"
"15",44,"Annual","slice2","J03-010","Chub","Adult","Depth",3.162100456621,"J03-010_slice2","Yes"
"16",48,"Annual","slice3","J04-010","Chub","Adult","Depth",5.51369863013699,"J04-010_slice3","Yes"
"17",50,"Annual","slice1","J05-010","Chub","Adult","Depth",2.13470319634703,"J05-010_slice1","Yes"
"18",54,"Annual","slice1","J07-010","Chub","Adult","Depth",0.308219178082192,"J07-010_slice1","Yes"
"19",58,"Annual","slice2","L01-060","Chub","Adult","Depth",8.76712328767123,"L01-060_slice2","Yes"
"20",62,"Annual","slice3","L01-080","Chub","Adult","Depth",6.02739726027397,"L01-080_slice3","Yes"
"21",65,"Annual","slice3","L01-100","Chub","Adult","Depth",1.91780821917808,"L01-100_slice3","Yes"
"22",68,"Annual","slice2","L02-010","Chub","Adult","Depth",11.2328767123288,"L02-010_slice2","Yes"
"23",70,"Annual","slice1","L02-020","Chub","Adult","Depth",17.8082191780822,"L02-020_slice1","Yes"
"24",75,"Annual","slice3","L02-021","Chub","Adult","Depth",15.3424657534247,"L02-021_slice3","Yes"
"25",82,"Annual","slice6","L02-022","Chub","Adult","Depth",11.5068493150685,"L02-022_slice6","Yes"
"26",86,"Annual","slice4","L02-023","Chub","Adult","Depth",16.4383561643836,"L02-023_slice4","Yes"
"27",88,"Annual","slice2","L02-030","Chub","Adult","Depth",13.4246575342466,"L02-030_slice2","Yes"
"28",91,"Annual","slice2","L02-031","Chub","Adult","Depth",21.0958904109589,"L02-031_slice2","Yes"
"29",97,"Annual","slice4","L02-040","Chub","Adult","Depth",16.1643835616438,"L02-040_slice4","Yes"
"30",99,"Annual","slice2","L02-041","Chub","Adult","Depth",18.9041095890411,"L02-041_slice2","Yes"
"31",102,"Annual","slice2","L02-050","Chub","Adult","Depth",2.73972602739726,"L02-050_slice2","Yes"
"32",103,"Annual","slice3","L02-050","Chub","Adult","Depth",2.73972602739726,"L02-050_slice3","Yes"
"33",104,"Annual","slice1","L02-051","Chub","Adult","Depth",0,"L02-051_slice1","Yes"
"34",105,"Annual","slice2","L02-051","Chub","Adult","Depth",0,"L02-051_slice2","Yes"
"35",106,"Annual","slice3","L02-051","Chub","Adult","Depth",0,"L02-051_slice3","Yes"
"36",108,"Annual","slice2","J01-010","Chub","Adult","Velocity",36.62100456621,"J01-010_slice2","Yes"
"37",112,"Annual","slice3","J01-020","Chub","Adult","Velocity",99.3607305936073,"J01-020_slice3","Yes"
"38",116,"Annual","slice3","J01-030","Chub","Adult","Velocity",99.5547945205479,"J01-030_slice3","Yes"
"39",120,"Annual","slice2","J01-031","Chub","Adult","Velocity",35.4908675799087,"J01-031_slice2","Yes"
"40",125,"Annual","slice4","J01-040","Chub","Adult","Velocity",99.9429223744292,"J01-040_slice4","Yes"
"41",128,"Annual","slice2","J01-041","Chub","Adult","Velocity",99.7602739726027,"J01-041_slice2","Yes"
"42",131,"Annual","slice2","J01-060","Chub","Adult","Velocity",99.337899543379,"J01-060_slice2","Yes"
"43",134,"Annual","slice2","J01-061","Chub","Adult","Velocity",8.75570776255708,"J01-061_slice2","Yes"
"44",136,"Annual","slice1","J01-062","Chub","Adult","Velocity",0.684931506849315,"J01-062_slice1","Yes"
"45",137,"Annual","slice1","J01-070","Chub","Adult","Velocity",99.6803652968037,"J01-070_slice1","Yes"
"46",139,"Annual","slice2","J01-080","Chub","Adult","Velocity",95.9927140255009,"J01-080_slice2","Yes"
"47",142,"Annual","slice2","J01-090","Chub","Adult","Velocity",99.851598173516,"J01-090_slice2","Yes"
"48",144,"Annual","slice2","J01-091","Chub","Adult","Velocity",99.8173515981735,"J01-091_slice2","Yes"
"49",147,"Annual","slice2","J01-100","Chub","Adult","Velocity",99.9885844748858,"J01-100_slice2","Yes"
"50",150,"Annual","slice2","J03-010","Chub","Adult","Velocity",99.8744292237443,"J03-010_slice2","Yes"
"51",154,"Annual","slice3","J04-010","Chub","Adult","Velocity",99.3264840182648,"J04-010_slice3","Yes"
"52",156,"Annual","slice1","J05-010","Chub","Adult","Velocity",99.7374429223744,"J05-010_slice1","Yes"
"53",160,"Annual","slice1","J07-010","Chub","Adult","Velocity",57.0205479452055,"J07-010_slice1","Yes"
"54",164,"Annual","slice2","L01-060","Chub","Adult","Velocity",39.4520547945205,"L01-060_slice2","Yes"
"55",168,"Annual","slice3","L01-080","Chub","Adult","Velocity",98.9130434782609,"L01-080_slice3","Yes"
"56",171,"Annual","slice3","L01-100","Chub","Adult","Velocity",6.3013698630137,"L01-100_slice3","Yes"
"57",174,"Annual","slice2","L02-010","Chub","Adult","Velocity",100,"L02-010_slice2","Yes"
"58",176,"Annual","slice1","L02-020","Chub","Adult","Velocity",64.9315068493151,"L02-020_slice1","Yes"
"59",181,"Annual","slice3","L02-021","Chub","Adult","Velocity",67.1232876712329,"L02-021_slice3","Yes"
"60",188,"Annual","slice6","L02-022","Chub","Adult","Velocity",80.8219178082192,"L02-022_slice6","Yes"
"61",192,"Annual","slice4","L02-023","Chub","Adult","Velocity",71.7808219178082,"L02-023_slice4","Yes"
"62",194,"Annual","slice2","L02-030","Chub","Adult","Velocity",72.0547945205479,"L02-030_slice2","Yes"
"63",197,"Annual","slice2","L02-031","Chub","Adult","Velocity",80.8219178082192,"L02-031_slice2","Yes"
"64",203,"Annual","slice4","L02-040","Chub","Adult","Velocity",74.7945205479452,"L02-040_slice4","Yes"
"65",205,"Annual","slice2","L02-041","Chub","Adult","Velocity",21.9178082191781,"L02-041_slice2","Yes"
"66",209,"Annual","slice3","L02-050","Chub","Adult","Velocity",53.4246575342466,"L02-050_slice3","Yes"
"67",211,"Annual","slice2","L02-051","Chub","Adult","Velocity",35.3424657534247,"L02-051_slice2","Yes"
"68",213,"Annual","slice1","J01-010","Willow","Adult","StreamPower",100,"J01-010_slice1","Yes"
"69",214,"Annual","slice2","J01-010","Willow","Adult","StreamPower",100,"J01-010_slice2","Yes"
"70",215,"Annual","slice3","J01-010","Willow","Adult","StreamPower",100,"J01-010_slice3","Yes"
"71",216,"Annual","slice1","J01-020","Willow","Adult","StreamPower",100,"J01-020_slice1","Yes"
"72",217,"Annual","slice2","J01-020","Willow","Adult","StreamPower",100,"J01-020_slice2","Yes"
"73",218,"Annual","slice3","J01-020","Willow","Adult","StreamPower",100,"J01-020_slice3","Yes"
"74",219,"Annual","slice4","J01-020","Willow","Adult","StreamPower",100,"J01-020_slice4","Yes"
"75",220,"Annual","slice1","J01-030","Willow","Adult","StreamPower",100,"J01-030_slice1","Yes"
"76",221,"Annual","slice2","J01-030","Willow","Adult","StreamPower",100,"J01-030_slice2","Yes"
"77",222,"Annual","slice3","J01-030","Willow","Adult","StreamPower",100,"J01-030_slice3","Yes"
"78",223,"Annual","slice4","J01-030","Willow","Adult","StreamPower",100,"J01-030_slice4","Yes"
"79",224,"Annual","slice5","J01-030","Willow","Adult","StreamPower",100,"J01-030_slice5","Yes"
"80",225,"Annual","slice1","J01-031","Willow","Adult","StreamPower",100,"J01-031_slice1","Yes"
"81",226,"Annual","slice2","J01-031","Willow","Adult","StreamPower",100,"J01-031_slice2","Yes"
"82",227,"Annual","slice3","J01-031","Willow","Adult","StreamPower",100,"J01-031_slice3","Yes"
"83",228,"Annual","slice1","J01-040","Willow","Adult","StreamPower",100,"J01-040_slice1","Yes"
"84",229,"Annual","slice2","J01-040","Willow","Adult","StreamPower",100,"J01-040_slice2","Yes"
"85",230,"Annual","slice3","J01-040","Willow","Adult","StreamPower",100,"J01-040_slice3","Yes"
"86",231,"Annual","slice4","J01-040","Willow","Adult","StreamPower",100,"J01-040_slice4","Yes"
"87",232,"Annual","slice5","J01-040","Willow","Adult","StreamPower",100,"J01-040_slice5","Yes"
"88",233,"Annual","slice1","J01-041","Willow","Adult","StreamPower",100,"J01-041_slice1","Yes"
"89",234,"Annual","slice2","J01-041","Willow","Adult","StreamPower",100,"J01-041_slice2","Yes"
"90",235,"Annual","slice3","J01-041","Willow","Adult","StreamPower",100,"J01-041_slice3","Yes"
"91",236,"Annual","slice1","J01-060","Willow","Adult","StreamPower",100,"J01-060_slice1","Yes"
"92",237,"Annual","slice2","J01-060","Willow","Adult","StreamPower",100,"J01-060_slice2","Yes"
"93",238,"Annual","slice3","J01-060","Willow","Adult","StreamPower",100,"J01-060_slice3","Yes"
"94",239,"Annual","slice1","J01-061","Willow","Adult","StreamPower",100,"J01-061_slice1","Yes"
"95",240,"Annual","slice2","J01-061","Willow","Adult","StreamPower",100,"J01-061_slice2","Yes"
"96",241,"Annual","slice3","J01-061","Willow","Adult","StreamPower",100,"J01-061_slice3","Yes"
"97",242,"Annual","slice1","J01-062","Willow","Adult","StreamPower",100,"J01-062_slice1","Yes"
"98",243,"Annual","slice1","J01-070","Willow","Adult","StreamPower",100,"J01-070_slice1","Yes"
"99",244,"Annual","slice1","J01-080","Willow","Adult","StreamPower",100,"J01-080_slice1","Yes"
"100",245,"Annual","slice2","J01-080","Willow","Adult","StreamPower",100,"J01-080_slice2","Yes"
"101",246,"Annual","slice3","J01-080","Willow","Adult","StreamPower",100,"J01-080_slice3","Yes"
"102",247,"Annual","slice1","J01-090","Willow","Adult","StreamPower",100,"J01-090_slice1","Yes"
"103",248,"Annual","slice2","J01-090","Willow","Adult","StreamPower",100,"J01-090_slice2","Yes"
"104",249,"Annual","slice1","J01-091","Willow","Adult","StreamPower",100,"J01-091_slice1","Yes"
"105",250,"Annual","slice2","J01-091","Willow","Adult","StreamPower",100,"J01-091_slice2","Yes"
"106",251,"Annual","slice3","J01-091","Willow","Adult","StreamPower",100,"J01-091_slice3","Yes"
"107",252,"Annual","slice1","J01-100","Willow","Adult","StreamPower",100,"J01-100_slice1","Yes"
"108",253,"Annual","slice2","J01-100","Willow","Adult","StreamPower",100,"J01-100_slice2","Yes"
"109",254,"Annual","slice3","J01-100","Willow","Adult","StreamPower",100,"J01-100_slice3","Yes"
"110",255,"Annual","slice1","J03-010","Willow","Adult","StreamPower",100,"J03-010_slice1","Yes"
"111",256,"Annual","slice2","J03-010","Willow","Adult","StreamPower",100,"J03-010_slice2","Yes"
"112",257,"Annual","slice3","J03-010","Willow","Adult","StreamPower",100,"J03-010_slice3","Yes"
"113",258,"Annual","slice1","J04-010","Willow","Adult","StreamPower",100,"J04-010_slice1","Yes"
"114",259,"Annual","slice2","J04-010","Willow","Adult","StreamPower",100,"J04-010_slice2","Yes"
"115",260,"Annual","slice3","J04-010","Willow","Adult","StreamPower",100,"J04-010_slice3","Yes"
"116",261,"Annual","slice4","J04-010","Willow","Adult","StreamPower",100,"J04-010_slice4","Yes"
"117",262,"Annual","slice1","J05-010","Willow","Adult","StreamPower",100,"J05-010_slice1","Yes"
"118",263,"Annual","slice2","J05-010","Willow","Adult","StreamPower",100,"J05-010_slice2","Yes"
"119",264,"Annual","slice3","J05-010","Willow","Adult","StreamPower",100,"J05-010_slice3","Yes"
"120",265,"Annual","slice4","J05-010","Willow","Adult","StreamPower",100,"J05-010_slice4","Yes"
"121",266,"Annual","slice1","J07-010","Willow","Adult","StreamPower",100,"J07-010_slice1","Yes"
"122",267,"Annual","slice2","J07-010","Willow","Adult","StreamPower",100,"J07-010_slice2","Yes"
"123",268,"Annual","slice3","J07-010","Willow","Adult","StreamPower",100,"J07-010_slice3","Yes"
"124",269,"Annual","slice1","L01-060","Willow","Adult","StreamPower",100,"L01-060_slice1","Yes"
"125",270,"Annual","slice2","L01-060","Willow","Adult","StreamPower",100,"L01-060_slice2","Yes"
"126",271,"Annual","slice3","L01-060","Willow","Adult","StreamPower",100,"L01-060_slice3","Yes"
"127",272,"Annual","slice1","L01-080","Willow","Adult","StreamPower",100,"L01-080_slice1","Yes"
"128",273,"Annual","slice2","L01-080","Willow","Adult","StreamPower",100,"L01-080_slice2","Yes"
"129",274,"Annual","slice3","L01-080","Willow","Adult","StreamPower",100,"L01-080_slice3","Yes"
"130",275,"Annual","slice1","L01-100","Willow","Adult","StreamPower",100,"L01-100_slice1","Yes"
"131",276,"Annual","slice2","L01-100","Willow","Adult","StreamPower",100,"L01-100_slice2","Yes"
"132",277,"Annual","slice3","L01-100","Willow","Adult","StreamPower",100,"L01-100_slice3","Yes"
"133",278,"Annual","slice4","L01-100","Willow","Adult","StreamPower",100,"L01-100_slice4","Yes"
"134",279,"Annual","slice1","L02-010","Willow","Adult","StreamPower",100,"L02-010_slice1","Yes"
"135",280,"Annual","slice2","L02-010","Willow","Adult","StreamPower",100,"L02-010_slice2","Yes"
"136",281,"Annual","slice3","L02-010","Willow","Adult","StreamPower",100,"L02-010_slice3","Yes"
"137",282,"Annual","slice1","L02-020","Willow","Adult","StreamPower",100,"L02-020_slice1","Yes"
"138",283,"Annual","slice2","L02-020","Willow","Adult","StreamPower",100,"L02-020_slice2","Yes"
"139",284,"Annual","slice3","L02-020","Willow","Adult","StreamPower",100,"L02-020_slice3","Yes"
"140",285,"Annual","slice1","L02-021","Willow","Adult","StreamPower",100,"L02-021_slice1","Yes"
"141",286,"Annual","slice2","L02-021","Willow","Adult","StreamPower",100,"L02-021_slice2","Yes"
"142",287,"Annual","slice3","L02-021","Willow","Adult","StreamPower",100,"L02-021_slice3","Yes"
"143",288,"Annual","slice4","L02-021","Willow","Adult","StreamPower",100,"L02-021_slice4","Yes"
"144",289,"Annual","slice1","L02-022","Willow","Adult","StreamPower",100,"L02-022_slice1","Yes"
"145",290,"Annual","slice2","L02-022","Willow","Adult","StreamPower",100,"L02-022_slice2","Yes"
"146",291,"Annual","slice3","L02-022","Willow","Adult","StreamPower",100,"L02-022_slice3","Yes"
"147",292,"Annual","slice4","L02-022","Willow","Adult","StreamPower",100,"L02-022_slice4","Yes"
"148",293,"Annual","slice5","L02-022","Willow","Adult","StreamPower",100,"L02-022_slice5","Yes"
"149",294,"Annual","slice6","L02-022","Willow","Adult","StreamPower",100,"L02-022_slice6","Yes"
"150",295,"Annual","slice1","L02-023","Willow","Adult","StreamPower",100,"L02-023_slice1","Yes"
"151",296,"Annual","slice2","L02-023","Willow","Adult","StreamPower",100,"L02-023_slice2","Yes"
"152",297,"Annual","slice3","L02-023","Willow","Adult","StreamPower",100,"L02-023_slice3","Yes"
"153",298,"Annual","slice4","L02-023","Willow","Adult","StreamPower",100,"L02-023_slice4","Yes"
"154",299,"Annual","slice1","L02-030","Willow","Adult","StreamPower",100,"L02-030_slice1","Yes"
"155",300,"Annual","slice2","L02-030","Willow","Adult","StreamPower",100,"L02-030_slice2","Yes"
"156",301,"Annual","slice3","L02-030","Willow","Adult","StreamPower",100,"L02-030_slice3","Yes"
"157",302,"Annual","slice1","L02-031","Willow","Adult","StreamPower",100,"L02-031_slice1","Yes"
"158",303,"Annual","slice2","L02-031","Willow","Adult","StreamPower",100,"L02-031_slice2","Yes"
"159",304,"Annual","slice3","L02-031","Willow","Adult","StreamPower",100,"L02-031_slice3","Yes"
"160",305,"Annual","slice4","L02-031","Willow","Adult","StreamPower",100,"L02-031_slice4","Yes"
"161",306,"Annual","slice1","L02-040","Willow","Adult","StreamPower",100,"L02-040_slice1","Yes"
"162",307,"Annual","slice2","L02-040","Willow","Adult","StreamPower",100,"L02-040_slice2","Yes"
"163",308,"Annual","slice3","L02-040","Willow","Adult","StreamPower",100,"L02-040_slice3","Yes"
"164",309,"Annual","slice4","L02-040","Willow","Adult","StreamPower",100,"L02-040_slice4","Yes"
"165",310,"Annual","slice1","L02-041","Willow","Adult","StreamPower",100,"L02-041_slice1","Yes"
"166",311,"Annual","slice2","L02-041","Willow","Adult","StreamPower",100,"L02-041_slice2","Yes"
"167",312,"Annual","slice3","L02-041","Willow","Adult","StreamPower",100,"L02-041_slice3","Yes"
"168",313,"Annual","slice1","L02-050","Willow","Adult","StreamPower",100,"L02-050_slice1","Yes"
"169",314,"Annual","slice2","L02-050","Willow","Adult","StreamPower",100,"L02-050_slice2","Yes"
"170",315,"Annual","slice3","L02-050","Willow","Adult","StreamPower",100,"L02-050_slice3","Yes"
"171",316,"Annual","slice1","L02-051","Willow","Adult","StreamPower",100,"L02-051_slice1","Yes"
"172",317,"Annual","slice2","L02-051","Willow","Adult","StreamPower",100,"L02-051_slice2","Yes"
"173",318,"Annual","slice3","L02-051","Willow","Adult","StreamPower",100,"L02-051_slice3","Yes"
"174",320,"critical","slice2","J01-010","Willow","Seedling","Depth",1.77595628415301,"J01-010_slice2","Yes"
"175",324,"critical","slice3","J01-020","Willow","Seedling","Depth",2.98269581056466,"J01-020_slice3","Yes"
"176",328,"critical","slice3","J01-030","Willow","Seedling","Depth",0.159380692167577,"J01-030_slice3","Yes"
"177",332,"critical","slice2","J01-031","Willow","Seedling","Depth",0.0455373406193078,"J01-031_slice2","Yes"
"178",337,"critical","slice4","J01-040","Willow","Seedling","Depth",2.41347905282332,"J01-040_slice4","Yes"
"179",340,"critical","slice2","J01-041","Willow","Seedling","Depth",1.1384335154827,"J01-041_slice2","Yes"
"180",343,"critical","slice2","J01-060","Willow","Seedling","Depth",1.11566484517304,"J01-060_slice2","Yes"
"181",346,"critical","slice2","J01-061","Willow","Seedling","Depth",0.478142076502732,"J01-061_slice2","Yes"
"182",348,"critical","slice1","J01-062","Willow","Seedling","Depth",0.0455373406193078,"J01-062_slice1","Yes"
"183",349,"critical","slice1","J01-070","Willow","Seedling","Depth",0.295992714025501,"J01-070_slice1","Yes"
"184",351,"critical","slice2","J01-080","Willow","Seedling","Depth",0.204918032786885,"J01-080_slice2","Yes"
"185",354,"critical","slice2","J01-090","Willow","Seedling","Depth",0.546448087431694,"J01-090_slice2","Yes"
"186",356,"critical","slice2","J01-091","Willow","Seedling","Depth",0.11384335154827,"J01-091_slice2","Yes"
"187",358,"critical","slice1","J01-100","Willow","Seedling","Depth",0.0227686703096539,"J01-100_slice1","Yes"
"188",359,"critical","slice2","J01-100","Willow","Seedling","Depth",0.0227686703096539,"J01-100_slice2","Yes"
"189",362,"critical","slice2","J03-010","Willow","Seedling","Depth",0.842440801457195,"J03-010_slice2","Yes"
"190",366,"critical","slice3","J04-010","Willow","Seedling","Depth",1.00182149362477,"J04-010_slice3","Yes"
"191",368,"critical","slice1","J05-010","Willow","Seedling","Depth",0.159380692167577,"J05-010_slice1","Yes"
"192",372,"critical","slice1","J07-010","Willow","Seedling","Depth",0.0455373406193078,"J07-010_slice1","Yes"
"193",374,"critical","slice3","J07-010","Willow","Seedling","Depth",0.0455373406193078,"J07-010_slice3","Yes"
"194",376,"critical","slice2","L01-060","Willow","Seedling","Depth",1.63934426229508,"L01-060_slice2","Yes"
"195",380,"critical","slice3","L01-080","Willow","Seedling","Depth",1.09289617486339,"L01-080_slice3","Yes"
"196",381,"critical","slice1","L01-100","Willow","Seedling","Depth",0,"L01-100_slice1","Yes"
"197",382,"critical","slice2","L01-100","Willow","Seedling","Depth",0,"L01-100_slice2","Yes"
"198",383,"critical","slice3","L01-100","Willow","Seedling","Depth",0,"L01-100_slice3","Yes"
"199",384,"critical","slice4","L01-100","Willow","Seedling","Depth",0,"L01-100_slice4","Yes"
"200",386,"critical","slice2","L02-010","Willow","Seedling","Depth",1.63934426229508,"L02-010_slice2","Yes"
"201",388,"critical","slice1","L02-020","Willow","Seedling","Depth",2.18579234972678,"L02-020_slice1","Yes"
"202",393,"critical","slice3","L02-021","Willow","Seedling","Depth",2.73224043715847,"L02-021_slice3","Yes"
"203",395,"critical","slice1","L02-022","Willow","Seedling","Depth",0,"L02-022_slice1","Yes"
"204",396,"critical","slice2","L02-022","Willow","Seedling","Depth",0,"L02-022_slice2","Yes"
"205",397,"critical","slice3","L02-022","Willow","Seedling","Depth",0,"L02-022_slice3","Yes"
"206",398,"critical","slice4","L02-022","Willow","Seedling","Depth",0,"L02-022_slice4","Yes"
"207",399,"critical","slice5","L02-022","Willow","Seedling","Depth",0,"L02-022_slice5","Yes"
"208",400,"critical","slice6","L02-022","Willow","Seedling","Depth",0,"L02-022_slice6","Yes"
"209",404,"critical","slice4","L02-023","Willow","Seedling","Depth",2.18579234972678,"L02-023_slice4","Yes"
"210",406,"critical","slice2","L02-030","Willow","Seedling","Depth",0.546448087431694,"L02-030_slice2","Yes"
"211",411,"critical","slice4","L02-031","Willow","Seedling","Depth",0.546448087431694,"L02-031_slice4","Yes"
"212",415,"critical","slice4","L02-040","Willow","Seedling","Depth",0.546448087431694,"L02-040_slice4","Yes"
"213",416,"critical","slice1","L02-041","Willow","Seedling","Depth",0,"L02-041_slice1","Yes"
"214",417,"critical","slice2","L02-041","Willow","Seedling","Depth",0,"L02-041_slice2","Yes"
"215",418,"critical","slice3","L02-041","Willow","Seedling","Depth",0,"L02-041_slice3","Yes"
"216",421,"critical","slice3","L02-050","Willow","Seedling","Depth",1.09289617486339,"L02-050_slice3","Yes"
"217",422,"critical","slice1","L02-051","Willow","Seedling","Depth",0,"L02-051_slice1","Yes"
"218",423,"critical","slice2","L02-051","Willow","Seedling","Depth",0,"L02-051_slice2","Yes"
"219",424,"critical","slice3","L02-051","Willow","Seedling","Depth",0,"L02-051_slice3","Yes"
"220",426,"critical","slice2","J01-010","Willow","Seedling","Shear Stress",100,"J01-010_slice2","Yes"
"221",431,"critical","slice4","J01-020","Willow","Seedling","Shear Stress",85.9744990892532,"J01-020_slice4","Yes"
"222",435,"critical","slice4","J01-030","Willow","Seedling","Shear Stress",0.910746812386157,"J01-030_slice4","Yes"
"223",437,"critical","slice1","J01-031","Willow","Seedling","Shear Stress",0.796903460837887,"J01-031_slice1","Yes"
"224",441,"critical","slice2","J01-040","Willow","Seedling","Shear Stress",100,"J01-040_slice2","Yes"
"225",447,"critical","slice3","J01-041","Willow","Seedling","Shear Stress",0.591985428051002,"J01-041_slice3","Yes"
"226",448,"critical","slice1","J01-060","Willow","Seedling","Shear Stress",2.3224043715847,"J01-060_slice1","Yes"
"227",452,"critical","slice2","J01-061","Willow","Seedling","Shear Stress",57.9007285974499,"J01-061_slice2","Yes"
"228",454,"critical","slice1","J01-062","Willow","Seedling","Shear Stress",0.182149362477231,"J01-062_slice1","Yes"
"229",455,"critical","slice1","J01-070","Willow","Seedling","Shear Stress",0,"J01-070_slice1","Yes"
"230",456,"critical","slice1","J01-080","Willow","Seedling","Shear Stress",0.136612021857924,"J01-080_slice1","Yes"
"231",458,"critical","slice3","J01-080","Willow","Seedling","Shear Stress",0.136612021857924,"J01-080_slice3","Yes"
"232",459,"critical","slice1","J01-090","Willow","Seedling","Shear Stress",0,"J01-090_slice1","Yes"
"233",460,"critical","slice2","J01-090","Willow","Seedling","Shear Stress",0,"J01-090_slice2","Yes"
"234",461,"critical","slice1","J01-091","Willow","Seedling","Shear Stress",0,"J01-091_slice1","Yes"
"235",462,"critical","slice2","J01-091","Willow","Seedling","Shear Stress",0,"J01-091_slice2","Yes"
"236",463,"critical","slice3","J01-091","Willow","Seedling","Shear Stress",0,"J01-091_slice3","Yes"
"237",464,"critical","slice1","J01-100","Willow","Seedling","Shear Stress",1.4344262295082,"J01-100_slice1","Yes"
"238",467,"critical","slice1","J03-010","Willow","Seedling","Shear Stress",0.933515482695811,"J03-010_slice1","Yes"
"239",469,"critical","slice3","J03-010","Willow","Seedling","Shear Stress",0.933515482695811,"J03-010_slice3","Yes"
"240",470,"critical","slice1","J04-010","Willow","Seedling","Shear Stress",19.7176684881603,"J04-010_slice1","Yes"
"241",475,"critical","slice2","J05-010","Willow","Seedling","Shear Stress",0.683060109289617,"J05-010_slice2","Yes"
"242",480,"critical","slice3","J07-010","Willow","Seedling","Shear Stress",0.819672131147541,"J07-010_slice3","Yes"
"243",482,"critical","slice2","L01-060","Willow","Seedling","Shear Stress",59.0163934426229,"L01-060_slice2","Yes"
"244",485,"critical","slice2","L01-080","Willow","Seedling","Shear Stress",2.73224043715847,"L01-080_slice2","Yes"
"245",489,"critical","slice3","L01-100","Willow","Seedling","Shear Stress",26.2295081967213,"L01-100_slice3","Yes"
"246",492,"critical","slice2","L02-010","Willow","Seedling","Shear Stress",100,"L02-010_slice2","Yes"
"247",494,"critical","slice1","L02-020","Willow","Seedling","Shear Stress",89.0710382513661,"L02-020_slice1","Yes"
"248",499,"critical","slice3","L02-021","Willow","Seedling","Shear Stress",90.7103825136612,"L02-021_slice3","Yes"
"249",506,"critical","slice6","L02-022","Willow","Seedling","Shear Stress",93.9890710382514,"L02-022_slice6","Yes"
"250",510,"critical","slice4","L02-023","Willow","Seedling","Shear Stress",97.8142076502732,"L02-023_slice4","Yes"
"251",512,"critical","slice2","L02-030","Willow","Seedling","Shear Stress",92.896174863388,"L02-030_slice2","Yes"
"252",515,"critical","slice2","L02-031","Willow","Seedling","Shear Stress",100,"L02-031_slice2","Yes"
"253",521,"critical","slice4","L02-040","Willow","Seedling","Shear Stress",94.5355191256831,"L02-040_slice4","Yes"
"254",523,"critical","slice2","L02-041","Willow","Seedling","Shear Stress",2.18579234972678,"L02-041_slice2","Yes"
"255",526,"critical","slice2","L02-050","Willow","Seedling","Shear Stress",80.8743169398907,"L02-050_slice2","Yes"
"256",527,"critical","slice3","L02-050","Willow","Seedling","Shear Stress",80.8743169398907,"L02-050_slice3","Yes"
"257",529,"critical","slice2","L02-051","Willow","Seedling","Shear Stress",53.551912568306,"L02-051_slice2","Yes"
"258",532,"critical","slice2","J01-010","Willow","Germination","Depth",100,"J01-010_slice2","Yes"
"259",536,"critical","slice3","J01-020","Willow","Germination","Depth",100,"J01-020_slice3","Yes"
"260",540,"critical","slice3","J01-030","Willow","Germination","Depth",2.3224043715847,"J01-030_slice3","Yes"
"261",544,"critical","slice2","J01-031","Willow","Germination","Depth",0.683060109289617,"J01-031_slice2","Yes"
"262",549,"critical","slice4","J01-040","Willow","Germination","Depth",100,"J01-040_slice4","Yes"
"263",552,"critical","slice2","J01-041","Willow","Germination","Depth",59.7905282331512,"J01-041_slice2","Yes"
"264",555,"critical","slice2","J01-060","Willow","Germination","Depth",100,"J01-060_slice2","Yes"
"265",558,"critical","slice2","J01-061","Willow","Germination","Depth",1.79872495446266,"J01-061_slice2","Yes"
"266",560,"critical","slice1","J01-062","Willow","Germination","Depth",0.11384335154827,"J01-062_slice1","Yes"
"267",561,"critical","slice1","J01-070","Willow","Germination","Depth",3.5063752276867,"J01-070_slice1","Yes"
"268",563,"critical","slice2","J01-080","Willow","Germination","Depth",3.32422586520947,"J01-080_slice2","Yes"
"269",566,"critical","slice2","J01-090","Willow","Germination","Depth",4.73588342440801,"J01-090_slice2","Yes"
"270",568,"critical","slice2","J01-091","Willow","Germination","Depth",1.68488160291439,"J01-091_slice2","Yes"
"271",571,"critical","slice2","J01-100","Willow","Germination","Depth",0.865209471766849,"J01-100_slice2","Yes"
"272",574,"critical","slice2","J03-010","Willow","Germination","Depth",100,"J03-010_slice2","Yes"
"273",578,"critical","slice3","J04-010","Willow","Germination","Depth",100,"J04-010_slice3","Yes"
"274",580,"critical","slice1","J05-010","Willow","Germination","Depth",2.04918032786885,"J05-010_slice1","Yes"
"275",584,"critical","slice1","J07-010","Willow","Germination","Depth",0.546448087431694,"J07-010_slice1","Yes"
"276",588,"critical","slice2","L01-060","Willow","Germination","Depth",4.37158469945355,"L01-060_slice2","Yes"
"277",592,"critical","slice3","L01-080","Willow","Germination","Depth",3.27868852459016,"L01-080_slice3","Yes"
"278",595,"critical","slice3","L01-100","Willow","Germination","Depth",1.09289617486339,"L01-100_slice3","Yes"
"279",598,"critical","slice2","L02-010","Willow","Germination","Depth",18.5792349726776,"L02-010_slice2","Yes"
"280",600,"critical","slice1","L02-020","Willow","Germination","Depth",74.3169398907104,"L02-020_slice1","Yes"
"281",605,"critical","slice3","L02-021","Willow","Germination","Depth",61.2021857923497,"L02-021_slice3","Yes"
"282",612,"critical","slice6","L02-022","Willow","Germination","Depth",14.207650273224,"L02-022_slice6","Yes"
"283",616,"critical","slice4","L02-023","Willow","Germination","Depth",51.9125683060109,"L02-023_slice4","Yes"
"284",618,"critical","slice2","L02-030","Willow","Germination","Depth",18.0327868852459,"L02-030_slice2","Yes"
"285",621,"critical","slice2","L02-031","Willow","Germination","Depth",71.5846994535519,"L02-031_slice2","Yes"
"286",627,"critical","slice4","L02-040","Willow","Germination","Depth",27.3224043715847,"L02-040_slice4","Yes"
"287",629,"critical","slice2","L02-041","Willow","Germination","Depth",1.63934426229508,"L02-041_slice2","Yes"
"288",633,"critical","slice3","L02-050","Willow","Germination","Depth",34.9726775956284,"L02-050_slice3","Yes"
"289",635,"critical","slice2","L02-051","Willow","Germination","Depth",2.18579234972678,"L02-051_slice2","Yes"
