"","X","Species","Life_Stage","Hydraulic","TimePeriod","position","Node","Overall_Class","pos_code","sp_code","ClassOrder","Check_Class"
"1",1,"Chub","Adult","Depth","Annual","slice1","J01-010","Low","J01-010_slice1","Chub_Adult","1","Low"
"2",107,"Chub","Adult","Velocity","Annual","slice1","J01-010","Low","J01-010_slice1","Chub_Adult","1","Low"
"3",213,"Willow","Adult","StreamPower","Annual","slice1","J01-010","High","J01-010_slice1","Willow_Adult","3","High"
"4",319,"Willow","Germination","Depth","critical","slice1","J01-010","Low","J01-010_slice1","Willow_Germination","1","Low"
"5",425,"Willow","Seedling","Depth","critical","slice1","J01-010","High","J01-010_slice1","Willow_Seedling","3","High"
"6",531,"Willow","Seedling","Shear Stress","critical","slice1","J01-010","High","J01-010_slice1","Willow_Seedling","3","High"
"7",2,"Chub","Adult","Depth","Annual","slice1","J01-020","Low","J01-020_slice1","Chub_Adult","1","Low"
"8",108,"Chub","Adult","Velocity","Annual","slice1","J01-020","Low","J01-020_slice1","Chub_Adult","1","Low"
"9",214,"Willow","Adult","StreamPower","Annual","slice1","J01-020","High","J01-020_slice1","Willow_Adult","3","High"
"10",320,"Willow","Germination","Depth","critical","slice1","J01-020","Low","J01-020_slice1","Willow_Germination","1","Low"
"11",426,"Willow","Seedling","Depth","critical","slice1","J01-020","High","J01-020_slice1","Willow_Seedling","3","High"
"12",532,"Willow","Seedling","Shear Stress","critical","slice1","J01-020","High","J01-020_slice1","Willow_Seedling","3","High"
"13",3,"Chub","Adult","Depth","Annual","slice1","J01-030","Low","J01-030_slice1","Chub_Adult","1","Low"
"14",109,"Chub","Adult","Velocity","Annual","slice1","J01-030","Low","J01-030_slice1","Chub_Adult","1","Low"
"15",215,"Willow","Adult","StreamPower","Annual","slice1","J01-030","High","J01-030_slice1","Willow_Adult","3","High"
"16",321,"Willow","Germination","Depth","critical","slice1","J01-030","Low","J01-030_slice1","Willow_Germination","1","Low"
"17",427,"Willow","Seedling","Depth","critical","slice1","J01-030","High","J01-030_slice1","Willow_Seedling","3","High"
"18",533,"Willow","Seedling","Shear Stress","critical","slice1","J01-030","High","J01-030_slice1","Willow_Seedling","3","High"
"19",4,"Chub","Adult","Depth","Annual","slice1","J01-031","Low","J01-031_slice1","Chub_Adult","1","Low"
"20",110,"Chub","Adult","Velocity","Annual","slice1","J01-031","Low","J01-031_slice1","Chub_Adult","1","Low"
"21",216,"Willow","Adult","StreamPower","Annual","slice1","J01-031","High","J01-031_slice1","Willow_Adult","3","High"
"22",322,"Willow","Germination","Depth","critical","slice1","J01-031","Low","J01-031_slice1","Willow_Germination","1","Low"
"23",428,"Willow","Seedling","Depth","critical","slice1","J01-031","High","J01-031_slice1","Willow_Seedling","3","High"
"24",534,"Willow","Seedling","Shear Stress","critical","slice1","J01-031","High","J01-031_slice1","Willow_Seedling","3","High"
"25",5,"Chub","Adult","Depth","Annual","slice1","J01-040","Low","J01-040_slice1","Chub_Adult","1","Low"
"26",111,"Chub","Adult","Velocity","Annual","slice1","J01-040","Low","J01-040_slice1","Chub_Adult","1","Low"
"27",217,"Willow","Adult","StreamPower","Annual","slice1","J01-040","High","J01-040_slice1","Willow_Adult","3","High"
"28",323,"Willow","Germination","Depth","critical","slice1","J01-040","Low","J01-040_slice1","Willow_Germination","1","Low"
"29",429,"Willow","Seedling","Depth","critical","slice1","J01-040","High","J01-040_slice1","Willow_Seedling","3","High"
"30",535,"Willow","Seedling","Shear Stress","critical","slice1","J01-040","High","J01-040_slice1","Willow_Seedling","3","High"
"31",6,"Chub","Adult","Depth","Annual","slice1","J01-041","Low","J01-041_slice1","Chub_Adult","1","Low"
"32",112,"Chub","Adult","Velocity","Annual","slice1","J01-041","Low","J01-041_slice1","Chub_Adult","1","Low"
"33",218,"Willow","Adult","StreamPower","Annual","slice1","J01-041","High","J01-041_slice1","Willow_Adult","3","High"
"34",324,"Willow","Germination","Depth","critical","slice1","J01-041","Low","J01-041_slice1","Willow_Germination","1","Low"
"35",430,"Willow","Seedling","Depth","critical","slice1","J01-041","High","J01-041_slice1","Willow_Seedling","3","High"
"36",536,"Willow","Seedling","Shear Stress","critical","slice1","J01-041","High","J01-041_slice1","Willow_Seedling","3","High"
"37",7,"Chub","Adult","Depth","Annual","slice1","J01-060","Low","J01-060_slice1","Chub_Adult","1","Low"
"38",113,"Chub","Adult","Velocity","Annual","slice1","J01-060","Low","J01-060_slice1","Chub_Adult","1","Low"
"39",219,"Willow","Adult","StreamPower","Annual","slice1","J01-060","High","J01-060_slice1","Willow_Adult","3","High"
"40",325,"Willow","Germination","Depth","critical","slice1","J01-060","Low","J01-060_slice1","Willow_Germination","1","Low"
"41",431,"Willow","Seedling","Depth","critical","slice1","J01-060","High","J01-060_slice1","Willow_Seedling","3","High"
"42",537,"Willow","Seedling","Shear Stress","critical","slice1","J01-060","High","J01-060_slice1","Willow_Seedling","3","High"
"43",8,"Chub","Adult","Depth","Annual","slice1","J01-061","Low","J01-061_slice1","Chub_Adult","1","Low"
"44",114,"Chub","Adult","Velocity","Annual","slice1","J01-061","Low","J01-061_slice1","Chub_Adult","1","Low"
"45",220,"Willow","Adult","StreamPower","Annual","slice1","J01-061","High","J01-061_slice1","Willow_Adult","3","High"
"46",326,"Willow","Germination","Depth","critical","slice1","J01-061","Low","J01-061_slice1","Willow_Germination","1","Low"
"47",432,"Willow","Seedling","Depth","critical","slice1","J01-061","High","J01-061_slice1","Willow_Seedling","3","High"
"48",538,"Willow","Seedling","Shear Stress","critical","slice1","J01-061","High","J01-061_slice1","Willow_Seedling","3","High"
"49",9,"Chub","Adult","Depth","Annual","slice1","J01-062","Low","J01-062_slice1","Chub_Adult","1","Low"
"50",115,"Chub","Adult","Velocity","Annual","slice1","J01-062","Low","J01-062_slice1","Chub_Adult","1","Low"
"51",221,"Willow","Adult","StreamPower","Annual","slice1","J01-062","High","J01-062_slice1","Willow_Adult","3","High"
"52",327,"Willow","Germination","Depth","critical","slice1","J01-062","Low","J01-062_slice1","Willow_Germination","1","Low"
"53",433,"Willow","Seedling","Depth","critical","slice1","J01-062","High","J01-062_slice1","Willow_Seedling","3","High"
"54",539,"Willow","Seedling","Shear Stress","critical","slice1","J01-062","High","J01-062_slice1","Willow_Seedling","3","High"
"55",10,"Chub","Adult","Depth","Annual","slice1","J01-070","Low","J01-070_slice1","Chub_Adult","1","Low"
"56",116,"Chub","Adult","Velocity","Annual","slice1","J01-070","High","J01-070_slice1","Chub_Adult","3","Low"
"57",222,"Willow","Adult","StreamPower","Annual","slice1","J01-070","High","J01-070_slice1","Willow_Adult","3","High"
"58",328,"Willow","Germination","Depth","critical","slice1","J01-070","Low","J01-070_slice1","Willow_Germination","1","Low"
"59",434,"Willow","Seedling","Depth","critical","slice1","J01-070","High","J01-070_slice1","Willow_Seedling","3","High"
"60",540,"Willow","Seedling","Shear Stress","critical","slice1","J01-070","High","J01-070_slice1","Willow_Seedling","3","High"
"61",11,"Chub","Adult","Depth","Annual","slice1","J01-080","Low","J01-080_slice1","Chub_Adult","1","Low"
"62",117,"Chub","Adult","Velocity","Annual","slice1","J01-080","Low","J01-080_slice1","Chub_Adult","1","Low"
"63",223,"Willow","Adult","StreamPower","Annual","slice1","J01-080","High","J01-080_slice1","Willow_Adult","3","High"
"64",329,"Willow","Germination","Depth","critical","slice1","J01-080","Low","J01-080_slice1","Willow_Germination","1","Low"
"65",435,"Willow","Seedling","Depth","critical","slice1","J01-080","High","J01-080_slice1","Willow_Seedling","3","High"
"66",541,"Willow","Seedling","Shear Stress","critical","slice1","J01-080","High","J01-080_slice1","Willow_Seedling","3","High"
"67",12,"Chub","Adult","Depth","Annual","slice1","J01-090","Low","J01-090_slice1","Chub_Adult","1","Low"
"68",118,"Chub","Adult","Velocity","Annual","slice1","J01-090","Low","J01-090_slice1","Chub_Adult","1","Low"
"69",224,"Willow","Adult","StreamPower","Annual","slice1","J01-090","High","J01-090_slice1","Willow_Adult","3","High"
"70",330,"Willow","Germination","Depth","critical","slice1","J01-090","Low","J01-090_slice1","Willow_Germination","1","Low"
"71",436,"Willow","Seedling","Depth","critical","slice1","J01-090","High","J01-090_slice1","Willow_Seedling","3","High"
"72",542,"Willow","Seedling","Shear Stress","critical","slice1","J01-090","High","J01-090_slice1","Willow_Seedling","3","High"
"73",13,"Chub","Adult","Depth","Annual","slice1","J01-091","Low","J01-091_slice1","Chub_Adult","1","Low"
"74",119,"Chub","Adult","Velocity","Annual","slice1","J01-091","Low","J01-091_slice1","Chub_Adult","1","Low"
"75",225,"Willow","Adult","StreamPower","Annual","slice1","J01-091","High","J01-091_slice1","Willow_Adult","3","High"
"76",331,"Willow","Germination","Depth","critical","slice1","J01-091","Low","J01-091_slice1","Willow_Germination","1","Low"
"77",437,"Willow","Seedling","Depth","critical","slice1","J01-091","High","J01-091_slice1","Willow_Seedling","3","High"
"78",543,"Willow","Seedling","Shear Stress","critical","slice1","J01-091","High","J01-091_slice1","Willow_Seedling","3","High"
"79",14,"Chub","Adult","Depth","Annual","slice1","J01-100","Low","J01-100_slice1","Chub_Adult","1","Low"
"80",120,"Chub","Adult","Velocity","Annual","slice1","J01-100","Low","J01-100_slice1","Chub_Adult","1","Low"
"81",226,"Willow","Adult","StreamPower","Annual","slice1","J01-100","High","J01-100_slice1","Willow_Adult","3","High"
"82",332,"Willow","Germination","Depth","critical","slice1","J01-100","Low","J01-100_slice1","Willow_Germination","1","Low"
"83",438,"Willow","Seedling","Depth","critical","slice1","J01-100","High","J01-100_slice1","Willow_Seedling","3","High"
"84",544,"Willow","Seedling","Shear Stress","critical","slice1","J01-100","High","J01-100_slice1","Willow_Seedling","3","High"
"85",15,"Chub","Adult","Depth","Annual","slice1","J03-010","Low","J03-010_slice1","Chub_Adult","1","Low"
"86",121,"Chub","Adult","Velocity","Annual","slice1","J03-010","Low","J03-010_slice1","Chub_Adult","1","Low"
"87",227,"Willow","Adult","StreamPower","Annual","slice1","J03-010","High","J03-010_slice1","Willow_Adult","3","High"
"88",333,"Willow","Germination","Depth","critical","slice1","J03-010","Low","J03-010_slice1","Willow_Germination","1","Low"
"89",439,"Willow","Seedling","Depth","critical","slice1","J03-010","High","J03-010_slice1","Willow_Seedling","3","High"
"90",545,"Willow","Seedling","Shear Stress","critical","slice1","J03-010","High","J03-010_slice1","Willow_Seedling","3","High"
"91",16,"Chub","Adult","Depth","Annual","slice1","J04-010","Low","J04-010_slice1","Chub_Adult","1","Low"
"92",122,"Chub","Adult","Velocity","Annual","slice1","J04-010","Low","J04-010_slice1","Chub_Adult","1","Low"
"93",228,"Willow","Adult","StreamPower","Annual","slice1","J04-010","High","J04-010_slice1","Willow_Adult","3","High"
"94",334,"Willow","Germination","Depth","critical","slice1","J04-010","Low","J04-010_slice1","Willow_Germination","1","Low"
"95",440,"Willow","Seedling","Depth","critical","slice1","J04-010","High","J04-010_slice1","Willow_Seedling","3","High"
"96",546,"Willow","Seedling","Shear Stress","critical","slice1","J04-010","High","J04-010_slice1","Willow_Seedling","3","High"
"97",17,"Chub","Adult","Depth","Annual","slice1","J05-010","Low","J05-010_slice1","Chub_Adult","1","Low"
"98",123,"Chub","Adult","Velocity","Annual","slice1","J05-010","Low","J05-010_slice1","Chub_Adult","1","Low"
"99",229,"Willow","Adult","StreamPower","Annual","slice1","J05-010","High","J05-010_slice1","Willow_Adult","3","High"
"100",335,"Willow","Germination","Depth","critical","slice1","J05-010","Low","J05-010_slice1","Willow_Germination","1","Low"
"101",441,"Willow","Seedling","Depth","critical","slice1","J05-010","High","J05-010_slice1","Willow_Seedling","3","High"
"102",547,"Willow","Seedling","Shear Stress","critical","slice1","J05-010","High","J05-010_slice1","Willow_Seedling","3","High"
"103",18,"Chub","Adult","Depth","Annual","slice1","J07-010","Low","J07-010_slice1","Chub_Adult","1","Low"
"104",124,"Chub","Adult","Velocity","Annual","slice1","J07-010","Low","J07-010_slice1","Chub_Adult","1","Low"
"105",230,"Willow","Adult","StreamPower","Annual","slice1","J07-010","High","J07-010_slice1","Willow_Adult","3","High"
"106",336,"Willow","Germination","Depth","critical","slice1","J07-010","Low","J07-010_slice1","Willow_Germination","1","Low"
"107",442,"Willow","Seedling","Depth","critical","slice1","J07-010","High","J07-010_slice1","Willow_Seedling","3","High"
"108",548,"Willow","Seedling","Shear Stress","critical","slice1","J07-010","High","J07-010_slice1","Willow_Seedling","3","High"
"109",19,"Chub","Adult","Depth","Annual","slice1","L01-060","Low","L01-060_slice1","Chub_Adult","1","Low"
"110",125,"Chub","Adult","Velocity","Annual","slice1","L01-060","Low","L01-060_slice1","Chub_Adult","1","Low"
"111",231,"Willow","Adult","StreamPower","Annual","slice1","L01-060","High","L01-060_slice1","Willow_Adult","3","High"
"112",337,"Willow","Germination","Depth","critical","slice1","L01-060","Low","L01-060_slice1","Willow_Germination","1","Low"
"113",443,"Willow","Seedling","Depth","critical","slice1","L01-060","High","L01-060_slice1","Willow_Seedling","3","High"
"114",549,"Willow","Seedling","Shear Stress","critical","slice1","L01-060","High","L01-060_slice1","Willow_Seedling","3","High"
"115",20,"Chub","Adult","Depth","Annual","slice1","L01-080","Low","L01-080_slice1","Chub_Adult","1","Low"
"116",126,"Chub","Adult","Velocity","Annual","slice1","L01-080","Low","L01-080_slice1","Chub_Adult","1","Low"
"117",232,"Willow","Adult","StreamPower","Annual","slice1","L01-080","High","L01-080_slice1","Willow_Adult","3","High"
"118",338,"Willow","Germination","Depth","critical","slice1","L01-080","Low","L01-080_slice1","Willow_Germination","1","Low"
"119",444,"Willow","Seedling","Depth","critical","slice1","L01-080","High","L01-080_slice1","Willow_Seedling","3","High"
"120",550,"Willow","Seedling","Shear Stress","critical","slice1","L01-080","High","L01-080_slice1","Willow_Seedling","3","High"
"121",21,"Chub","Adult","Depth","Annual","slice1","L01-100","Low","L01-100_slice1","Chub_Adult","1","Low"
"122",127,"Chub","Adult","Velocity","Annual","slice1","L01-100","Low","L01-100_slice1","Chub_Adult","1","Low"
"123",233,"Willow","Adult","StreamPower","Annual","slice1","L01-100","High","L01-100_slice1","Willow_Adult","3","High"
"124",339,"Willow","Germination","Depth","critical","slice1","L01-100","Low","L01-100_slice1","Willow_Germination","1","Low"
"125",445,"Willow","Seedling","Depth","critical","slice1","L01-100","High","L01-100_slice1","Willow_Seedling","3","High"
"126",551,"Willow","Seedling","Shear Stress","critical","slice1","L01-100","High","L01-100_slice1","Willow_Seedling","3","High"
"127",22,"Chub","Adult","Depth","Annual","slice1","L02-010","Low","L02-010_slice1","Chub_Adult","1","Low"
"128",128,"Chub","Adult","Velocity","Annual","slice1","L02-010","Low","L02-010_slice1","Chub_Adult","1","Low"
"129",234,"Willow","Adult","StreamPower","Annual","slice1","L02-010","High","L02-010_slice1","Willow_Adult","3","High"
"130",340,"Willow","Germination","Depth","critical","slice1","L02-010","Low","L02-010_slice1","Willow_Germination","1","Low"
"131",446,"Willow","Seedling","Depth","critical","slice1","L02-010","High","L02-010_slice1","Willow_Seedling","3","High"
"132",552,"Willow","Seedling","Shear Stress","critical","slice1","L02-010","High","L02-010_slice1","Willow_Seedling","3","High"
"133",23,"Chub","Adult","Depth","Annual","slice1","L02-020","Low","L02-020_slice1","Chub_Adult","1","Low"
"134",129,"Chub","Adult","Velocity","Annual","slice1","L02-020","Partial","L02-020_slice1","Chub_Adult","2","Low"
"135",235,"Willow","Adult","StreamPower","Annual","slice1","L02-020","High","L02-020_slice1","Willow_Adult","3","High"
"136",341,"Willow","Germination","Depth","critical","slice1","L02-020","Low","L02-020_slice1","Willow_Germination","1","Low"
"137",447,"Willow","Seedling","Depth","critical","slice1","L02-020","High","L02-020_slice1","Willow_Seedling","3","Low"
"138",553,"Willow","Seedling","Shear Stress","critical","slice1","L02-020","Low","L02-020_slice1","Willow_Seedling","1","Low"
"139",24,"Chub","Adult","Depth","Annual","slice1","L02-021","Low","L02-021_slice1","Chub_Adult","1","Low"
"140",130,"Chub","Adult","Velocity","Annual","slice1","L02-021","Low","L02-021_slice1","Chub_Adult","1","Low"
"141",236,"Willow","Adult","StreamPower","Annual","slice1","L02-021","High","L02-021_slice1","Willow_Adult","3","High"
"142",342,"Willow","Germination","Depth","critical","slice1","L02-021","Low","L02-021_slice1","Willow_Germination","1","Low"
"143",448,"Willow","Seedling","Depth","critical","slice1","L02-021","High","L02-021_slice1","Willow_Seedling","3","High"
"144",554,"Willow","Seedling","Shear Stress","critical","slice1","L02-021","High","L02-021_slice1","Willow_Seedling","3","High"
"145",25,"Chub","Adult","Depth","Annual","slice1","L02-022","Low","L02-022_slice1","Chub_Adult","1","Low"
"146",131,"Chub","Adult","Velocity","Annual","slice1","L02-022","Low","L02-022_slice1","Chub_Adult","1","Low"
"147",237,"Willow","Adult","StreamPower","Annual","slice1","L02-022","High","L02-022_slice1","Willow_Adult","3","High"
"148",343,"Willow","Germination","Depth","critical","slice1","L02-022","Low","L02-022_slice1","Willow_Germination","1","Low"
"149",449,"Willow","Seedling","Depth","critical","slice1","L02-022","High","L02-022_slice1","Willow_Seedling","3","High"
"150",555,"Willow","Seedling","Shear Stress","critical","slice1","L02-022","High","L02-022_slice1","Willow_Seedling","3","High"
"151",26,"Chub","Adult","Depth","Annual","slice1","L02-023","Low","L02-023_slice1","Chub_Adult","1","Low"
"152",132,"Chub","Adult","Velocity","Annual","slice1","L02-023","Low","L02-023_slice1","Chub_Adult","1","Low"
"153",238,"Willow","Adult","StreamPower","Annual","slice1","L02-023","High","L02-023_slice1","Willow_Adult","3","High"
"154",344,"Willow","Germination","Depth","critical","slice1","L02-023","Low","L02-023_slice1","Willow_Germination","1","Low"
"155",450,"Willow","Seedling","Depth","critical","slice1","L02-023","High","L02-023_slice1","Willow_Seedling","3","High"
"156",556,"Willow","Seedling","Shear Stress","critical","slice1","L02-023","High","L02-023_slice1","Willow_Seedling","3","High"
"157",27,"Chub","Adult","Depth","Annual","slice1","L02-030","Low","L02-030_slice1","Chub_Adult","1","Low"
"158",133,"Chub","Adult","Velocity","Annual","slice1","L02-030","Low","L02-030_slice1","Chub_Adult","1","Low"
"159",239,"Willow","Adult","StreamPower","Annual","slice1","L02-030","High","L02-030_slice1","Willow_Adult","3","High"
"160",345,"Willow","Germination","Depth","critical","slice1","L02-030","Low","L02-030_slice1","Willow_Germination","1","Low"
"161",451,"Willow","Seedling","Depth","critical","slice1","L02-030","High","L02-030_slice1","Willow_Seedling","3","High"
"162",557,"Willow","Seedling","Shear Stress","critical","slice1","L02-030","High","L02-030_slice1","Willow_Seedling","3","High"
"163",28,"Chub","Adult","Depth","Annual","slice1","L02-031","Low","L02-031_slice1","Chub_Adult","1","Low"
"164",134,"Chub","Adult","Velocity","Annual","slice1","L02-031","Low","L02-031_slice1","Chub_Adult","1","Low"
"165",240,"Willow","Adult","StreamPower","Annual","slice1","L02-031","High","L02-031_slice1","Willow_Adult","3","High"
"166",346,"Willow","Germination","Depth","critical","slice1","L02-031","Low","L02-031_slice1","Willow_Germination","1","Low"
"167",452,"Willow","Seedling","Depth","critical","slice1","L02-031","High","L02-031_slice1","Willow_Seedling","3","High"
"168",558,"Willow","Seedling","Shear Stress","critical","slice1","L02-031","High","L02-031_slice1","Willow_Seedling","3","High"
"169",29,"Chub","Adult","Depth","Annual","slice1","L02-040","Low","L02-040_slice1","Chub_Adult","1","Low"
"170",135,"Chub","Adult","Velocity","Annual","slice1","L02-040","Low","L02-040_slice1","Chub_Adult","1","Low"
"171",241,"Willow","Adult","StreamPower","Annual","slice1","L02-040","High","L02-040_slice1","Willow_Adult","3","High"
"172",347,"Willow","Germination","Depth","critical","slice1","L02-040","Low","L02-040_slice1","Willow_Germination","1","Low"
"173",453,"Willow","Seedling","Depth","critical","slice1","L02-040","High","L02-040_slice1","Willow_Seedling","3","High"
"174",559,"Willow","Seedling","Shear Stress","critical","slice1","L02-040","High","L02-040_slice1","Willow_Seedling","3","High"
"175",30,"Chub","Adult","Depth","Annual","slice1","L02-041","Low","L02-041_slice1","Chub_Adult","1","Low"
"176",136,"Chub","Adult","Velocity","Annual","slice1","L02-041","Low","L02-041_slice1","Chub_Adult","1","Low"
"177",242,"Willow","Adult","StreamPower","Annual","slice1","L02-041","High","L02-041_slice1","Willow_Adult","3","High"
"178",348,"Willow","Germination","Depth","critical","slice1","L02-041","Low","L02-041_slice1","Willow_Germination","1","Low"
"179",454,"Willow","Seedling","Depth","critical","slice1","L02-041","High","L02-041_slice1","Willow_Seedling","3","High"
"180",560,"Willow","Seedling","Shear Stress","critical","slice1","L02-041","High","L02-041_slice1","Willow_Seedling","3","High"
"181",31,"Chub","Adult","Depth","Annual","slice1","L02-050","Low","L02-050_slice1","Chub_Adult","1","Low"
"182",137,"Chub","Adult","Velocity","Annual","slice1","L02-050","Low","L02-050_slice1","Chub_Adult","1","Low"
"183",243,"Willow","Adult","StreamPower","Annual","slice1","L02-050","High","L02-050_slice1","Willow_Adult","3","High"
"184",349,"Willow","Germination","Depth","critical","slice1","L02-050","Low","L02-050_slice1","Willow_Germination","1","Low"
"185",455,"Willow","Seedling","Depth","critical","slice1","L02-050","High","L02-050_slice1","Willow_Seedling","3","High"
"186",561,"Willow","Seedling","Shear Stress","critical","slice1","L02-050","High","L02-050_slice1","Willow_Seedling","3","High"
"187",32,"Chub","Adult","Depth","Annual","slice1","L02-051","Low","L02-051_slice1","Chub_Adult","1","Low"
"188",138,"Chub","Adult","Velocity","Annual","slice1","L02-051","Low","L02-051_slice1","Chub_Adult","1","Low"
"189",244,"Willow","Adult","StreamPower","Annual","slice1","L02-051","High","L02-051_slice1","Willow_Adult","3","High"
"190",350,"Willow","Germination","Depth","critical","slice1","L02-051","Low","L02-051_slice1","Willow_Germination","1","Low"
"191",456,"Willow","Seedling","Depth","critical","slice1","L02-051","High","L02-051_slice1","Willow_Seedling","3","High"
"192",562,"Willow","Seedling","Shear Stress","critical","slice1","L02-051","High","L02-051_slice1","Willow_Seedling","3","High"
"193",33,"Chub","Adult","Depth","Annual","slice2","J01-010","Low","J01-010_slice2","Chub_Adult","1","Low"
"194",139,"Chub","Adult","Velocity","Annual","slice2","J01-010","Low","J01-010_slice2","Chub_Adult","1","Low"
"195",245,"Willow","Adult","StreamPower","Annual","slice2","J01-010","High","J01-010_slice2","Willow_Adult","3","High"
"196",351,"Willow","Germination","Depth","critical","slice2","J01-010","Low","J01-010_slice2","Willow_Germination","1","Low"
"197",457,"Willow","Seedling","Depth","critical","slice2","J01-010","High","J01-010_slice2","Willow_Seedling","3","Low"
"198",563,"Willow","Seedling","Shear Stress","critical","slice2","J01-010","Low","J01-010_slice2","Willow_Seedling","1","Low"
"199",34,"Chub","Adult","Depth","Annual","slice2","J01-020","Low","J01-020_slice2","Chub_Adult","1","Low"
"200",140,"Chub","Adult","Velocity","Annual","slice2","J01-020","Low","J01-020_slice2","Chub_Adult","1","Low"
"201",246,"Willow","Adult","StreamPower","Annual","slice2","J01-020","High","J01-020_slice2","Willow_Adult","3","High"
"202",352,"Willow","Germination","Depth","critical","slice2","J01-020","Low","J01-020_slice2","Willow_Germination","1","Low"
"203",458,"Willow","Seedling","Depth","critical","slice2","J01-020","High","J01-020_slice2","Willow_Seedling","3","High"
"204",564,"Willow","Seedling","Shear Stress","critical","slice2","J01-020","High","J01-020_slice2","Willow_Seedling","3","High"
"205",35,"Chub","Adult","Depth","Annual","slice2","J01-030","Low","J01-030_slice2","Chub_Adult","1","Low"
"206",141,"Chub","Adult","Velocity","Annual","slice2","J01-030","Low","J01-030_slice2","Chub_Adult","1","Low"
"207",247,"Willow","Adult","StreamPower","Annual","slice2","J01-030","High","J01-030_slice2","Willow_Adult","3","High"
"208",353,"Willow","Germination","Depth","critical","slice2","J01-030","Low","J01-030_slice2","Willow_Germination","1","Low"
"209",459,"Willow","Seedling","Depth","critical","slice2","J01-030","High","J01-030_slice2","Willow_Seedling","3","High"
"210",565,"Willow","Seedling","Shear Stress","critical","slice2","J01-030","High","J01-030_slice2","Willow_Seedling","3","High"
"211",36,"Chub","Adult","Depth","Annual","slice2","J01-031","Low","J01-031_slice2","Chub_Adult","1","Low"
"212",142,"Chub","Adult","Velocity","Annual","slice2","J01-031","Low","J01-031_slice2","Chub_Adult","1","Low"
"213",248,"Willow","Adult","StreamPower","Annual","slice2","J01-031","High","J01-031_slice2","Willow_Adult","3","High"
"214",354,"Willow","Germination","Depth","critical","slice2","J01-031","Low","J01-031_slice2","Willow_Germination","1","Low"
"215",460,"Willow","Seedling","Depth","critical","slice2","J01-031","High","J01-031_slice2","Willow_Seedling","3","High"
"216",566,"Willow","Seedling","Shear Stress","critical","slice2","J01-031","High","J01-031_slice2","Willow_Seedling","3","High"
"217",37,"Chub","Adult","Depth","Annual","slice2","J01-040","Low","J01-040_slice2","Chub_Adult","1","Low"
"218",143,"Chub","Adult","Velocity","Annual","slice2","J01-040","Low","J01-040_slice2","Chub_Adult","1","Low"
"219",249,"Willow","Adult","StreamPower","Annual","slice2","J01-040","High","J01-040_slice2","Willow_Adult","3","High"
"220",355,"Willow","Germination","Depth","critical","slice2","J01-040","Low","J01-040_slice2","Willow_Germination","1","Low"
"221",461,"Willow","Seedling","Depth","critical","slice2","J01-040","High","J01-040_slice2","Willow_Seedling","3","Low"
"222",567,"Willow","Seedling","Shear Stress","critical","slice2","J01-040","Low","J01-040_slice2","Willow_Seedling","1","Low"
"223",38,"Chub","Adult","Depth","Annual","slice2","J01-041","Low","J01-041_slice2","Chub_Adult","1","Low"
"224",144,"Chub","Adult","Velocity","Annual","slice2","J01-041","High","J01-041_slice2","Chub_Adult","3","Low"
"225",250,"Willow","Adult","StreamPower","Annual","slice2","J01-041","High","J01-041_slice2","Willow_Adult","3","High"
"226",356,"Willow","Germination","Depth","critical","slice2","J01-041","Low","J01-041_slice2","Willow_Germination","1","Low"
"227",462,"Willow","Seedling","Depth","critical","slice2","J01-041","High","J01-041_slice2","Willow_Seedling","3","High"
"228",568,"Willow","Seedling","Shear Stress","critical","slice2","J01-041","High","J01-041_slice2","Willow_Seedling","3","High"
"229",39,"Chub","Adult","Depth","Annual","slice2","J01-060","Low","J01-060_slice2","Chub_Adult","1","Low"
"230",145,"Chub","Adult","Velocity","Annual","slice2","J01-060","Low","J01-060_slice2","Chub_Adult","1","Low"
"231",251,"Willow","Adult","StreamPower","Annual","slice2","J01-060","High","J01-060_slice2","Willow_Adult","3","High"
"232",357,"Willow","Germination","Depth","critical","slice2","J01-060","High","J01-060_slice2","Willow_Germination","3","High"
"233",463,"Willow","Seedling","Depth","critical","slice2","J01-060","High","J01-060_slice2","Willow_Seedling","3","High"
"234",569,"Willow","Seedling","Shear Stress","critical","slice2","J01-060","High","J01-060_slice2","Willow_Seedling","3","High"
"235",40,"Chub","Adult","Depth","Annual","slice2","J01-061","Low","J01-061_slice2","Chub_Adult","1","Low"
"236",146,"Chub","Adult","Velocity","Annual","slice2","J01-061","Low","J01-061_slice2","Chub_Adult","1","Low"
"237",252,"Willow","Adult","StreamPower","Annual","slice2","J01-061","High","J01-061_slice2","Willow_Adult","3","High"
"238",358,"Willow","Germination","Depth","critical","slice2","J01-061","Low","J01-061_slice2","Willow_Germination","1","Low"
"239",464,"Willow","Seedling","Depth","critical","slice2","J01-061","High","J01-061_slice2","Willow_Seedling","3","Partial"
"240",570,"Willow","Seedling","Shear Stress","critical","slice2","J01-061","Partial","J01-061_slice2","Willow_Seedling","2","Partial"
"241",41,"Chub","Adult","Depth","Annual","slice2","J01-080","Low","J01-080_slice2","Chub_Adult","1","Low"
"242",147,"Chub","Adult","Velocity","Annual","slice2","J01-080","High","J01-080_slice2","Chub_Adult","3","Low"
"243",253,"Willow","Adult","StreamPower","Annual","slice2","J01-080","High","J01-080_slice2","Willow_Adult","3","High"
"244",359,"Willow","Germination","Depth","critical","slice2","J01-080","Low","J01-080_slice2","Willow_Germination","1","Low"
"245",465,"Willow","Seedling","Depth","critical","slice2","J01-080","High","J01-080_slice2","Willow_Seedling","3","High"
"246",571,"Willow","Seedling","Shear Stress","critical","slice2","J01-080","High","J01-080_slice2","Willow_Seedling","3","High"
"247",42,"Chub","Adult","Depth","Annual","slice2","J01-090","Low","J01-090_slice2","Chub_Adult","1","Low"
"248",148,"Chub","Adult","Velocity","Annual","slice2","J01-090","High","J01-090_slice2","Chub_Adult","3","Low"
"249",254,"Willow","Adult","StreamPower","Annual","slice2","J01-090","High","J01-090_slice2","Willow_Adult","3","High"
"250",360,"Willow","Germination","Depth","critical","slice2","J01-090","Low","J01-090_slice2","Willow_Germination","1","Low"
"251",466,"Willow","Seedling","Depth","critical","slice2","J01-090","High","J01-090_slice2","Willow_Seedling","3","High"
"252",572,"Willow","Seedling","Shear Stress","critical","slice2","J01-090","High","J01-090_slice2","Willow_Seedling","3","High"
"253",43,"Chub","Adult","Depth","Annual","slice2","J01-091","Low","J01-091_slice2","Chub_Adult","1","Low"
"254",149,"Chub","Adult","Velocity","Annual","slice2","J01-091","High","J01-091_slice2","Chub_Adult","3","Low"
"255",255,"Willow","Adult","StreamPower","Annual","slice2","J01-091","High","J01-091_slice2","Willow_Adult","3","High"
"256",361,"Willow","Germination","Depth","critical","slice2","J01-091","Low","J01-091_slice2","Willow_Germination","1","Low"
"257",467,"Willow","Seedling","Depth","critical","slice2","J01-091","High","J01-091_slice2","Willow_Seedling","3","High"
"258",573,"Willow","Seedling","Shear Stress","critical","slice2","J01-091","High","J01-091_slice2","Willow_Seedling","3","High"
"259",44,"Chub","Adult","Depth","Annual","slice2","J01-100","Low","J01-100_slice2","Chub_Adult","1","Low"
"260",150,"Chub","Adult","Velocity","Annual","slice2","J01-100","High","J01-100_slice2","Chub_Adult","3","Low"
"261",256,"Willow","Adult","StreamPower","Annual","slice2","J01-100","High","J01-100_slice2","Willow_Adult","3","High"
"262",362,"Willow","Germination","Depth","critical","slice2","J01-100","Low","J01-100_slice2","Willow_Germination","1","Low"
"263",468,"Willow","Seedling","Depth","critical","slice2","J01-100","High","J01-100_slice2","Willow_Seedling","3","High"
"264",574,"Willow","Seedling","Shear Stress","critical","slice2","J01-100","High","J01-100_slice2","Willow_Seedling","3","High"
"265",45,"Chub","Adult","Depth","Annual","slice2","J03-010","Low","J03-010_slice2","Chub_Adult","1","Low"
"266",151,"Chub","Adult","Velocity","Annual","slice2","J03-010","High","J03-010_slice2","Chub_Adult","3","Low"
"267",257,"Willow","Adult","StreamPower","Annual","slice2","J03-010","High","J03-010_slice2","Willow_Adult","3","High"
"268",363,"Willow","Germination","Depth","critical","slice2","J03-010","High","J03-010_slice2","Willow_Germination","3","High"
"269",469,"Willow","Seedling","Depth","critical","slice2","J03-010","High","J03-010_slice2","Willow_Seedling","3","High"
"270",575,"Willow","Seedling","Shear Stress","critical","slice2","J03-010","High","J03-010_slice2","Willow_Seedling","3","High"
"271",46,"Chub","Adult","Depth","Annual","slice2","J04-010","Low","J04-010_slice2","Chub_Adult","1","Low"
"272",152,"Chub","Adult","Velocity","Annual","slice2","J04-010","Low","J04-010_slice2","Chub_Adult","1","Low"
"273",258,"Willow","Adult","StreamPower","Annual","slice2","J04-010","High","J04-010_slice2","Willow_Adult","3","High"
"274",364,"Willow","Germination","Depth","critical","slice2","J04-010","Low","J04-010_slice2","Willow_Germination","1","Low"
"275",470,"Willow","Seedling","Depth","critical","slice2","J04-010","High","J04-010_slice2","Willow_Seedling","3","High"
"276",576,"Willow","Seedling","Shear Stress","critical","slice2","J04-010","High","J04-010_slice2","Willow_Seedling","3","High"
"277",47,"Chub","Adult","Depth","Annual","slice2","J05-010","Low","J05-010_slice2","Chub_Adult","1","Low"
"278",153,"Chub","Adult","Velocity","Annual","slice2","J05-010","Low","J05-010_slice2","Chub_Adult","1","Low"
"279",259,"Willow","Adult","StreamPower","Annual","slice2","J05-010","High","J05-010_slice2","Willow_Adult","3","High"
"280",365,"Willow","Germination","Depth","critical","slice2","J05-010","Low","J05-010_slice2","Willow_Germination","1","Low"
"281",471,"Willow","Seedling","Depth","critical","slice2","J05-010","High","J05-010_slice2","Willow_Seedling","3","High"
"282",577,"Willow","Seedling","Shear Stress","critical","slice2","J05-010","High","J05-010_slice2","Willow_Seedling","3","High"
"283",48,"Chub","Adult","Depth","Annual","slice2","J07-010","Low","J07-010_slice2","Chub_Adult","1","Low"
"284",154,"Chub","Adult","Velocity","Annual","slice2","J07-010","Low","J07-010_slice2","Chub_Adult","1","Low"
"285",260,"Willow","Adult","StreamPower","Annual","slice2","J07-010","High","J07-010_slice2","Willow_Adult","3","High"
"286",366,"Willow","Germination","Depth","critical","slice2","J07-010","Low","J07-010_slice2","Willow_Germination","1","Low"
"287",472,"Willow","Seedling","Depth","critical","slice2","J07-010","High","J07-010_slice2","Willow_Seedling","3","High"
"288",578,"Willow","Seedling","Shear Stress","critical","slice2","J07-010","High","J07-010_slice2","Willow_Seedling","3","High"
"289",49,"Chub","Adult","Depth","Annual","slice2","L01-060","Low","L01-060_slice2","Chub_Adult","1","Low"
"290",155,"Chub","Adult","Velocity","Annual","slice2","L01-060","Low","L01-060_slice2","Chub_Adult","1","Low"
"291",261,"Willow","Adult","StreamPower","Annual","slice2","L01-060","High","L01-060_slice2","Willow_Adult","3","High"
"292",367,"Willow","Germination","Depth","critical","slice2","L01-060","Low","L01-060_slice2","Willow_Germination","1","Low"
"293",473,"Willow","Seedling","Depth","critical","slice2","L01-060","High","L01-060_slice2","Willow_Seedling","3","High"
"294",579,"Willow","Seedling","Shear Stress","critical","slice2","L01-060","High","L01-060_slice2","Willow_Seedling","3","High"
"295",50,"Chub","Adult","Depth","Annual","slice2","L01-080","Low","L01-080_slice2","Chub_Adult","1","Low"
"296",156,"Chub","Adult","Velocity","Annual","slice2","L01-080","Low","L01-080_slice2","Chub_Adult","1","Low"
"297",262,"Willow","Adult","StreamPower","Annual","slice2","L01-080","High","L01-080_slice2","Willow_Adult","3","High"
"298",368,"Willow","Germination","Depth","critical","slice2","L01-080","Low","L01-080_slice2","Willow_Germination","1","Low"
"299",474,"Willow","Seedling","Depth","critical","slice2","L01-080","High","L01-080_slice2","Willow_Seedling","3","High"
"300",580,"Willow","Seedling","Shear Stress","critical","slice2","L01-080","High","L01-080_slice2","Willow_Seedling","3","High"
"301",51,"Chub","Adult","Depth","Annual","slice2","L01-100","Low","L01-100_slice2","Chub_Adult","1","Low"
"302",157,"Chub","Adult","Velocity","Annual","slice2","L01-100","Low","L01-100_slice2","Chub_Adult","1","Low"
"303",263,"Willow","Adult","StreamPower","Annual","slice2","L01-100","High","L01-100_slice2","Willow_Adult","3","High"
"304",369,"Willow","Germination","Depth","critical","slice2","L01-100","Low","L01-100_slice2","Willow_Germination","1","Low"
"305",475,"Willow","Seedling","Depth","critical","slice2","L01-100","High","L01-100_slice2","Willow_Seedling","3","High"
"306",581,"Willow","Seedling","Shear Stress","critical","slice2","L01-100","High","L01-100_slice2","Willow_Seedling","3","High"
"307",52,"Chub","Adult","Depth","Annual","slice2","L02-010","Low","L02-010_slice2","Chub_Adult","1","Low"
"308",158,"Chub","Adult","Velocity","Annual","slice2","L02-010","High","L02-010_slice2","Chub_Adult","3","Low"
"309",264,"Willow","Adult","StreamPower","Annual","slice2","L02-010","High","L02-010_slice2","Willow_Adult","3","High"
"310",370,"Willow","Germination","Depth","critical","slice2","L02-010","Low","L02-010_slice2","Willow_Germination","1","Low"
"311",476,"Willow","Seedling","Depth","critical","slice2","L02-010","High","L02-010_slice2","Willow_Seedling","3","Low"
"312",582,"Willow","Seedling","Shear Stress","critical","slice2","L02-010","Low","L02-010_slice2","Willow_Seedling","1","Low"
"313",53,"Chub","Adult","Depth","Annual","slice2","L02-020","Low","L02-020_slice2","Chub_Adult","1","Low"
"314",159,"Chub","Adult","Velocity","Annual","slice2","L02-020","Low","L02-020_slice2","Chub_Adult","1","Low"
"315",265,"Willow","Adult","StreamPower","Annual","slice2","L02-020","High","L02-020_slice2","Willow_Adult","3","High"
"316",371,"Willow","Germination","Depth","critical","slice2","L02-020","Low","L02-020_slice2","Willow_Germination","1","Low"
"317",477,"Willow","Seedling","Depth","critical","slice2","L02-020","High","L02-020_slice2","Willow_Seedling","3","High"
"318",583,"Willow","Seedling","Shear Stress","critical","slice2","L02-020","High","L02-020_slice2","Willow_Seedling","3","High"
"319",54,"Chub","Adult","Depth","Annual","slice2","L02-021","Low","L02-021_slice2","Chub_Adult","1","Low"
"320",160,"Chub","Adult","Velocity","Annual","slice2","L02-021","Low","L02-021_slice2","Chub_Adult","1","Low"
"321",266,"Willow","Adult","StreamPower","Annual","slice2","L02-021","High","L02-021_slice2","Willow_Adult","3","High"
"322",372,"Willow","Germination","Depth","critical","slice2","L02-021","Low","L02-021_slice2","Willow_Germination","1","Low"
"323",478,"Willow","Seedling","Depth","critical","slice2","L02-021","High","L02-021_slice2","Willow_Seedling","3","High"
"324",584,"Willow","Seedling","Shear Stress","critical","slice2","L02-021","High","L02-021_slice2","Willow_Seedling","3","High"
"325",55,"Chub","Adult","Depth","Annual","slice2","L02-022","Low","L02-022_slice2","Chub_Adult","1","Low"
"326",161,"Chub","Adult","Velocity","Annual","slice2","L02-022","Low","L02-022_slice2","Chub_Adult","1","Low"
"327",267,"Willow","Adult","StreamPower","Annual","slice2","L02-022","High","L02-022_slice2","Willow_Adult","3","High"
"328",373,"Willow","Germination","Depth","critical","slice2","L02-022","Low","L02-022_slice2","Willow_Germination","1","Low"
"329",479,"Willow","Seedling","Depth","critical","slice2","L02-022","High","L02-022_slice2","Willow_Seedling","3","High"
"330",585,"Willow","Seedling","Shear Stress","critical","slice2","L02-022","High","L02-022_slice2","Willow_Seedling","3","High"
"331",56,"Chub","Adult","Depth","Annual","slice2","L02-023","Low","L02-023_slice2","Chub_Adult","1","Low"
"332",162,"Chub","Adult","Velocity","Annual","slice2","L02-023","Low","L02-023_slice2","Chub_Adult","1","Low"
"333",268,"Willow","Adult","StreamPower","Annual","slice2","L02-023","High","L02-023_slice2","Willow_Adult","3","High"
"334",374,"Willow","Germination","Depth","critical","slice2","L02-023","Low","L02-023_slice2","Willow_Germination","1","Low"
"335",480,"Willow","Seedling","Depth","critical","slice2","L02-023","High","L02-023_slice2","Willow_Seedling","3","High"
"336",586,"Willow","Seedling","Shear Stress","critical","slice2","L02-023","High","L02-023_slice2","Willow_Seedling","3","High"
"337",57,"Chub","Adult","Depth","Annual","slice2","L02-030","Low","L02-030_slice2","Chub_Adult","1","Low"
"338",163,"Chub","Adult","Velocity","Annual","slice2","L02-030","Partial","L02-030_slice2","Chub_Adult","2","Low"
"339",269,"Willow","Adult","StreamPower","Annual","slice2","L02-030","High","L02-030_slice2","Willow_Adult","3","High"
"340",375,"Willow","Germination","Depth","critical","slice2","L02-030","Low","L02-030_slice2","Willow_Germination","1","Low"
"341",481,"Willow","Seedling","Depth","critical","slice2","L02-030","High","L02-030_slice2","Willow_Seedling","3","Low"
"342",587,"Willow","Seedling","Shear Stress","critical","slice2","L02-030","Low","L02-030_slice2","Willow_Seedling","1","Low"
"343",58,"Chub","Adult","Depth","Annual","slice2","L02-031","Low","L02-031_slice2","Chub_Adult","1","Low"
"344",164,"Chub","Adult","Velocity","Annual","slice2","L02-031","Partial","L02-031_slice2","Chub_Adult","2","Low"
"345",270,"Willow","Adult","StreamPower","Annual","slice2","L02-031","High","L02-031_slice2","Willow_Adult","3","High"
"346",376,"Willow","Germination","Depth","critical","slice2","L02-031","Low","L02-031_slice2","Willow_Germination","1","Low"
"347",482,"Willow","Seedling","Depth","critical","slice2","L02-031","High","L02-031_slice2","Willow_Seedling","3","Low"
"348",588,"Willow","Seedling","Shear Stress","critical","slice2","L02-031","Low","L02-031_slice2","Willow_Seedling","1","Low"
"349",59,"Chub","Adult","Depth","Annual","slice2","L02-040","Low","L02-040_slice2","Chub_Adult","1","Low"
"350",165,"Chub","Adult","Velocity","Annual","slice2","L02-040","Low","L02-040_slice2","Chub_Adult","1","Low"
"351",271,"Willow","Adult","StreamPower","Annual","slice2","L02-040","High","L02-040_slice2","Willow_Adult","3","High"
"352",377,"Willow","Germination","Depth","critical","slice2","L02-040","Low","L02-040_slice2","Willow_Germination","1","Low"
"353",483,"Willow","Seedling","Depth","critical","slice2","L02-040","High","L02-040_slice2","Willow_Seedling","3","High"
"354",589,"Willow","Seedling","Shear Stress","critical","slice2","L02-040","High","L02-040_slice2","Willow_Seedling","3","High"
"355",60,"Chub","Adult","Depth","Annual","slice2","L02-041","Low","L02-041_slice2","Chub_Adult","1","Low"
"356",166,"Chub","Adult","Velocity","Annual","slice2","L02-041","Low","L02-041_slice2","Chub_Adult","1","Low"
"357",272,"Willow","Adult","StreamPower","Annual","slice2","L02-041","High","L02-041_slice2","Willow_Adult","3","High"
"358",378,"Willow","Germination","Depth","critical","slice2","L02-041","Low","L02-041_slice2","Willow_Germination","1","Low"
"359",484,"Willow","Seedling","Depth","critical","slice2","L02-041","High","L02-041_slice2","Willow_Seedling","3","High"
"360",590,"Willow","Seedling","Shear Stress","critical","slice2","L02-041","High","L02-041_slice2","Willow_Seedling","3","High"
"361",61,"Chub","Adult","Depth","Annual","slice2","L02-050","Low","L02-050_slice2","Chub_Adult","1","Low"
"362",167,"Chub","Adult","Velocity","Annual","slice2","L02-050","Low","L02-050_slice2","Chub_Adult","1","Low"
"363",273,"Willow","Adult","StreamPower","Annual","slice2","L02-050","High","L02-050_slice2","Willow_Adult","3","High"
"364",379,"Willow","Germination","Depth","critical","slice2","L02-050","Low","L02-050_slice2","Willow_Germination","1","Low"
"365",485,"Willow","Seedling","Depth","critical","slice2","L02-050","High","L02-050_slice2","Willow_Seedling","3","High"
"366",591,"Willow","Seedling","Shear Stress","critical","slice2","L02-050","High","L02-050_slice2","Willow_Seedling","3","High"
"367",62,"Chub","Adult","Depth","Annual","slice2","L02-051","Low","L02-051_slice2","Chub_Adult","1","Low"
"368",168,"Chub","Adult","Velocity","Annual","slice2","L02-051","Low","L02-051_slice2","Chub_Adult","1","Low"
"369",274,"Willow","Adult","StreamPower","Annual","slice2","L02-051","High","L02-051_slice2","Willow_Adult","3","High"
"370",380,"Willow","Germination","Depth","critical","slice2","L02-051","Low","L02-051_slice2","Willow_Germination","1","Low"
"371",486,"Willow","Seedling","Depth","critical","slice2","L02-051","High","L02-051_slice2","Willow_Seedling","3","High"
"372",592,"Willow","Seedling","Shear Stress","critical","slice2","L02-051","High","L02-051_slice2","Willow_Seedling","3","High"
"373",63,"Chub","Adult","Depth","Annual","slice3","J01-010","Low","J01-010_slice3","Chub_Adult","1","Low"
"374",169,"Chub","Adult","Velocity","Annual","slice3","J01-010","Low","J01-010_slice3","Chub_Adult","1","Low"
"375",275,"Willow","Adult","StreamPower","Annual","slice3","J01-010","High","J01-010_slice3","Willow_Adult","3","High"
"376",381,"Willow","Germination","Depth","critical","slice3","J01-010","Low","J01-010_slice3","Willow_Germination","1","Low"
"377",487,"Willow","Seedling","Depth","critical","slice3","J01-010","High","J01-010_slice3","Willow_Seedling","3","High"
"378",593,"Willow","Seedling","Shear Stress","critical","slice3","J01-010","High","J01-010_slice3","Willow_Seedling","3","High"
"379",64,"Chub","Adult","Depth","Annual","slice3","J01-020","Low","J01-020_slice3","Chub_Adult","1","Low"
"380",170,"Chub","Adult","Velocity","Annual","slice3","J01-020","High","J01-020_slice3","Chub_Adult","3","Low"
"381",276,"Willow","Adult","StreamPower","Annual","slice3","J01-020","High","J01-020_slice3","Willow_Adult","3","High"
"382",382,"Willow","Germination","Depth","critical","slice3","J01-020","Low","J01-020_slice3","Willow_Germination","1","Low"
"383",488,"Willow","Seedling","Depth","critical","slice3","J01-020","High","J01-020_slice3","Willow_Seedling","3","High"
"384",594,"Willow","Seedling","Shear Stress","critical","slice3","J01-020","High","J01-020_slice3","Willow_Seedling","3","High"
"385",65,"Chub","Adult","Depth","Annual","slice3","J01-030","Low","J01-030_slice3","Chub_Adult","1","Low"
"386",171,"Chub","Adult","Velocity","Annual","slice3","J01-030","High","J01-030_slice3","Chub_Adult","3","Low"
"387",277,"Willow","Adult","StreamPower","Annual","slice3","J01-030","High","J01-030_slice3","Willow_Adult","3","High"
"388",383,"Willow","Germination","Depth","critical","slice3","J01-030","Low","J01-030_slice3","Willow_Germination","1","Low"
"389",489,"Willow","Seedling","Depth","critical","slice3","J01-030","High","J01-030_slice3","Willow_Seedling","3","High"
"390",595,"Willow","Seedling","Shear Stress","critical","slice3","J01-030","High","J01-030_slice3","Willow_Seedling","3","High"
"391",66,"Chub","Adult","Depth","Annual","slice3","J01-031","Low","J01-031_slice3","Chub_Adult","1","Low"
"392",172,"Chub","Adult","Velocity","Annual","slice3","J01-031","Low","J01-031_slice3","Chub_Adult","1","Low"
"393",278,"Willow","Adult","StreamPower","Annual","slice3","J01-031","High","J01-031_slice3","Willow_Adult","3","High"
"394",384,"Willow","Germination","Depth","critical","slice3","J01-031","Low","J01-031_slice3","Willow_Germination","1","Low"
"395",490,"Willow","Seedling","Depth","critical","slice3","J01-031","High","J01-031_slice3","Willow_Seedling","3","High"
"396",596,"Willow","Seedling","Shear Stress","critical","slice3","J01-031","High","J01-031_slice3","Willow_Seedling","3","High"
"397",67,"Chub","Adult","Depth","Annual","slice3","J01-040","Low","J01-040_slice3","Chub_Adult","1","Low"
"398",173,"Chub","Adult","Velocity","Annual","slice3","J01-040","Low","J01-040_slice3","Chub_Adult","1","Low"
"399",279,"Willow","Adult","StreamPower","Annual","slice3","J01-040","High","J01-040_slice3","Willow_Adult","3","High"
"400",385,"Willow","Germination","Depth","critical","slice3","J01-040","Low","J01-040_slice3","Willow_Germination","1","Low"
"401",491,"Willow","Seedling","Depth","critical","slice3","J01-040","High","J01-040_slice3","Willow_Seedling","3","High"
"402",597,"Willow","Seedling","Shear Stress","critical","slice3","J01-040","High","J01-040_slice3","Willow_Seedling","3","High"
"403",68,"Chub","Adult","Depth","Annual","slice3","J01-041","Low","J01-041_slice3","Chub_Adult","1","Low"
"404",174,"Chub","Adult","Velocity","Annual","slice3","J01-041","Low","J01-041_slice3","Chub_Adult","1","Low"
"405",280,"Willow","Adult","StreamPower","Annual","slice3","J01-041","High","J01-041_slice3","Willow_Adult","3","High"
"406",386,"Willow","Germination","Depth","critical","slice3","J01-041","Low","J01-041_slice3","Willow_Germination","1","Low"
"407",492,"Willow","Seedling","Depth","critical","slice3","J01-041","High","J01-041_slice3","Willow_Seedling","3","High"
"408",598,"Willow","Seedling","Shear Stress","critical","slice3","J01-041","High","J01-041_slice3","Willow_Seedling","3","High"
"409",69,"Chub","Adult","Depth","Annual","slice3","J01-060","Low","J01-060_slice3","Chub_Adult","1","Low"
"410",175,"Chub","Adult","Velocity","Annual","slice3","J01-060","Low","J01-060_slice3","Chub_Adult","1","Low"
"411",281,"Willow","Adult","StreamPower","Annual","slice3","J01-060","High","J01-060_slice3","Willow_Adult","3","High"
"412",387,"Willow","Germination","Depth","critical","slice3","J01-060","Low","J01-060_slice3","Willow_Germination","1","Low"
"413",493,"Willow","Seedling","Depth","critical","slice3","J01-060","High","J01-060_slice3","Willow_Seedling","3","High"
"414",599,"Willow","Seedling","Shear Stress","critical","slice3","J01-060","High","J01-060_slice3","Willow_Seedling","3","High"
"415",70,"Chub","Adult","Depth","Annual","slice3","J01-061","Low","J01-061_slice3","Chub_Adult","1","Low"
"416",176,"Chub","Adult","Velocity","Annual","slice3","J01-061","Low","J01-061_slice3","Chub_Adult","1","Low"
"417",282,"Willow","Adult","StreamPower","Annual","slice3","J01-061","High","J01-061_slice3","Willow_Adult","3","High"
"418",388,"Willow","Germination","Depth","critical","slice3","J01-061","Low","J01-061_slice3","Willow_Germination","1","Low"
"419",494,"Willow","Seedling","Depth","critical","slice3","J01-061","High","J01-061_slice3","Willow_Seedling","3","High"
"420",600,"Willow","Seedling","Shear Stress","critical","slice3","J01-061","High","J01-061_slice3","Willow_Seedling","3","High"
"421",71,"Chub","Adult","Depth","Annual","slice3","J01-080","Low","J01-080_slice3","Chub_Adult","1","Low"
"422",177,"Chub","Adult","Velocity","Annual","slice3","J01-080","Low","J01-080_slice3","Chub_Adult","1","Low"
"423",283,"Willow","Adult","StreamPower","Annual","slice3","J01-080","High","J01-080_slice3","Willow_Adult","3","High"
"424",389,"Willow","Germination","Depth","critical","slice3","J01-080","Low","J01-080_slice3","Willow_Germination","1","Low"
"425",495,"Willow","Seedling","Depth","critical","slice3","J01-080","High","J01-080_slice3","Willow_Seedling","3","High"
"426",601,"Willow","Seedling","Shear Stress","critical","slice3","J01-080","High","J01-080_slice3","Willow_Seedling","3","High"
"427",72,"Chub","Adult","Depth","Annual","slice3","J01-091","Low","J01-091_slice3","Chub_Adult","1","Low"
"428",178,"Chub","Adult","Velocity","Annual","slice3","J01-091","Low","J01-091_slice3","Chub_Adult","1","Low"
"429",284,"Willow","Adult","StreamPower","Annual","slice3","J01-091","High","J01-091_slice3","Willow_Adult","3","High"
"430",390,"Willow","Germination","Depth","critical","slice3","J01-091","Low","J01-091_slice3","Willow_Germination","1","Low"
"431",496,"Willow","Seedling","Depth","critical","slice3","J01-091","High","J01-091_slice3","Willow_Seedling","3","High"
"432",602,"Willow","Seedling","Shear Stress","critical","slice3","J01-091","High","J01-091_slice3","Willow_Seedling","3","High"
"433",73,"Chub","Adult","Depth","Annual","slice3","J01-100","Low","J01-100_slice3","Chub_Adult","1","Low"
"434",179,"Chub","Adult","Velocity","Annual","slice3","J01-100","Low","J01-100_slice3","Chub_Adult","1","Low"
"435",285,"Willow","Adult","StreamPower","Annual","slice3","J01-100","High","J01-100_slice3","Willow_Adult","3","High"
"436",391,"Willow","Germination","Depth","critical","slice3","J01-100","Low","J01-100_slice3","Willow_Germination","1","Low"
"437",497,"Willow","Seedling","Depth","critical","slice3","J01-100","High","J01-100_slice3","Willow_Seedling","3","High"
"438",603,"Willow","Seedling","Shear Stress","critical","slice3","J01-100","High","J01-100_slice3","Willow_Seedling","3","High"
"439",74,"Chub","Adult","Depth","Annual","slice3","J03-010","Low","J03-010_slice3","Chub_Adult","1","Low"
"440",180,"Chub","Adult","Velocity","Annual","slice3","J03-010","Low","J03-010_slice3","Chub_Adult","1","Low"
"441",286,"Willow","Adult","StreamPower","Annual","slice3","J03-010","High","J03-010_slice3","Willow_Adult","3","High"
"442",392,"Willow","Germination","Depth","critical","slice3","J03-010","Low","J03-010_slice3","Willow_Germination","1","Low"
"443",498,"Willow","Seedling","Depth","critical","slice3","J03-010","High","J03-010_slice3","Willow_Seedling","3","High"
"444",604,"Willow","Seedling","Shear Stress","critical","slice3","J03-010","High","J03-010_slice3","Willow_Seedling","3","High"
"445",75,"Chub","Adult","Depth","Annual","slice3","J04-010","Low","J04-010_slice3","Chub_Adult","1","Low"
"446",181,"Chub","Adult","Velocity","Annual","slice3","J04-010","Low","J04-010_slice3","Chub_Adult","1","Low"
"447",287,"Willow","Adult","StreamPower","Annual","slice3","J04-010","High","J04-010_slice3","Willow_Adult","3","High"
"448",393,"Willow","Germination","Depth","critical","slice3","J04-010","Low","J04-010_slice3","Willow_Germination","1","Low"
"449",499,"Willow","Seedling","Depth","critical","slice3","J04-010","High","J04-010_slice3","Willow_Seedling","3","High"
"450",605,"Willow","Seedling","Shear Stress","critical","slice3","J04-010","High","J04-010_slice3","Willow_Seedling","3","High"
"451",76,"Chub","Adult","Depth","Annual","slice3","J05-010","Low","J05-010_slice3","Chub_Adult","1","Low"
"452",182,"Chub","Adult","Velocity","Annual","slice3","J05-010","Low","J05-010_slice3","Chub_Adult","1","Low"
"453",288,"Willow","Adult","StreamPower","Annual","slice3","J05-010","High","J05-010_slice3","Willow_Adult","3","High"
"454",394,"Willow","Germination","Depth","critical","slice3","J05-010","Low","J05-010_slice3","Willow_Germination","1","Low"
"455",500,"Willow","Seedling","Depth","critical","slice3","J05-010","High","J05-010_slice3","Willow_Seedling","3","High"
"456",606,"Willow","Seedling","Shear Stress","critical","slice3","J05-010","High","J05-010_slice3","Willow_Seedling","3","High"
"457",77,"Chub","Adult","Depth","Annual","slice3","J07-010","Low","J07-010_slice3","Chub_Adult","1","Low"
"458",183,"Chub","Adult","Velocity","Annual","slice3","J07-010","Low","J07-010_slice3","Chub_Adult","1","Low"
"459",289,"Willow","Adult","StreamPower","Annual","slice3","J07-010","High","J07-010_slice3","Willow_Adult","3","High"
"460",395,"Willow","Germination","Depth","critical","slice3","J07-010","Low","J07-010_slice3","Willow_Germination","1","Low"
"461",501,"Willow","Seedling","Depth","critical","slice3","J07-010","High","J07-010_slice3","Willow_Seedling","3","High"
"462",607,"Willow","Seedling","Shear Stress","critical","slice3","J07-010","High","J07-010_slice3","Willow_Seedling","3","High"
"463",78,"Chub","Adult","Depth","Annual","slice3","L01-060","Low","L01-060_slice3","Chub_Adult","1","Low"
"464",184,"Chub","Adult","Velocity","Annual","slice3","L01-060","Low","L01-060_slice3","Chub_Adult","1","Low"
"465",290,"Willow","Adult","StreamPower","Annual","slice3","L01-060","High","L01-060_slice3","Willow_Adult","3","High"
"466",396,"Willow","Germination","Depth","critical","slice3","L01-060","Low","L01-060_slice3","Willow_Germination","1","Low"
"467",502,"Willow","Seedling","Depth","critical","slice3","L01-060","High","L01-060_slice3","Willow_Seedling","3","High"
"468",608,"Willow","Seedling","Shear Stress","critical","slice3","L01-060","High","L01-060_slice3","Willow_Seedling","3","High"
"469",79,"Chub","Adult","Depth","Annual","slice3","L01-080","Low","L01-080_slice3","Chub_Adult","1","Low"
"470",185,"Chub","Adult","Velocity","Annual","slice3","L01-080","High","L01-080_slice3","Chub_Adult","3","Low"
"471",291,"Willow","Adult","StreamPower","Annual","slice3","L01-080","High","L01-080_slice3","Willow_Adult","3","High"
"472",397,"Willow","Germination","Depth","critical","slice3","L01-080","Low","L01-080_slice3","Willow_Germination","1","Low"
"473",503,"Willow","Seedling","Depth","critical","slice3","L01-080","High","L01-080_slice3","Willow_Seedling","3","High"
"474",609,"Willow","Seedling","Shear Stress","critical","slice3","L01-080","High","L01-080_slice3","Willow_Seedling","3","High"
"475",80,"Chub","Adult","Depth","Annual","slice3","L01-100","Low","L01-100_slice3","Chub_Adult","1","Low"
"476",186,"Chub","Adult","Velocity","Annual","slice3","L01-100","Low","L01-100_slice3","Chub_Adult","1","Low"
"477",292,"Willow","Adult","StreamPower","Annual","slice3","L01-100","High","L01-100_slice3","Willow_Adult","3","High"
"478",398,"Willow","Germination","Depth","critical","slice3","L01-100","Low","L01-100_slice3","Willow_Germination","1","Low"
"479",504,"Willow","Seedling","Depth","critical","slice3","L01-100","High","L01-100_slice3","Willow_Seedling","3","High"
"480",610,"Willow","Seedling","Shear Stress","critical","slice3","L01-100","High","L01-100_slice3","Willow_Seedling","3","High"
"481",81,"Chub","Adult","Depth","Annual","slice3","L02-010","Low","L02-010_slice3","Chub_Adult","1","Low"
"482",187,"Chub","Adult","Velocity","Annual","slice3","L02-010","Low","L02-010_slice3","Chub_Adult","1","Low"
"483",293,"Willow","Adult","StreamPower","Annual","slice3","L02-010","High","L02-010_slice3","Willow_Adult","3","High"
"484",399,"Willow","Germination","Depth","critical","slice3","L02-010","Low","L02-010_slice3","Willow_Germination","1","Low"
"485",505,"Willow","Seedling","Depth","critical","slice3","L02-010","High","L02-010_slice3","Willow_Seedling","3","High"
"486",611,"Willow","Seedling","Shear Stress","critical","slice3","L02-010","High","L02-010_slice3","Willow_Seedling","3","High"
"487",82,"Chub","Adult","Depth","Annual","slice3","L02-020","Low","L02-020_slice3","Chub_Adult","1","Low"
"488",188,"Chub","Adult","Velocity","Annual","slice3","L02-020","Low","L02-020_slice3","Chub_Adult","1","Low"
"489",294,"Willow","Adult","StreamPower","Annual","slice3","L02-020","High","L02-020_slice3","Willow_Adult","3","High"
"490",400,"Willow","Germination","Depth","critical","slice3","L02-020","Low","L02-020_slice3","Willow_Germination","1","Low"
"491",506,"Willow","Seedling","Depth","critical","slice3","L02-020","High","L02-020_slice3","Willow_Seedling","3","High"
"492",612,"Willow","Seedling","Shear Stress","critical","slice3","L02-020","High","L02-020_slice3","Willow_Seedling","3","High"
"493",83,"Chub","Adult","Depth","Annual","slice3","L02-021","Low","L02-021_slice3","Chub_Adult","1","Low"
"494",189,"Chub","Adult","Velocity","Annual","slice3","L02-021","Partial","L02-021_slice3","Chub_Adult","2","Low"
"495",295,"Willow","Adult","StreamPower","Annual","slice3","L02-021","High","L02-021_slice3","Willow_Adult","3","High"
"496",401,"Willow","Germination","Depth","critical","slice3","L02-021","Low","L02-021_slice3","Willow_Germination","1","Low"
"497",507,"Willow","Seedling","Depth","critical","slice3","L02-021","High","L02-021_slice3","Willow_Seedling","3","Low"
"498",613,"Willow","Seedling","Shear Stress","critical","slice3","L02-021","Low","L02-021_slice3","Willow_Seedling","1","Low"
"499",84,"Chub","Adult","Depth","Annual","slice3","L02-022","Low","L02-022_slice3","Chub_Adult","1","Low"
"500",190,"Chub","Adult","Velocity","Annual","slice3","L02-022","Low","L02-022_slice3","Chub_Adult","1","Low"
"501",296,"Willow","Adult","StreamPower","Annual","slice3","L02-022","High","L02-022_slice3","Willow_Adult","3","High"
"502",402,"Willow","Germination","Depth","critical","slice3","L02-022","Low","L02-022_slice3","Willow_Germination","1","Low"
"503",508,"Willow","Seedling","Depth","critical","slice3","L02-022","High","L02-022_slice3","Willow_Seedling","3","High"
"504",614,"Willow","Seedling","Shear Stress","critical","slice3","L02-022","High","L02-022_slice3","Willow_Seedling","3","High"
"505",85,"Chub","Adult","Depth","Annual","slice3","L02-023","Low","L02-023_slice3","Chub_Adult","1","Low"
"506",191,"Chub","Adult","Velocity","Annual","slice3","L02-023","Low","L02-023_slice3","Chub_Adult","1","Low"
"507",297,"Willow","Adult","StreamPower","Annual","slice3","L02-023","High","L02-023_slice3","Willow_Adult","3","High"
"508",403,"Willow","Germination","Depth","critical","slice3","L02-023","Low","L02-023_slice3","Willow_Germination","1","Low"
"509",509,"Willow","Seedling","Depth","critical","slice3","L02-023","High","L02-023_slice3","Willow_Seedling","3","High"
"510",615,"Willow","Seedling","Shear Stress","critical","slice3","L02-023","High","L02-023_slice3","Willow_Seedling","3","High"
"511",86,"Chub","Adult","Depth","Annual","slice3","L02-030","Low","L02-030_slice3","Chub_Adult","1","Low"
"512",192,"Chub","Adult","Velocity","Annual","slice3","L02-030","Low","L02-030_slice3","Chub_Adult","1","Low"
"513",298,"Willow","Adult","StreamPower","Annual","slice3","L02-030","High","L02-030_slice3","Willow_Adult","3","High"
"514",404,"Willow","Germination","Depth","critical","slice3","L02-030","Low","L02-030_slice3","Willow_Germination","1","Low"
"515",510,"Willow","Seedling","Depth","critical","slice3","L02-030","High","L02-030_slice3","Willow_Seedling","3","High"
"516",616,"Willow","Seedling","Shear Stress","critical","slice3","L02-030","High","L02-030_slice3","Willow_Seedling","3","High"
"517",87,"Chub","Adult","Depth","Annual","slice3","L02-031","Low","L02-031_slice3","Chub_Adult","1","Low"
"518",193,"Chub","Adult","Velocity","Annual","slice3","L02-031","Low","L02-031_slice3","Chub_Adult","1","Low"
"519",299,"Willow","Adult","StreamPower","Annual","slice3","L02-031","High","L02-031_slice3","Willow_Adult","3","High"
"520",405,"Willow","Germination","Depth","critical","slice3","L02-031","Low","L02-031_slice3","Willow_Germination","1","Low"
"521",511,"Willow","Seedling","Depth","critical","slice3","L02-031","High","L02-031_slice3","Willow_Seedling","3","High"
"522",617,"Willow","Seedling","Shear Stress","critical","slice3","L02-031","High","L02-031_slice3","Willow_Seedling","3","High"
"523",88,"Chub","Adult","Depth","Annual","slice3","L02-040","Low","L02-040_slice3","Chub_Adult","1","Low"
"524",194,"Chub","Adult","Velocity","Annual","slice3","L02-040","Low","L02-040_slice3","Chub_Adult","1","Low"
"525",300,"Willow","Adult","StreamPower","Annual","slice3","L02-040","High","L02-040_slice3","Willow_Adult","3","High"
"526",406,"Willow","Germination","Depth","critical","slice3","L02-040","Low","L02-040_slice3","Willow_Germination","1","Low"
"527",512,"Willow","Seedling","Depth","critical","slice3","L02-040","High","L02-040_slice3","Willow_Seedling","3","High"
"528",618,"Willow","Seedling","Shear Stress","critical","slice3","L02-040","High","L02-040_slice3","Willow_Seedling","3","High"
"529",89,"Chub","Adult","Depth","Annual","slice3","L02-041","Low","L02-041_slice3","Chub_Adult","1","Low"
"530",195,"Chub","Adult","Velocity","Annual","slice3","L02-041","Low","L02-041_slice3","Chub_Adult","1","Low"
"531",301,"Willow","Adult","StreamPower","Annual","slice3","L02-041","High","L02-041_slice3","Willow_Adult","3","High"
"532",407,"Willow","Germination","Depth","critical","slice3","L02-041","Low","L02-041_slice3","Willow_Germination","1","Low"
"533",513,"Willow","Seedling","Depth","critical","slice3","L02-041","High","L02-041_slice3","Willow_Seedling","3","High"
"534",619,"Willow","Seedling","Shear Stress","critical","slice3","L02-041","High","L02-041_slice3","Willow_Seedling","3","High"
"535",90,"Chub","Adult","Depth","Annual","slice3","L02-050","Low","L02-050_slice3","Chub_Adult","1","Low"
"536",196,"Chub","Adult","Velocity","Annual","slice3","L02-050","Low","L02-050_slice3","Chub_Adult","1","Low"
"537",302,"Willow","Adult","StreamPower","Annual","slice3","L02-050","High","L02-050_slice3","Willow_Adult","3","High"
"538",408,"Willow","Germination","Depth","critical","slice3","L02-050","Low","L02-050_slice3","Willow_Germination","1","Low"
"539",514,"Willow","Seedling","Depth","critical","slice3","L02-050","High","L02-050_slice3","Willow_Seedling","3","High"
"540",620,"Willow","Seedling","Shear Stress","critical","slice3","L02-050","High","L02-050_slice3","Willow_Seedling","3","High"
"541",91,"Chub","Adult","Depth","Annual","slice3","L02-051","Low","L02-051_slice3","Chub_Adult","1","Low"
"542",197,"Chub","Adult","Velocity","Annual","slice3","L02-051","Low","L02-051_slice3","Chub_Adult","1","Low"
"543",303,"Willow","Adult","StreamPower","Annual","slice3","L02-051","High","L02-051_slice3","Willow_Adult","3","High"
"544",409,"Willow","Germination","Depth","critical","slice3","L02-051","Low","L02-051_slice3","Willow_Germination","1","Low"
"545",515,"Willow","Seedling","Depth","critical","slice3","L02-051","High","L02-051_slice3","Willow_Seedling","3","High"
"546",621,"Willow","Seedling","Shear Stress","critical","slice3","L02-051","High","L02-051_slice3","Willow_Seedling","3","High"
"547",92,"Chub","Adult","Depth","Annual","slice4","J01-020","Low","J01-020_slice4","Chub_Adult","1","Low"
"548",198,"Chub","Adult","Velocity","Annual","slice4","J01-020","Low","J01-020_slice4","Chub_Adult","1","Low"
"549",304,"Willow","Adult","StreamPower","Annual","slice4","J01-020","High","J01-020_slice4","Willow_Adult","3","High"
"550",410,"Willow","Germination","Depth","critical","slice4","J01-020","Low","J01-020_slice4","Willow_Germination","1","Low"
"551",516,"Willow","Seedling","Depth","critical","slice4","J01-020","High","J01-020_slice4","Willow_Seedling","3","High"
"552",622,"Willow","Seedling","Shear Stress","critical","slice4","J01-020","High","J01-020_slice4","Willow_Seedling","3","High"
"553",93,"Chub","Adult","Depth","Annual","slice4","J01-030","Low","J01-030_slice4","Chub_Adult","1","Low"
"554",199,"Chub","Adult","Velocity","Annual","slice4","J01-030","Low","J01-030_slice4","Chub_Adult","1","Low"
"555",305,"Willow","Adult","StreamPower","Annual","slice4","J01-030","High","J01-030_slice4","Willow_Adult","3","High"
"556",411,"Willow","Germination","Depth","critical","slice4","J01-030","Low","J01-030_slice4","Willow_Germination","1","Low"
"557",517,"Willow","Seedling","Depth","critical","slice4","J01-030","High","J01-030_slice4","Willow_Seedling","3","High"
"558",623,"Willow","Seedling","Shear Stress","critical","slice4","J01-030","High","J01-030_slice4","Willow_Seedling","3","High"
"559",94,"Chub","Adult","Depth","Annual","slice4","J01-040","Low","J01-040_slice4","Chub_Adult","1","Low"
"560",200,"Chub","Adult","Velocity","Annual","slice4","J01-040","High","J01-040_slice4","Chub_Adult","3","Low"
"561",306,"Willow","Adult","StreamPower","Annual","slice4","J01-040","High","J01-040_slice4","Willow_Adult","3","High"
"562",412,"Willow","Germination","Depth","critical","slice4","J01-040","Low","J01-040_slice4","Willow_Germination","1","Low"
"563",518,"Willow","Seedling","Depth","critical","slice4","J01-040","High","J01-040_slice4","Willow_Seedling","3","High"
"564",624,"Willow","Seedling","Shear Stress","critical","slice4","J01-040","High","J01-040_slice4","Willow_Seedling","3","High"
"565",95,"Chub","Adult","Depth","Annual","slice4","J04-010","Low","J04-010_slice4","Chub_Adult","1","Low"
"566",201,"Chub","Adult","Velocity","Annual","slice4","J04-010","Low","J04-010_slice4","Chub_Adult","1","Low"
"567",307,"Willow","Adult","StreamPower","Annual","slice4","J04-010","High","J04-010_slice4","Willow_Adult","3","High"
"568",413,"Willow","Germination","Depth","critical","slice4","J04-010","Low","J04-010_slice4","Willow_Germination","1","Low"
"569",519,"Willow","Seedling","Depth","critical","slice4","J04-010","High","J04-010_slice4","Willow_Seedling","3","High"
"570",625,"Willow","Seedling","Shear Stress","critical","slice4","J04-010","High","J04-010_slice4","Willow_Seedling","3","High"
"571",96,"Chub","Adult","Depth","Annual","slice4","J05-010","Low","J05-010_slice4","Chub_Adult","1","Low"
"572",202,"Chub","Adult","Velocity","Annual","slice4","J05-010","Low","J05-010_slice4","Chub_Adult","1","Low"
"573",308,"Willow","Adult","StreamPower","Annual","slice4","J05-010","High","J05-010_slice4","Willow_Adult","3","High"
"574",414,"Willow","Germination","Depth","critical","slice4","J05-010","Low","J05-010_slice4","Willow_Germination","1","Low"
"575",520,"Willow","Seedling","Depth","critical","slice4","J05-010","High","J05-010_slice4","Willow_Seedling","3","High"
"576",626,"Willow","Seedling","Shear Stress","critical","slice4","J05-010","High","J05-010_slice4","Willow_Seedling","3","High"
"577",97,"Chub","Adult","Depth","Annual","slice4","L01-100","Low","L01-100_slice4","Chub_Adult","1","Low"
"578",203,"Chub","Adult","Velocity","Annual","slice4","L01-100","Low","L01-100_slice4","Chub_Adult","1","Low"
"579",309,"Willow","Adult","StreamPower","Annual","slice4","L01-100","High","L01-100_slice4","Willow_Adult","3","High"
"580",415,"Willow","Germination","Depth","critical","slice4","L01-100","Low","L01-100_slice4","Willow_Germination","1","Low"
"581",521,"Willow","Seedling","Depth","critical","slice4","L01-100","High","L01-100_slice4","Willow_Seedling","3","High"
"582",627,"Willow","Seedling","Shear Stress","critical","slice4","L01-100","High","L01-100_slice4","Willow_Seedling","3","High"
"583",98,"Chub","Adult","Depth","Annual","slice4","L02-021","Low","L02-021_slice4","Chub_Adult","1","Low"
"584",204,"Chub","Adult","Velocity","Annual","slice4","L02-021","Low","L02-021_slice4","Chub_Adult","1","Low"
"585",310,"Willow","Adult","StreamPower","Annual","slice4","L02-021","High","L02-021_slice4","Willow_Adult","3","High"
"586",416,"Willow","Germination","Depth","critical","slice4","L02-021","Low","L02-021_slice4","Willow_Germination","1","Low"
"587",522,"Willow","Seedling","Depth","critical","slice4","L02-021","High","L02-021_slice4","Willow_Seedling","3","High"
"588",628,"Willow","Seedling","Shear Stress","critical","slice4","L02-021","High","L02-021_slice4","Willow_Seedling","3","High"
"589",99,"Chub","Adult","Depth","Annual","slice4","L02-022","Low","L02-022_slice4","Chub_Adult","1","Low"
"590",205,"Chub","Adult","Velocity","Annual","slice4","L02-022","Low","L02-022_slice4","Chub_Adult","1","Low"
"591",311,"Willow","Adult","StreamPower","Annual","slice4","L02-022","High","L02-022_slice4","Willow_Adult","3","High"
"592",417,"Willow","Germination","Depth","critical","slice4","L02-022","Low","L02-022_slice4","Willow_Germination","1","Low"
"593",523,"Willow","Seedling","Depth","critical","slice4","L02-022","High","L02-022_slice4","Willow_Seedling","3","High"
"594",629,"Willow","Seedling","Shear Stress","critical","slice4","L02-022","High","L02-022_slice4","Willow_Seedling","3","High"
"595",100,"Chub","Adult","Depth","Annual","slice4","L02-023","Low","L02-023_slice4","Chub_Adult","1","Low"
"596",206,"Chub","Adult","Velocity","Annual","slice4","L02-023","Partial","L02-023_slice4","Chub_Adult","2","Low"
"597",312,"Willow","Adult","StreamPower","Annual","slice4","L02-023","High","L02-023_slice4","Willow_Adult","3","High"
"598",418,"Willow","Germination","Depth","critical","slice4","L02-023","Low","L02-023_slice4","Willow_Germination","1","Low"
"599",524,"Willow","Seedling","Depth","critical","slice4","L02-023","High","L02-023_slice4","Willow_Seedling","3","Low"
"600",630,"Willow","Seedling","Shear Stress","critical","slice4","L02-023","Low","L02-023_slice4","Willow_Seedling","1","Low"
"601",101,"Chub","Adult","Depth","Annual","slice4","L02-031","Low","L02-031_slice4","Chub_Adult","1","Low"
"602",207,"Chub","Adult","Velocity","Annual","slice4","L02-031","Partial","L02-031_slice4","Chub_Adult","2","Low"
"603",313,"Willow","Adult","StreamPower","Annual","slice4","L02-031","High","L02-031_slice4","Willow_Adult","3","High"
"604",419,"Willow","Germination","Depth","critical","slice4","L02-031","Low","L02-031_slice4","Willow_Germination","1","Low"
"605",525,"Willow","Seedling","Depth","critical","slice4","L02-031","High","L02-031_slice4","Willow_Seedling","3","Low"
"606",631,"Willow","Seedling","Shear Stress","critical","slice4","L02-031","Low","L02-031_slice4","Willow_Seedling","1","Low"
"607",102,"Chub","Adult","Depth","Annual","slice4","L02-040","Low","L02-040_slice4","Chub_Adult","1","Low"
"608",208,"Chub","Adult","Velocity","Annual","slice4","L02-040","Partial","L02-040_slice4","Chub_Adult","2","Low"
"609",314,"Willow","Adult","StreamPower","Annual","slice4","L02-040","High","L02-040_slice4","Willow_Adult","3","High"
"610",420,"Willow","Germination","Depth","critical","slice4","L02-040","Low","L02-040_slice4","Willow_Germination","1","Low"
"611",526,"Willow","Seedling","Depth","critical","slice4","L02-040","High","L02-040_slice4","Willow_Seedling","3","Low"
"612",632,"Willow","Seedling","Shear Stress","critical","slice4","L02-040","Low","L02-040_slice4","Willow_Seedling","1","Low"
"613",103,"Chub","Adult","Depth","Annual","slice5","J01-030","Low","J01-030_slice5","Chub_Adult","1","Low"
"614",209,"Chub","Adult","Velocity","Annual","slice5","J01-030","Low","J01-030_slice5","Chub_Adult","1","Low"
"615",315,"Willow","Adult","StreamPower","Annual","slice5","J01-030","High","J01-030_slice5","Willow_Adult","3","High"
"616",421,"Willow","Germination","Depth","critical","slice5","J01-030","Low","J01-030_slice5","Willow_Germination","1","Low"
"617",527,"Willow","Seedling","Depth","critical","slice5","J01-030","High","J01-030_slice5","Willow_Seedling","3","High"
"618",633,"Willow","Seedling","Shear Stress","critical","slice5","J01-030","High","J01-030_slice5","Willow_Seedling","3","High"
"619",104,"Chub","Adult","Depth","Annual","slice5","J01-040","Low","J01-040_slice5","Chub_Adult","1","Low"
"620",210,"Chub","Adult","Velocity","Annual","slice5","J01-040","Low","J01-040_slice5","Chub_Adult","1","Low"
"621",316,"Willow","Adult","StreamPower","Annual","slice5","J01-040","High","J01-040_slice5","Willow_Adult","3","High"
"622",422,"Willow","Germination","Depth","critical","slice5","J01-040","Low","J01-040_slice5","Willow_Germination","1","Low"
"623",528,"Willow","Seedling","Depth","critical","slice5","J01-040","High","J01-040_slice5","Willow_Seedling","3","High"
"624",634,"Willow","Seedling","Shear Stress","critical","slice5","J01-040","High","J01-040_slice5","Willow_Seedling","3","High"
"625",105,"Chub","Adult","Depth","Annual","slice5","L02-022","Low","L02-022_slice5","Chub_Adult","1","Low"
"626",211,"Chub","Adult","Velocity","Annual","slice5","L02-022","Low","L02-022_slice5","Chub_Adult","1","Low"
"627",317,"Willow","Adult","StreamPower","Annual","slice5","L02-022","High","L02-022_slice5","Willow_Adult","3","High"
"628",423,"Willow","Germination","Depth","critical","slice5","L02-022","Low","L02-022_slice5","Willow_Germination","1","Low"
"629",529,"Willow","Seedling","Depth","critical","slice5","L02-022","High","L02-022_slice5","Willow_Seedling","3","High"
"630",635,"Willow","Seedling","Shear Stress","critical","slice5","L02-022","High","L02-022_slice5","Willow_Seedling","3","High"
"631",106,"Chub","Adult","Depth","Annual","slice6","L02-022","Low","L02-022_slice6","Chub_Adult","1","Low"
"632",212,"Chub","Adult","Velocity","Annual","slice6","L02-022","Partial","L02-022_slice6","Chub_Adult","2","Low"
"633",318,"Willow","Adult","StreamPower","Annual","slice6","L02-022","High","L02-022_slice6","Willow_Adult","3","High"
"634",424,"Willow","Germination","Depth","critical","slice6","L02-022","Low","L02-022_slice6","Willow_Germination","1","Low"
"635",530,"Willow","Seedling","Depth","critical","slice6","L02-022","High","L02-022_slice6","Willow_Seedling","3","Low"
"636",636,"Willow","Seedling","Shear Stress","critical","slice6","L02-022","Low","L02-022_slice6","Willow_Seedling","1","Low"
