"","month_year","water_year","month","position","Node","TimePeriod","DaysPerMonth","Species","Life_Stage","Hydraulic","Suitability_Class"
"1","Jan 1993",1993,1,"slice1","J01-010","non_critical",31,"Toad","Tadpole","Depth","High"
"2","Jan 1993",1993,1,"slice2","J01-010","non_critical",31,"Toad","Tadpole","Depth","High"
"3","Jan 1993",1993,1,"slice3","J01-010","non_critical",31,"Toad","Tadpole","Depth","High"
"4","Jan 1994",1994,1,"slice1","J01-010","non_critical",22,"Toad","Tadpole","Depth","High"
"5","Jan 1994",1994,1,"slice2","J01-010","non_critical",17,"Toad","Tadpole","Depth","High"
"6","Jan 1994",1994,1,"slice3","J01-010","non_critical",20,"Toad","Tadpole","Depth","High"
"7","Jan 1995",1995,1,"slice1","J01-010","non_critical",29,"Toad","Tadpole","Depth","High"
"8","Jan 1995",1995,1,"slice2","J01-010","non_critical",26,"Toad","Tadpole","Depth","High"
"9","Jan 1995",1995,1,"slice3","J01-010","non_critical",28,"Toad","Tadpole","Depth","High"
"10","Jan 1996",1996,1,"slice1","J01-010","non_critical",25,"Toad","Tadpole","Depth","High"
"11","Jan 1996",1996,1,"slice2","J01-010","non_critical",23,"Toad","Tadpole","Depth","High"
"12","Jan 1996",1996,1,"slice3","J01-010","non_critical",24,"Toad","Tadpole","Depth","High"
"13","Jan 1997",1997,1,"slice1","J01-010","non_critical",28,"Toad","Tadpole","Depth","High"
"14","Jan 1997",1997,1,"slice2","J01-010","non_critical",26,"Toad","Tadpole","Depth","High"
"15","Jan 1997",1997,1,"slice3","J01-010","non_critical",27,"Toad","Tadpole","Depth","High"
"16","Jan 1998",1998,1,"slice1","J01-010","non_critical",29,"Toad","Tadpole","Depth","High"
"17","Jan 1998",1998,1,"slice2","J01-010","non_critical",28,"Toad","Tadpole","Depth","High"
"18","Jan 1998",1998,1,"slice3","J01-010","non_critical",28,"Toad","Tadpole","Depth","High"
"19","Jan 1999",1999,1,"slice1","J01-010","non_critical",31,"Toad","Tadpole","Depth","High"
"20","Jan 1999",1999,1,"slice2","J01-010","non_critical",31,"Toad","Tadpole","Depth","High"
"21","Jan 1999",1999,1,"slice3","J01-010","non_critical",31,"Toad","Tadpole","Depth","High"
"22","Jan 2000",2000,1,"slice1","J01-010","non_critical",29,"Toad","Tadpole","Depth","High"
"23","Jan 2000",2000,1,"slice2","J01-010","non_critical",26,"Toad","Tadpole","Depth","High"
"24","Jan 2000",2000,1,"slice3","J01-010","non_critical",28,"Toad","Tadpole","Depth","High"
"25","Jan 2001",2001,1,"slice1","J01-010","non_critical",31,"Toad","Tadpole","Depth","High"
"26","Jan 2001",2001,1,"slice2","J01-010","non_critical",30,"Toad","Tadpole","Depth","High"
"27","Jan 2001",2001,1,"slice3","J01-010","non_critical",30,"Toad","Tadpole","Depth","High"
"28","Jan 2002",2002,1,"slice1","J01-010","non_critical",31,"Toad","Tadpole","Depth","High"
"29","Jan 2002",2002,1,"slice2","J01-010","non_critical",31,"Toad","Tadpole","Depth","High"
"30","Jan 2002",2002,1,"slice3","J01-010","non_critical",31,"Toad","Tadpole","Depth","High"
"31","Jan 2003",2003,1,"slice1","J01-010","non_critical",31,"Toad","Tadpole","Depth","High"
"32","Jan 2003",2003,1,"slice2","J01-010","non_critical",31,"Toad","Tadpole","Depth","High"
"33","Jan 2003",2003,1,"slice3","J01-010","non_critical",31,"Toad","Tadpole","Depth","High"
"34","Jan 2004",2004,1,"slice1","J01-010","non_critical",24,"Toad","Tadpole","Depth","High"
"35","Jan 2004",2004,1,"slice2","J01-010","non_critical",22,"Toad","Tadpole","Depth","High"
"36","Jan 2004",2004,1,"slice3","J01-010","non_critical",24,"Toad","Tadpole","Depth","High"
"37","Jan 2005",2005,1,"slice1","J01-010","non_critical",30,"Toad","Tadpole","Depth","High"
"38","Jan 2005",2005,1,"slice2","J01-010","non_critical",30,"Toad","Tadpole","Depth","High"
"39","Jan 2005",2005,1,"slice3","J01-010","non_critical",30,"Toad","Tadpole","Depth","High"
"40","Jan 2006",2006,1,"slice1","J01-010","non_critical",31,"Toad","Tadpole","Depth","High"
"41","Jan 2006",2006,1,"slice2","J01-010","non_critical",31,"Toad","Tadpole","Depth","High"
"42","Jan 2006",2006,1,"slice3","J01-010","non_critical",31,"Toad","Tadpole","Depth","High"
"43","Jan 2007",2007,1,"slice1","J01-010","non_critical",27,"Toad","Tadpole","Depth","High"
"44","Jan 2007",2007,1,"slice2","J01-010","non_critical",25,"Toad","Tadpole","Depth","High"
"45","Jan 2007",2007,1,"slice3","J01-010","non_critical",26,"Toad","Tadpole","Depth","High"
"46","Jan 2008",2008,1,"slice1","J01-010","non_critical",30,"Toad","Tadpole","Depth","High"
"47","Jan 2008",2008,1,"slice2","J01-010","non_critical",30,"Toad","Tadpole","Depth","High"
"48","Jan 2008",2008,1,"slice3","J01-010","non_critical",30,"Toad","Tadpole","Depth","High"
"49","Jan 2009",2009,1,"slice1","J01-010","non_critical",26,"Toad","Tadpole","Depth","High"
"50","Jan 2009",2009,1,"slice2","J01-010","non_critical",25,"Toad","Tadpole","Depth","High"
"51","Jan 2009",2009,1,"slice3","J01-010","non_critical",26,"Toad","Tadpole","Depth","High"
"52","Jan 2010",2010,1,"slice1","J01-010","non_critical",31,"Toad","Tadpole","Depth","High"
"53","Jan 2010",2010,1,"slice2","J01-010","non_critical",30,"Toad","Tadpole","Depth","High"
"54","Jan 2010",2010,1,"slice3","J01-010","non_critical",31,"Toad","Tadpole","Depth","High"
"55","Jan 2011",2011,1,"slice1","J01-010","non_critical",31,"Toad","Tadpole","Depth","High"
"56","Jan 2011",2011,1,"slice2","J01-010","non_critical",29,"Toad","Tadpole","Depth","High"
"57","Jan 2011",2011,1,"slice3","J01-010","non_critical",30,"Toad","Tadpole","Depth","High"
"58","Jan 2012",2012,1,"slice1","J01-010","non_critical",31,"Toad","Tadpole","Depth","High"
"59","Jan 2012",2012,1,"slice2","J01-010","non_critical",30,"Toad","Tadpole","Depth","High"
"60","Jan 2012",2012,1,"slice3","J01-010","non_critical",30,"Toad","Tadpole","Depth","High"
"61","Jan 2013",2013,1,"slice1","J01-010","non_critical",31,"Toad","Tadpole","Depth","High"
"62","Jan 2013",2013,1,"slice2","J01-010","non_critical",31,"Toad","Tadpole","Depth","High"
"63","Jan 2013",2013,1,"slice3","J01-010","non_critical",31,"Toad","Tadpole","Depth","High"
"64","Jan 2014",2014,1,"slice1","J01-010","non_critical",30,"Toad","Tadpole","Depth","High"
"65","Jan 2014",2014,1,"slice2","J01-010","non_critical",30,"Toad","Tadpole","Depth","High"
"66","Jan 2014",2014,1,"slice3","J01-010","non_critical",30,"Toad","Tadpole","Depth","High"
"67","Jan 2015",2015,1,"slice1","J01-010","non_critical",29,"Toad","Tadpole","Depth","High"
"68","Jan 2015",2015,1,"slice2","J01-010","non_critical",28,"Toad","Tadpole","Depth","High"
"69","Jan 2015",2015,1,"slice3","J01-010","non_critical",28,"Toad","Tadpole","Depth","High"
"70","Jan 2016",2016,1,"slice1","J01-010","non_critical",24,"Toad","Tadpole","Depth","High"
"71","Jan 2016",2016,1,"slice2","J01-010","non_critical",20,"Toad","Tadpole","Depth","High"
"72","Jan 2016",2016,1,"slice3","J01-010","non_critical",22,"Toad","Tadpole","Depth","High"
"73","Jan 2017",2017,1,"slice1","J01-010","non_critical",30,"Toad","Tadpole","Depth","High"
"74","Jan 2017",2017,1,"slice2","J01-010","non_critical",29,"Toad","Tadpole","Depth","High"
"75","Jan 2017",2017,1,"slice3","J01-010","non_critical",30,"Toad","Tadpole","Depth","High"
"76","Jan 2018",2018,1,"slice1","J01-010","non_critical",27,"Toad","Tadpole","Depth","High"
"77","Jan 2018",2018,1,"slice2","J01-010","non_critical",25,"Toad","Tadpole","Depth","High"
"78","Jan 2018",2018,1,"slice3","J01-010","non_critical",26,"Toad","Tadpole","Depth","High"
"79","Feb 1993",1993,2,"slice1","J01-010","non_critical",25,"Toad","Tadpole","Depth","High"
"80","Feb 1993",1993,2,"slice2","J01-010","non_critical",22,"Toad","Tadpole","Depth","High"
"81","Feb 1993",1993,2,"slice3","J01-010","non_critical",25,"Toad","Tadpole","Depth","High"
"82","Feb 1994",1994,2,"slice1","J01-010","non_critical",27,"Toad","Tadpole","Depth","High"
"83","Feb 1994",1994,2,"slice2","J01-010","non_critical",26,"Toad","Tadpole","Depth","High"
"84","Feb 1994",1994,2,"slice3","J01-010","non_critical",26,"Toad","Tadpole","Depth","High"
"85","Feb 1995",1995,2,"slice1","J01-010","non_critical",25,"Toad","Tadpole","Depth","High"
"86","Feb 1995",1995,2,"slice2","J01-010","non_critical",23,"Toad","Tadpole","Depth","High"
"87","Feb 1995",1995,2,"slice3","J01-010","non_critical",23,"Toad","Tadpole","Depth","High"
"88","Feb 1996",1996,2,"slice1","J01-010","non_critical",28,"Toad","Tadpole","Depth","High"
"89","Feb 1996",1996,2,"slice2","J01-010","non_critical",28,"Toad","Tadpole","Depth","High"
"90","Feb 1996",1996,2,"slice3","J01-010","non_critical",28,"Toad","Tadpole","Depth","High"
"91","Feb 1997",1997,2,"slice1","J01-010","non_critical",15,"Toad","Tadpole","Depth","High"
"92","Feb 1997",1997,2,"slice2","J01-010","non_critical",11,"Toad","Tadpole","Depth","Partial"
"93","Feb 1997",1997,2,"slice3","J01-010","non_critical",13,"Toad","Tadpole","Depth","Partial"
"94","Feb 1998",1998,2,"slice1","J01-010","non_critical",28,"Toad","Tadpole","Depth","High"
"95","Feb 1998",1998,2,"slice2","J01-010","non_critical",28,"Toad","Tadpole","Depth","High"
"96","Feb 1998",1998,2,"slice3","J01-010","non_critical",28,"Toad","Tadpole","Depth","High"
"97","Feb 1999",1999,2,"slice1","J01-010","non_critical",24,"Toad","Tadpole","Depth","High"
"98","Feb 1999",1999,2,"slice2","J01-010","non_critical",21,"Toad","Tadpole","Depth","High"
"99","Feb 1999",1999,2,"slice3","J01-010","non_critical",23,"Toad","Tadpole","Depth","High"
"100","Feb 2000",2000,2,"slice1","J01-010","non_critical",23,"Toad","Tadpole","Depth","High"
"101","Feb 2000",2000,2,"slice2","J01-010","non_critical",22,"Toad","Tadpole","Depth","High"
"102","Feb 2000",2000,2,"slice3","J01-010","non_critical",23,"Toad","Tadpole","Depth","High"
"103","Feb 2001",2001,2,"slice1","J01-010","non_critical",28,"Toad","Tadpole","Depth","High"
"104","Feb 2001",2001,2,"slice2","J01-010","non_critical",28,"Toad","Tadpole","Depth","High"
"105","Feb 2001",2001,2,"slice3","J01-010","non_critical",28,"Toad","Tadpole","Depth","High"
"106","Feb 2002",2002,2,"slice1","J01-010","non_critical",24,"Toad","Tadpole","Depth","High"
"107","Feb 2002",2002,2,"slice2","J01-010","non_critical",22,"Toad","Tadpole","Depth","High"
"108","Feb 2002",2002,2,"slice3","J01-010","non_critical",22,"Toad","Tadpole","Depth","High"
"109","Feb 2003",2003,2,"slice1","J01-010","non_critical",25,"Toad","Tadpole","Depth","High"
"110","Feb 2003",2003,2,"slice2","J01-010","non_critical",21,"Toad","Tadpole","Depth","High"
"111","Feb 2003",2003,2,"slice3","J01-010","non_critical",23,"Toad","Tadpole","Depth","High"
"112","Feb 2004",2004,2,"slice1","J01-010","non_critical",20,"Toad","Tadpole","Depth","High"
"113","Feb 2004",2004,2,"slice2","J01-010","non_critical",18,"Toad","Tadpole","Depth","High"
"114","Feb 2004",2004,2,"slice3","J01-010","non_critical",20,"Toad","Tadpole","Depth","High"
"115","Feb 2005",2005,2,"slice1","J01-010","non_critical",27,"Toad","Tadpole","Depth","High"
"116","Feb 2005",2005,2,"slice2","J01-010","non_critical",27,"Toad","Tadpole","Depth","High"
"117","Feb 2005",2005,2,"slice3","J01-010","non_critical",27,"Toad","Tadpole","Depth","High"
"118","Feb 2006",2006,2,"slice1","J01-010","non_critical",28,"Toad","Tadpole","Depth","High"
"119","Feb 2006",2006,2,"slice2","J01-010","non_critical",28,"Toad","Tadpole","Depth","High"
"120","Feb 2006",2006,2,"slice3","J01-010","non_critical",28,"Toad","Tadpole","Depth","High"
"121","Feb 2007",2007,2,"slice1","J01-010","non_critical",27,"Toad","Tadpole","Depth","High"
"122","Feb 2007",2007,2,"slice2","J01-010","non_critical",26,"Toad","Tadpole","Depth","High"
"123","Feb 2007",2007,2,"slice3","J01-010","non_critical",26,"Toad","Tadpole","Depth","High"
"124","Feb 2008",2008,2,"slice1","J01-010","non_critical",25,"Toad","Tadpole","Depth","High"
"125","Feb 2008",2008,2,"slice2","J01-010","non_critical",22,"Toad","Tadpole","Depth","High"
"126","Feb 2008",2008,2,"slice3","J01-010","non_critical",23,"Toad","Tadpole","Depth","High"
"127","Feb 2009",2009,2,"slice1","J01-010","non_critical",25,"Toad","Tadpole","Depth","High"
"128","Feb 2009",2009,2,"slice2","J01-010","non_critical",23,"Toad","Tadpole","Depth","High"
"129","Feb 2009",2009,2,"slice3","J01-010","non_critical",25,"Toad","Tadpole","Depth","High"
"130","Feb 2010",2010,2,"slice1","J01-010","non_critical",27,"Toad","Tadpole","Depth","High"
"131","Feb 2010",2010,2,"slice2","J01-010","non_critical",24,"Toad","Tadpole","Depth","High"
"132","Feb 2010",2010,2,"slice3","J01-010","non_critical",26,"Toad","Tadpole","Depth","High"
"133","Feb 2011",2011,2,"slice1","J01-010","non_critical",29,"Toad","Tadpole","Depth","High"
"134","Feb 2011",2011,2,"slice2","J01-010","non_critical",26,"Toad","Tadpole","Depth","High"
"135","Feb 2011",2011,2,"slice3","J01-010","non_critical",28,"Toad","Tadpole","Depth","High"
"136","Feb 2012",2012,2,"slice1","J01-010","non_critical",28,"Toad","Tadpole","Depth","High"
"137","Feb 2012",2012,2,"slice2","J01-010","non_critical",28,"Toad","Tadpole","Depth","High"
"138","Feb 2012",2012,2,"slice3","J01-010","non_critical",28,"Toad","Tadpole","Depth","High"
"139","Feb 2013",2013,2,"slice1","J01-010","non_critical",27,"Toad","Tadpole","Depth","High"
"140","Feb 2013",2013,2,"slice2","J01-010","non_critical",27,"Toad","Tadpole","Depth","High"
"141","Feb 2013",2013,2,"slice3","J01-010","non_critical",27,"Toad","Tadpole","Depth","High"
"142","Feb 2014",2014,2,"slice1","J01-010","non_critical",28,"Toad","Tadpole","Depth","High"
"143","Feb 2014",2014,2,"slice2","J01-010","non_critical",26,"Toad","Tadpole","Depth","High"
"144","Feb 2014",2014,2,"slice3","J01-010","non_critical",26,"Toad","Tadpole","Depth","High"
"145","Feb 2015",2015,2,"slice1","J01-010","non_critical",29,"Toad","Tadpole","Depth","High"
"146","Feb 2015",2015,2,"slice2","J01-010","non_critical",29,"Toad","Tadpole","Depth","High"
"147","Feb 2015",2015,2,"slice3","J01-010","non_critical",29,"Toad","Tadpole","Depth","High"
"148","Feb 2016",2016,2,"slice1","J01-010","non_critical",26,"Toad","Tadpole","Depth","High"
"149","Feb 2016",2016,2,"slice2","J01-010","non_critical",25,"Toad","Tadpole","Depth","High"
"150","Feb 2016",2016,2,"slice3","J01-010","non_critical",25,"Toad","Tadpole","Depth","High"
"151","Feb 2017",2017,2,"slice1","J01-010","non_critical",28,"Toad","Tadpole","Depth","High"
"152","Feb 2017",2017,2,"slice2","J01-010","non_critical",28,"Toad","Tadpole","Depth","High"
"153","Feb 2017",2017,2,"slice3","J01-010","non_critical",28,"Toad","Tadpole","Depth","High"
"154","Feb 2018",2018,2,"slice1","J01-010","non_critical",22,"Toad","Tadpole","Depth","High"
"155","Feb 2018",2018,2,"slice2","J01-010","non_critical",18,"Toad","Tadpole","Depth","High"
"156","Feb 2018",2018,2,"slice3","J01-010","non_critical",20,"Toad","Tadpole","Depth","High"
"157","Mar 1993",1993,3,"slice1","J01-010","critical",28,"Toad","Tadpole","Depth","High"
"158","Mar 1993",1993,3,"slice2","J01-010","critical",28,"Toad","Tadpole","Depth","High"
"159","Mar 1993",1993,3,"slice3","J01-010","critical",28,"Toad","Tadpole","Depth","High"
"160","Mar 1994",1994,3,"slice1","J01-010","critical",26,"Toad","Tadpole","Depth","High"
"161","Mar 1994",1994,3,"slice2","J01-010","critical",25,"Toad","Tadpole","Depth","High"
"162","Mar 1994",1994,3,"slice3","J01-010","critical",25,"Toad","Tadpole","Depth","High"
"163","Mar 1995",1995,3,"slice1","J01-010","critical",30,"Toad","Tadpole","Depth","High"
"164","Mar 1995",1995,3,"slice2","J01-010","critical",27,"Toad","Tadpole","Depth","High"
"165","Mar 1995",1995,3,"slice3","J01-010","critical",27,"Toad","Tadpole","Depth","High"
"166","Mar 1996",1996,3,"slice1","J01-010","critical",31,"Toad","Tadpole","Depth","High"
"167","Mar 1996",1996,3,"slice2","J01-010","critical",31,"Toad","Tadpole","Depth","High"
"168","Mar 1996",1996,3,"slice3","J01-010","critical",31,"Toad","Tadpole","Depth","High"
"169","Mar 1997",1997,3,"slice1","J01-010","critical",26,"Toad","Tadpole","Depth","High"
"170","Mar 1997",1997,3,"slice2","J01-010","critical",26,"Toad","Tadpole","Depth","High"
"171","Mar 1997",1997,3,"slice3","J01-010","critical",26,"Toad","Tadpole","Depth","High"
"172","Mar 1998",1998,3,"slice1","J01-010","critical",30,"Toad","Tadpole","Depth","High"
"173","Mar 1998",1998,3,"slice2","J01-010","critical",30,"Toad","Tadpole","Depth","High"
"174","Mar 1998",1998,3,"slice3","J01-010","critical",30,"Toad","Tadpole","Depth","High"
"175","Mar 1999",1999,3,"slice1","J01-010","critical",29,"Toad","Tadpole","Depth","High"
"176","Mar 1999",1999,3,"slice2","J01-010","critical",28,"Toad","Tadpole","Depth","High"
"177","Mar 1999",1999,3,"slice3","J01-010","critical",29,"Toad","Tadpole","Depth","High"
"178","Mar 2000",2000,3,"slice1","J01-010","critical",31,"Toad","Tadpole","Depth","High"
"179","Mar 2000",2000,3,"slice2","J01-010","critical",31,"Toad","Tadpole","Depth","High"
"180","Mar 2000",2000,3,"slice3","J01-010","critical",31,"Toad","Tadpole","Depth","High"
"181","Mar 2001",2001,3,"slice1","J01-010","critical",31,"Toad","Tadpole","Depth","High"
"182","Mar 2001",2001,3,"slice2","J01-010","critical",31,"Toad","Tadpole","Depth","High"
"183","Mar 2001",2001,3,"slice3","J01-010","critical",31,"Toad","Tadpole","Depth","High"
"184","Mar 2002",2002,3,"slice1","J01-010","critical",29,"Toad","Tadpole","Depth","High"
"185","Mar 2002",2002,3,"slice2","J01-010","critical",28,"Toad","Tadpole","Depth","High"
"186","Mar 2002",2002,3,"slice3","J01-010","critical",29,"Toad","Tadpole","Depth","High"
"187","Mar 2003",2003,3,"slice1","J01-010","critical",30,"Toad","Tadpole","Depth","High"
"188","Mar 2003",2003,3,"slice2","J01-010","critical",30,"Toad","Tadpole","Depth","High"
"189","Mar 2003",2003,3,"slice3","J01-010","critical",30,"Toad","Tadpole","Depth","High"
"190","Mar 2004",2004,3,"slice1","J01-010","critical",31,"Toad","Tadpole","Depth","High"
"191","Mar 2004",2004,3,"slice2","J01-010","critical",29,"Toad","Tadpole","Depth","High"
"192","Mar 2004",2004,3,"slice3","J01-010","critical",29,"Toad","Tadpole","Depth","High"
"193","Mar 2005",2005,3,"slice1","J01-010","critical",28,"Toad","Tadpole","Depth","High"
"194","Mar 2005",2005,3,"slice2","J01-010","critical",28,"Toad","Tadpole","Depth","High"
"195","Mar 2005",2005,3,"slice3","J01-010","critical",28,"Toad","Tadpole","Depth","High"
"196","Mar 2006",2006,3,"slice1","J01-010","critical",31,"Toad","Tadpole","Depth","High"
"197","Mar 2006",2006,3,"slice2","J01-010","critical",31,"Toad","Tadpole","Depth","High"
"198","Mar 2006",2006,3,"slice3","J01-010","critical",31,"Toad","Tadpole","Depth","High"
"199","Mar 2007",2007,3,"slice1","J01-010","critical",31,"Toad","Tadpole","Depth","High"
"200","Mar 2007",2007,3,"slice2","J01-010","critical",31,"Toad","Tadpole","Depth","High"
"201","Mar 2007",2007,3,"slice3","J01-010","critical",31,"Toad","Tadpole","Depth","High"
"202","Mar 2008",2008,3,"slice1","J01-010","critical",31,"Toad","Tadpole","Depth","High"
"203","Mar 2008",2008,3,"slice2","J01-010","critical",31,"Toad","Tadpole","Depth","High"
"204","Mar 2008",2008,3,"slice3","J01-010","critical",31,"Toad","Tadpole","Depth","High"
"205","Mar 2009",2009,3,"slice1","J01-010","critical",31,"Toad","Tadpole","Depth","High"
"206","Mar 2009",2009,3,"slice2","J01-010","critical",31,"Toad","Tadpole","Depth","High"
"207","Mar 2009",2009,3,"slice3","J01-010","critical",31,"Toad","Tadpole","Depth","High"
"208","Mar 2010",2010,3,"slice1","J01-010","critical",27,"Toad","Tadpole","Depth","High"
"209","Mar 2010",2010,3,"slice2","J01-010","critical",26,"Toad","Tadpole","Depth","High"
"210","Mar 2010",2010,3,"slice3","J01-010","critical",26,"Toad","Tadpole","Depth","High"
"211","Mar 2011",2011,3,"slice1","J01-010","critical",29,"Toad","Tadpole","Depth","High"
"212","Mar 2011",2011,3,"slice2","J01-010","critical",27,"Toad","Tadpole","Depth","High"
"213","Mar 2011",2011,3,"slice3","J01-010","critical",28,"Toad","Tadpole","Depth","High"
"214","Mar 2012",2012,3,"slice1","J01-010","critical",31,"Toad","Tadpole","Depth","High"
"215","Mar 2012",2012,3,"slice2","J01-010","critical",30,"Toad","Tadpole","Depth","High"
"216","Mar 2012",2012,3,"slice3","J01-010","critical",30,"Toad","Tadpole","Depth","High"
"217","Mar 2013",2013,3,"slice1","J01-010","critical",30,"Toad","Tadpole","Depth","High"
"218","Mar 2013",2013,3,"slice2","J01-010","critical",29,"Toad","Tadpole","Depth","High"
"219","Mar 2013",2013,3,"slice3","J01-010","critical",30,"Toad","Tadpole","Depth","High"
"220","Mar 2014",2014,3,"slice1","J01-010","critical",31,"Toad","Tadpole","Depth","High"
"221","Mar 2014",2014,3,"slice2","J01-010","critical",30,"Toad","Tadpole","Depth","High"
"222","Mar 2014",2014,3,"slice3","J01-010","critical",30,"Toad","Tadpole","Depth","High"
"223","Mar 2015",2015,3,"slice1","J01-010","critical",29,"Toad","Tadpole","Depth","High"
"224","Mar 2015",2015,3,"slice2","J01-010","critical",28,"Toad","Tadpole","Depth","High"
"225","Mar 2015",2015,3,"slice3","J01-010","critical",29,"Toad","Tadpole","Depth","High"
"226","Mar 2016",2016,3,"slice1","J01-010","critical",31,"Toad","Tadpole","Depth","High"
"227","Mar 2016",2016,3,"slice2","J01-010","critical",31,"Toad","Tadpole","Depth","High"
"228","Mar 2016",2016,3,"slice3","J01-010","critical",31,"Toad","Tadpole","Depth","High"
"229","Mar 2017",2017,3,"slice1","J01-010","critical",31,"Toad","Tadpole","Depth","High"
"230","Mar 2017",2017,3,"slice2","J01-010","critical",29,"Toad","Tadpole","Depth","High"
"231","Mar 2017",2017,3,"slice3","J01-010","critical",29,"Toad","Tadpole","Depth","High"
"232","Mar 2018",2018,3,"slice1","J01-010","critical",29,"Toad","Tadpole","Depth","High"
"233","Mar 2018",2018,3,"slice2","J01-010","critical",27,"Toad","Tadpole","Depth","High"
"234","Mar 2018",2018,3,"slice3","J01-010","critical",27,"Toad","Tadpole","Depth","High"
"235","Apr 1993",1993,4,"slice1","J01-010","critical",29,"Toad","Tadpole","Depth","High"
"236","Apr 1993",1993,4,"slice2","J01-010","critical",27,"Toad","Tadpole","Depth","High"
"237","Apr 1993",1993,4,"slice3","J01-010","critical",28,"Toad","Tadpole","Depth","High"
"238","Apr 1994",1994,4,"slice1","J01-010","critical",29,"Toad","Tadpole","Depth","High"
"239","Apr 1994",1994,4,"slice2","J01-010","critical",28,"Toad","Tadpole","Depth","High"
"240","Apr 1994",1994,4,"slice3","J01-010","critical",28,"Toad","Tadpole","Depth","High"
"241","Apr 1995",1995,4,"slice1","J01-010","critical",30,"Toad","Tadpole","Depth","High"
"242","Apr 1995",1995,4,"slice2","J01-010","critical",29,"Toad","Tadpole","Depth","High"
"243","Apr 1995",1995,4,"slice3","J01-010","critical",29,"Toad","Tadpole","Depth","High"
"244","Apr 1996",1996,4,"slice1","J01-010","critical",30,"Toad","Tadpole","Depth","High"
"245","Apr 1996",1996,4,"slice2","J01-010","critical",30,"Toad","Tadpole","Depth","High"
"246","Apr 1996",1996,4,"slice3","J01-010","critical",30,"Toad","Tadpole","Depth","High"
"247","Apr 1997",1997,4,"slice1","J01-010","critical",28,"Toad","Tadpole","Depth","High"
"248","Apr 1997",1997,4,"slice2","J01-010","critical",27,"Toad","Tadpole","Depth","High"
"249","Apr 1997",1997,4,"slice3","J01-010","critical",28,"Toad","Tadpole","Depth","High"
"250","Apr 1998",1998,4,"slice1","J01-010","critical",28,"Toad","Tadpole","Depth","High"
"251","Apr 1998",1998,4,"slice2","J01-010","critical",27,"Toad","Tadpole","Depth","High"
"252","Apr 1998",1998,4,"slice3","J01-010","critical",27,"Toad","Tadpole","Depth","High"
"253","Apr 1999",1999,4,"slice1","J01-010","critical",29,"Toad","Tadpole","Depth","High"
"254","Apr 1999",1999,4,"slice2","J01-010","critical",28,"Toad","Tadpole","Depth","High"
"255","Apr 1999",1999,4,"slice3","J01-010","critical",28,"Toad","Tadpole","Depth","High"
"256","Apr 2000",2000,4,"slice1","J01-010","critical",29,"Toad","Tadpole","Depth","High"
"257","Apr 2000",2000,4,"slice2","J01-010","critical",29,"Toad","Tadpole","Depth","High"
"258","Apr 2000",2000,4,"slice3","J01-010","critical",29,"Toad","Tadpole","Depth","High"
"259","Apr 2001",2001,4,"slice1","J01-010","critical",30,"Toad","Tadpole","Depth","High"
"260","Apr 2001",2001,4,"slice2","J01-010","critical",30,"Toad","Tadpole","Depth","High"
"261","Apr 2001",2001,4,"slice3","J01-010","critical",30,"Toad","Tadpole","Depth","High"
"262","Apr 2002",2002,4,"slice1","J01-010","critical",28,"Toad","Tadpole","Depth","High"
"263","Apr 2002",2002,4,"slice2","J01-010","critical",28,"Toad","Tadpole","Depth","High"
"264","Apr 2002",2002,4,"slice3","J01-010","critical",28,"Toad","Tadpole","Depth","High"
"265","Apr 2003",2003,4,"slice1","J01-010","critical",30,"Toad","Tadpole","Depth","High"
"266","Apr 2003",2003,4,"slice2","J01-010","critical",29,"Toad","Tadpole","Depth","High"
"267","Apr 2003",2003,4,"slice3","J01-010","critical",29,"Toad","Tadpole","Depth","High"
"268","Apr 2004",2004,4,"slice1","J01-010","critical",29,"Toad","Tadpole","Depth","High"
"269","Apr 2004",2004,4,"slice2","J01-010","critical",28,"Toad","Tadpole","Depth","High"
"270","Apr 2004",2004,4,"slice3","J01-010","critical",28,"Toad","Tadpole","Depth","High"
"271","Apr 2005",2005,4,"slice1","J01-010","critical",28,"Toad","Tadpole","Depth","High"
"272","Apr 2005",2005,4,"slice2","J01-010","critical",28,"Toad","Tadpole","Depth","High"
"273","Apr 2005",2005,4,"slice3","J01-010","critical",28,"Toad","Tadpole","Depth","High"
"274","Apr 2006",2006,4,"slice1","J01-010","critical",30,"Toad","Tadpole","Depth","High"
"275","Apr 2006",2006,4,"slice2","J01-010","critical",29,"Toad","Tadpole","Depth","High"
"276","Apr 2006",2006,4,"slice3","J01-010","critical",29,"Toad","Tadpole","Depth","High"
"277","Apr 2007",2007,4,"slice1","J01-010","critical",30,"Toad","Tadpole","Depth","High"
"278","Apr 2007",2007,4,"slice2","J01-010","critical",30,"Toad","Tadpole","Depth","High"
"279","Apr 2007",2007,4,"slice3","J01-010","critical",30,"Toad","Tadpole","Depth","High"
"280","Apr 2008",2008,4,"slice1","J01-010","critical",30,"Toad","Tadpole","Depth","High"
"281","Apr 2008",2008,4,"slice2","J01-010","critical",30,"Toad","Tadpole","Depth","High"
"282","Apr 2008",2008,4,"slice3","J01-010","critical",30,"Toad","Tadpole","Depth","High"
"283","Apr 2009",2009,4,"slice1","J01-010","critical",29,"Toad","Tadpole","Depth","High"
"284","Apr 2009",2009,4,"slice2","J01-010","critical",29,"Toad","Tadpole","Depth","High"
"285","Apr 2009",2009,4,"slice3","J01-010","critical",29,"Toad","Tadpole","Depth","High"
"286","Apr 2010",2010,4,"slice1","J01-010","critical",30,"Toad","Tadpole","Depth","High"
"287","Apr 2010",2010,4,"slice2","J01-010","critical",30,"Toad","Tadpole","Depth","High"
"288","Apr 2010",2010,4,"slice3","J01-010","critical",30,"Toad","Tadpole","Depth","High"
"289","Apr 2011",2011,4,"slice1","J01-010","critical",30,"Toad","Tadpole","Depth","High"
"290","Apr 2011",2011,4,"slice2","J01-010","critical",29,"Toad","Tadpole","Depth","High"
"291","Apr 2011",2011,4,"slice3","J01-010","critical",29,"Toad","Tadpole","Depth","High"
"292","Apr 2012",2012,4,"slice1","J01-010","critical",30,"Toad","Tadpole","Depth","High"
"293","Apr 2012",2012,4,"slice2","J01-010","critical",30,"Toad","Tadpole","Depth","High"
"294","Apr 2012",2012,4,"slice3","J01-010","critical",30,"Toad","Tadpole","Depth","High"
"295","Apr 2013",2013,4,"slice1","J01-010","critical",30,"Toad","Tadpole","Depth","High"
"296","Apr 2013",2013,4,"slice2","J01-010","critical",29,"Toad","Tadpole","Depth","High"
"297","Apr 2013",2013,4,"slice3","J01-010","critical",30,"Toad","Tadpole","Depth","High"
"298","Apr 2014",2014,4,"slice1","J01-010","critical",30,"Toad","Tadpole","Depth","High"
"299","Apr 2014",2014,4,"slice2","J01-010","critical",30,"Toad","Tadpole","Depth","High"
"300","Apr 2014",2014,4,"slice3","J01-010","critical",30,"Toad","Tadpole","Depth","High"
"301","Apr 2015",2015,4,"slice1","J01-010","critical",30,"Toad","Tadpole","Depth","High"
"302","Apr 2015",2015,4,"slice2","J01-010","critical",30,"Toad","Tadpole","Depth","High"
"303","Apr 2015",2015,4,"slice3","J01-010","critical",30,"Toad","Tadpole","Depth","High"
"304","Apr 2016",2016,4,"slice1","J01-010","critical",30,"Toad","Tadpole","Depth","High"
"305","Apr 2016",2016,4,"slice2","J01-010","critical",30,"Toad","Tadpole","Depth","High"
"306","Apr 2016",2016,4,"slice3","J01-010","critical",30,"Toad","Tadpole","Depth","High"
"307","Apr 2017",2017,4,"slice1","J01-010","critical",30,"Toad","Tadpole","Depth","High"
"308","Apr 2017",2017,4,"slice2","J01-010","critical",30,"Toad","Tadpole","Depth","High"
"309","Apr 2017",2017,4,"slice3","J01-010","critical",30,"Toad","Tadpole","Depth","High"
"310","Apr 2018",2018,4,"slice1","J01-010","critical",30,"Toad","Tadpole","Depth","High"
"311","Apr 2018",2018,4,"slice2","J01-010","critical",30,"Toad","Tadpole","Depth","High"
"312","Apr 2018",2018,4,"slice3","J01-010","critical",30,"Toad","Tadpole","Depth","High"
"313","May 1993",1993,5,"slice1","J01-010","critical",31,"Toad","Tadpole","Depth","High"
"314","May 1993",1993,5,"slice2","J01-010","critical",31,"Toad","Tadpole","Depth","High"
"315","May 1993",1993,5,"slice3","J01-010","critical",31,"Toad","Tadpole","Depth","High"
"316","May 1994",1994,5,"slice1","J01-010","critical",31,"Toad","Tadpole","Depth","High"
"317","May 1994",1994,5,"slice2","J01-010","critical",31,"Toad","Tadpole","Depth","High"
"318","May 1994",1994,5,"slice3","J01-010","critical",31,"Toad","Tadpole","Depth","High"
"319","May 1995",1995,5,"slice1","J01-010","critical",31,"Toad","Tadpole","Depth","High"
"320","May 1995",1995,5,"slice2","J01-010","critical",31,"Toad","Tadpole","Depth","High"
"321","May 1995",1995,5,"slice3","J01-010","critical",31,"Toad","Tadpole","Depth","High"
"322","May 1996",1996,5,"slice1","J01-010","critical",31,"Toad","Tadpole","Depth","High"
"323","May 1996",1996,5,"slice2","J01-010","critical",31,"Toad","Tadpole","Depth","High"
"324","May 1996",1996,5,"slice3","J01-010","critical",31,"Toad","Tadpole","Depth","High"
"325","May 1997",1997,5,"slice1","J01-010","critical",29,"Toad","Tadpole","Depth","High"
"326","May 1997",1997,5,"slice2","J01-010","critical",29,"Toad","Tadpole","Depth","High"
"327","May 1997",1997,5,"slice3","J01-010","critical",29,"Toad","Tadpole","Depth","High"
"328","May 1998",1998,5,"slice1","J01-010","critical",31,"Toad","Tadpole","Depth","High"
"329","May 1998",1998,5,"slice2","J01-010","critical",31,"Toad","Tadpole","Depth","High"
"330","May 1998",1998,5,"slice3","J01-010","critical",31,"Toad","Tadpole","Depth","High"
"331","May 1999",1999,5,"slice1","J01-010","critical",31,"Toad","Tadpole","Depth","High"
"332","May 1999",1999,5,"slice2","J01-010","critical",31,"Toad","Tadpole","Depth","High"
"333","May 1999",1999,5,"slice3","J01-010","critical",31,"Toad","Tadpole","Depth","High"
"334","May 2000",2000,5,"slice1","J01-010","critical",31,"Toad","Tadpole","Depth","High"
"335","May 2000",2000,5,"slice2","J01-010","critical",31,"Toad","Tadpole","Depth","High"
"336","May 2000",2000,5,"slice3","J01-010","critical",31,"Toad","Tadpole","Depth","High"
"337","May 2001",2001,5,"slice1","J01-010","critical",31,"Toad","Tadpole","Depth","High"
"338","May 2001",2001,5,"slice2","J01-010","critical",31,"Toad","Tadpole","Depth","High"
"339","May 2001",2001,5,"slice3","J01-010","critical",31,"Toad","Tadpole","Depth","High"
"340","May 2002",2002,5,"slice1","J01-010","critical",31,"Toad","Tadpole","Depth","High"
"341","May 2002",2002,5,"slice2","J01-010","critical",30,"Toad","Tadpole","Depth","High"
"342","May 2002",2002,5,"slice3","J01-010","critical",30,"Toad","Tadpole","Depth","High"
"343","May 2003",2003,5,"slice1","J01-010","critical",31,"Toad","Tadpole","Depth","High"
"344","May 2003",2003,5,"slice2","J01-010","critical",31,"Toad","Tadpole","Depth","High"
"345","May 2003",2003,5,"slice3","J01-010","critical",31,"Toad","Tadpole","Depth","High"
"346","May 2004",2004,5,"slice1","J01-010","critical",31,"Toad","Tadpole","Depth","High"
"347","May 2004",2004,5,"slice2","J01-010","critical",30,"Toad","Tadpole","Depth","High"
"348","May 2004",2004,5,"slice3","J01-010","critical",30,"Toad","Tadpole","Depth","High"
"349","May 2005",2005,5,"slice1","J01-010","critical",31,"Toad","Tadpole","Depth","High"
"350","May 2005",2005,5,"slice2","J01-010","critical",30,"Toad","Tadpole","Depth","High"
"351","May 2005",2005,5,"slice3","J01-010","critical",30,"Toad","Tadpole","Depth","High"
"352","May 2006",2006,5,"slice1","J01-010","critical",31,"Toad","Tadpole","Depth","High"
"353","May 2006",2006,5,"slice2","J01-010","critical",31,"Toad","Tadpole","Depth","High"
"354","May 2006",2006,5,"slice3","J01-010","critical",31,"Toad","Tadpole","Depth","High"
"355","May 2007",2007,5,"slice1","J01-010","critical",31,"Toad","Tadpole","Depth","High"
"356","May 2007",2007,5,"slice2","J01-010","critical",31,"Toad","Tadpole","Depth","High"
"357","May 2007",2007,5,"slice3","J01-010","critical",31,"Toad","Tadpole","Depth","High"
"358","May 2008",2008,5,"slice1","J01-010","critical",31,"Toad","Tadpole","Depth","High"
"359","May 2008",2008,5,"slice2","J01-010","critical",31,"Toad","Tadpole","Depth","High"
"360","May 2008",2008,5,"slice3","J01-010","critical",31,"Toad","Tadpole","Depth","High"
"361","May 2009",2009,5,"slice1","J01-010","critical",31,"Toad","Tadpole","Depth","High"
"362","May 2009",2009,5,"slice2","J01-010","critical",31,"Toad","Tadpole","Depth","High"
"363","May 2009",2009,5,"slice3","J01-010","critical",31,"Toad","Tadpole","Depth","High"
"364","May 2010",2010,5,"slice1","J01-010","critical",31,"Toad","Tadpole","Depth","High"
"365","May 2010",2010,5,"slice2","J01-010","critical",31,"Toad","Tadpole","Depth","High"
"366","May 2010",2010,5,"slice3","J01-010","critical",31,"Toad","Tadpole","Depth","High"
"367","May 2011",2011,5,"slice1","J01-010","critical",31,"Toad","Tadpole","Depth","High"
"368","May 2011",2011,5,"slice2","J01-010","critical",31,"Toad","Tadpole","Depth","High"
"369","May 2011",2011,5,"slice3","J01-010","critical",31,"Toad","Tadpole","Depth","High"
"370","May 2012",2012,5,"slice1","J01-010","critical",31,"Toad","Tadpole","Depth","High"
"371","May 2012",2012,5,"slice2","J01-010","critical",29,"Toad","Tadpole","Depth","High"
"372","May 2012",2012,5,"slice3","J01-010","critical",29,"Toad","Tadpole","Depth","High"
"373","May 2013",2013,5,"slice1","J01-010","critical",31,"Toad","Tadpole","Depth","High"
"374","May 2013",2013,5,"slice2","J01-010","critical",31,"Toad","Tadpole","Depth","High"
"375","May 2013",2013,5,"slice3","J01-010","critical",31,"Toad","Tadpole","Depth","High"
"376","May 2014",2014,5,"slice1","J01-010","critical",31,"Toad","Tadpole","Depth","High"
"377","May 2014",2014,5,"slice2","J01-010","critical",30,"Toad","Tadpole","Depth","High"
"378","May 2014",2014,5,"slice3","J01-010","critical",30,"Toad","Tadpole","Depth","High"
"379","May 2015",2015,5,"slice1","J01-010","critical",31,"Toad","Tadpole","Depth","High"
"380","May 2015",2015,5,"slice2","J01-010","critical",31,"Toad","Tadpole","Depth","High"
"381","May 2015",2015,5,"slice3","J01-010","critical",31,"Toad","Tadpole","Depth","High"
"382","May 2016",2016,5,"slice1","J01-010","critical",31,"Toad","Tadpole","Depth","High"
"383","May 2016",2016,5,"slice2","J01-010","critical",30,"Toad","Tadpole","Depth","High"
"384","May 2016",2016,5,"slice3","J01-010","critical",30,"Toad","Tadpole","Depth","High"
"385","May 2017",2017,5,"slice1","J01-010","critical",31,"Toad","Tadpole","Depth","High"
"386","May 2017",2017,5,"slice2","J01-010","critical",31,"Toad","Tadpole","Depth","High"
"387","May 2017",2017,5,"slice3","J01-010","critical",31,"Toad","Tadpole","Depth","High"
"388","May 2018",2018,5,"slice1","J01-010","critical",20,"Toad","Tadpole","Depth","High"
"389","May 2018",2018,5,"slice2","J01-010","critical",20,"Toad","Tadpole","Depth","High"
"390","May 2018",2018,5,"slice3","J01-010","critical",20,"Toad","Tadpole","Depth","High"
"391","Jun 1993",1993,6,"slice1","J01-010","critical",30,"Toad","Tadpole","Depth","High"
"392","Jun 1993",1993,6,"slice2","J01-010","critical",30,"Toad","Tadpole","Depth","High"
"393","Jun 1993",1993,6,"slice3","J01-010","critical",30,"Toad","Tadpole","Depth","High"
"394","Jun 1994",1994,6,"slice1","J01-010","critical",30,"Toad","Tadpole","Depth","High"
"395","Jun 1994",1994,6,"slice2","J01-010","critical",30,"Toad","Tadpole","Depth","High"
"396","Jun 1994",1994,6,"slice3","J01-010","critical",30,"Toad","Tadpole","Depth","High"
"397","Jun 1995",1995,6,"slice1","J01-010","critical",30,"Toad","Tadpole","Depth","High"
"398","Jun 1995",1995,6,"slice2","J01-010","critical",30,"Toad","Tadpole","Depth","High"
"399","Jun 1995",1995,6,"slice3","J01-010","critical",30,"Toad","Tadpole","Depth","High"
"400","Jun 1996",1996,6,"slice1","J01-010","critical",30,"Toad","Tadpole","Depth","High"
"401","Jun 1996",1996,6,"slice2","J01-010","critical",30,"Toad","Tadpole","Depth","High"
"402","Jun 1996",1996,6,"slice3","J01-010","critical",30,"Toad","Tadpole","Depth","High"
"403","Jun 1997",1997,6,"slice1","J01-010","critical",30,"Toad","Tadpole","Depth","High"
"404","Jun 1997",1997,6,"slice2","J01-010","critical",30,"Toad","Tadpole","Depth","High"
"405","Jun 1997",1997,6,"slice3","J01-010","critical",30,"Toad","Tadpole","Depth","High"
"406","Jun 1998",1998,6,"slice1","J01-010","critical",30,"Toad","Tadpole","Depth","High"
"407","Jun 1998",1998,6,"slice2","J01-010","critical",30,"Toad","Tadpole","Depth","High"
"408","Jun 1998",1998,6,"slice3","J01-010","critical",30,"Toad","Tadpole","Depth","High"
"409","Jun 1999",1999,6,"slice1","J01-010","critical",30,"Toad","Tadpole","Depth","High"
"410","Jun 1999",1999,6,"slice2","J01-010","critical",30,"Toad","Tadpole","Depth","High"
"411","Jun 1999",1999,6,"slice3","J01-010","critical",30,"Toad","Tadpole","Depth","High"
"412","Jun 2000",2000,6,"slice1","J01-010","critical",30,"Toad","Tadpole","Depth","High"
"413","Jun 2000",2000,6,"slice2","J01-010","critical",30,"Toad","Tadpole","Depth","High"
"414","Jun 2000",2000,6,"slice3","J01-010","critical",30,"Toad","Tadpole","Depth","High"
"415","Jun 2001",2001,6,"slice1","J01-010","critical",30,"Toad","Tadpole","Depth","High"
"416","Jun 2001",2001,6,"slice2","J01-010","critical",30,"Toad","Tadpole","Depth","High"
"417","Jun 2001",2001,6,"slice3","J01-010","critical",30,"Toad","Tadpole","Depth","High"
"418","Jun 2002",2002,6,"slice1","J01-010","critical",30,"Toad","Tadpole","Depth","High"
"419","Jun 2002",2002,6,"slice2","J01-010","critical",30,"Toad","Tadpole","Depth","High"
"420","Jun 2002",2002,6,"slice3","J01-010","critical",30,"Toad","Tadpole","Depth","High"
"421","Jun 2003",2003,6,"slice1","J01-010","critical",30,"Toad","Tadpole","Depth","High"
"422","Jun 2003",2003,6,"slice2","J01-010","critical",30,"Toad","Tadpole","Depth","High"
"423","Jun 2003",2003,6,"slice3","J01-010","critical",30,"Toad","Tadpole","Depth","High"
"424","Jun 2004",2004,6,"slice1","J01-010","critical",30,"Toad","Tadpole","Depth","High"
"425","Jun 2004",2004,6,"slice2","J01-010","critical",30,"Toad","Tadpole","Depth","High"
"426","Jun 2004",2004,6,"slice3","J01-010","critical",30,"Toad","Tadpole","Depth","High"
"427","Jun 2005",2005,6,"slice1","J01-010","critical",30,"Toad","Tadpole","Depth","High"
"428","Jun 2005",2005,6,"slice2","J01-010","critical",30,"Toad","Tadpole","Depth","High"
"429","Jun 2005",2005,6,"slice3","J01-010","critical",30,"Toad","Tadpole","Depth","High"
"430","Jun 2006",2006,6,"slice1","J01-010","critical",30,"Toad","Tadpole","Depth","High"
"431","Jun 2006",2006,6,"slice2","J01-010","critical",30,"Toad","Tadpole","Depth","High"
"432","Jun 2006",2006,6,"slice3","J01-010","critical",30,"Toad","Tadpole","Depth","High"
"433","Jun 2007",2007,6,"slice1","J01-010","critical",30,"Toad","Tadpole","Depth","High"
"434","Jun 2007",2007,6,"slice2","J01-010","critical",30,"Toad","Tadpole","Depth","High"
"435","Jun 2007",2007,6,"slice3","J01-010","critical",30,"Toad","Tadpole","Depth","High"
"436","Jun 2008",2008,6,"slice1","J01-010","critical",30,"Toad","Tadpole","Depth","High"
"437","Jun 2008",2008,6,"slice2","J01-010","critical",30,"Toad","Tadpole","Depth","High"
"438","Jun 2008",2008,6,"slice3","J01-010","critical",30,"Toad","Tadpole","Depth","High"
"439","Jun 2009",2009,6,"slice1","J01-010","critical",30,"Toad","Tadpole","Depth","High"
"440","Jun 2009",2009,6,"slice2","J01-010","critical",30,"Toad","Tadpole","Depth","High"
"441","Jun 2009",2009,6,"slice3","J01-010","critical",30,"Toad","Tadpole","Depth","High"
"442","Jun 2010",2010,6,"slice1","J01-010","critical",30,"Toad","Tadpole","Depth","High"
"443","Jun 2010",2010,6,"slice2","J01-010","critical",30,"Toad","Tadpole","Depth","High"
"444","Jun 2010",2010,6,"slice3","J01-010","critical",30,"Toad","Tadpole","Depth","High"
"445","Jun 2011",2011,6,"slice1","J01-010","critical",30,"Toad","Tadpole","Depth","High"
"446","Jun 2011",2011,6,"slice2","J01-010","critical",30,"Toad","Tadpole","Depth","High"
"447","Jun 2011",2011,6,"slice3","J01-010","critical",30,"Toad","Tadpole","Depth","High"
"448","Jun 2012",2012,6,"slice1","J01-010","critical",30,"Toad","Tadpole","Depth","High"
"449","Jun 2012",2012,6,"slice2","J01-010","critical",30,"Toad","Tadpole","Depth","High"
"450","Jun 2012",2012,6,"slice3","J01-010","critical",30,"Toad","Tadpole","Depth","High"
"451","Jun 2013",2013,6,"slice1","J01-010","critical",30,"Toad","Tadpole","Depth","High"
"452","Jun 2013",2013,6,"slice2","J01-010","critical",30,"Toad","Tadpole","Depth","High"
"453","Jun 2013",2013,6,"slice3","J01-010","critical",30,"Toad","Tadpole","Depth","High"
"454","Jun 2014",2014,6,"slice1","J01-010","critical",30,"Toad","Tadpole","Depth","High"
"455","Jun 2014",2014,6,"slice2","J01-010","critical",30,"Toad","Tadpole","Depth","High"
"456","Jun 2014",2014,6,"slice3","J01-010","critical",30,"Toad","Tadpole","Depth","High"
"457","Jun 2015",2015,6,"slice1","J01-010","critical",30,"Toad","Tadpole","Depth","High"
"458","Jun 2015",2015,6,"slice2","J01-010","critical",30,"Toad","Tadpole","Depth","High"
"459","Jun 2015",2015,6,"slice3","J01-010","critical",30,"Toad","Tadpole","Depth","High"
"460","Jun 2016",2016,6,"slice1","J01-010","critical",30,"Toad","Tadpole","Depth","High"
"461","Jun 2016",2016,6,"slice2","J01-010","critical",30,"Toad","Tadpole","Depth","High"
"462","Jun 2016",2016,6,"slice3","J01-010","critical",30,"Toad","Tadpole","Depth","High"
"463","Jun 2017",2017,6,"slice1","J01-010","critical",30,"Toad","Tadpole","Depth","High"
"464","Jun 2017",2017,6,"slice2","J01-010","critical",30,"Toad","Tadpole","Depth","High"
"465","Jun 2017",2017,6,"slice3","J01-010","critical",30,"Toad","Tadpole","Depth","High"
"466","Jul 1993",1993,7,"slice1","J01-010","critical",31,"Toad","Tadpole","Depth","High"
"467","Jul 1993",1993,7,"slice2","J01-010","critical",31,"Toad","Tadpole","Depth","High"
"468","Jul 1993",1993,7,"slice3","J01-010","critical",31,"Toad","Tadpole","Depth","High"
"469","Jul 1994",1994,7,"slice1","J01-010","critical",31,"Toad","Tadpole","Depth","High"
"470","Jul 1994",1994,7,"slice2","J01-010","critical",31,"Toad","Tadpole","Depth","High"
"471","Jul 1994",1994,7,"slice3","J01-010","critical",31,"Toad","Tadpole","Depth","High"
"472","Jul 1995",1995,7,"slice1","J01-010","critical",31,"Toad","Tadpole","Depth","High"
"473","Jul 1995",1995,7,"slice2","J01-010","critical",31,"Toad","Tadpole","Depth","High"
"474","Jul 1995",1995,7,"slice3","J01-010","critical",31,"Toad","Tadpole","Depth","High"
"475","Jul 1996",1996,7,"slice1","J01-010","critical",31,"Toad","Tadpole","Depth","High"
"476","Jul 1996",1996,7,"slice2","J01-010","critical",31,"Toad","Tadpole","Depth","High"
"477","Jul 1996",1996,7,"slice3","J01-010","critical",31,"Toad","Tadpole","Depth","High"
"478","Jul 1997",1997,7,"slice1","J01-010","critical",31,"Toad","Tadpole","Depth","High"
"479","Jul 1997",1997,7,"slice2","J01-010","critical",31,"Toad","Tadpole","Depth","High"
"480","Jul 1997",1997,7,"slice3","J01-010","critical",31,"Toad","Tadpole","Depth","High"
"481","Jul 1998",1998,7,"slice1","J01-010","critical",31,"Toad","Tadpole","Depth","High"
"482","Jul 1998",1998,7,"slice2","J01-010","critical",31,"Toad","Tadpole","Depth","High"
"483","Jul 1998",1998,7,"slice3","J01-010","critical",31,"Toad","Tadpole","Depth","High"
"484","Jul 1999",1999,7,"slice1","J01-010","critical",31,"Toad","Tadpole","Depth","High"
"485","Jul 1999",1999,7,"slice2","J01-010","critical",31,"Toad","Tadpole","Depth","High"
"486","Jul 1999",1999,7,"slice3","J01-010","critical",31,"Toad","Tadpole","Depth","High"
"487","Jul 2000",2000,7,"slice1","J01-010","critical",31,"Toad","Tadpole","Depth","High"
"488","Jul 2000",2000,7,"slice2","J01-010","critical",31,"Toad","Tadpole","Depth","High"
"489","Jul 2000",2000,7,"slice3","J01-010","critical",31,"Toad","Tadpole","Depth","High"
"490","Jul 2001",2001,7,"slice1","J01-010","critical",31,"Toad","Tadpole","Depth","High"
"491","Jul 2001",2001,7,"slice2","J01-010","critical",31,"Toad","Tadpole","Depth","High"
"492","Jul 2001",2001,7,"slice3","J01-010","critical",31,"Toad","Tadpole","Depth","High"
"493","Jul 2002",2002,7,"slice1","J01-010","critical",31,"Toad","Tadpole","Depth","High"
"494","Jul 2002",2002,7,"slice2","J01-010","critical",31,"Toad","Tadpole","Depth","High"
"495","Jul 2002",2002,7,"slice3","J01-010","critical",31,"Toad","Tadpole","Depth","High"
"496","Jul 2003",2003,7,"slice1","J01-010","critical",31,"Toad","Tadpole","Depth","High"
"497","Jul 2003",2003,7,"slice2","J01-010","critical",31,"Toad","Tadpole","Depth","High"
"498","Jul 2003",2003,7,"slice3","J01-010","critical",31,"Toad","Tadpole","Depth","High"
"499","Jul 2004",2004,7,"slice1","J01-010","critical",31,"Toad","Tadpole","Depth","High"
"500","Jul 2004",2004,7,"slice2","J01-010","critical",31,"Toad","Tadpole","Depth","High"
"501","Jul 2004",2004,7,"slice3","J01-010","critical",31,"Toad","Tadpole","Depth","High"
"502","Jul 2005",2005,7,"slice1","J01-010","critical",31,"Toad","Tadpole","Depth","High"
"503","Jul 2005",2005,7,"slice2","J01-010","critical",31,"Toad","Tadpole","Depth","High"
"504","Jul 2005",2005,7,"slice3","J01-010","critical",31,"Toad","Tadpole","Depth","High"
"505","Jul 2006",2006,7,"slice1","J01-010","critical",31,"Toad","Tadpole","Depth","High"
"506","Jul 2006",2006,7,"slice2","J01-010","critical",31,"Toad","Tadpole","Depth","High"
"507","Jul 2006",2006,7,"slice3","J01-010","critical",31,"Toad","Tadpole","Depth","High"
"508","Jul 2007",2007,7,"slice1","J01-010","critical",31,"Toad","Tadpole","Depth","High"
"509","Jul 2007",2007,7,"slice2","J01-010","critical",31,"Toad","Tadpole","Depth","High"
"510","Jul 2007",2007,7,"slice3","J01-010","critical",31,"Toad","Tadpole","Depth","High"
"511","Jul 2008",2008,7,"slice1","J01-010","critical",31,"Toad","Tadpole","Depth","High"
"512","Jul 2008",2008,7,"slice2","J01-010","critical",31,"Toad","Tadpole","Depth","High"
"513","Jul 2008",2008,7,"slice3","J01-010","critical",31,"Toad","Tadpole","Depth","High"
"514","Jul 2009",2009,7,"slice1","J01-010","critical",31,"Toad","Tadpole","Depth","High"
"515","Jul 2009",2009,7,"slice2","J01-010","critical",31,"Toad","Tadpole","Depth","High"
"516","Jul 2009",2009,7,"slice3","J01-010","critical",31,"Toad","Tadpole","Depth","High"
"517","Jul 2010",2010,7,"slice1","J01-010","critical",31,"Toad","Tadpole","Depth","High"
"518","Jul 2010",2010,7,"slice2","J01-010","critical",31,"Toad","Tadpole","Depth","High"
"519","Jul 2010",2010,7,"slice3","J01-010","critical",31,"Toad","Tadpole","Depth","High"
"520","Jul 2011",2011,7,"slice1","J01-010","critical",31,"Toad","Tadpole","Depth","High"
"521","Jul 2011",2011,7,"slice2","J01-010","critical",30,"Toad","Tadpole","Depth","High"
"522","Jul 2011",2011,7,"slice3","J01-010","critical",31,"Toad","Tadpole","Depth","High"
"523","Jul 2012",2012,7,"slice1","J01-010","critical",31,"Toad","Tadpole","Depth","High"
"524","Jul 2012",2012,7,"slice2","J01-010","critical",31,"Toad","Tadpole","Depth","High"
"525","Jul 2012",2012,7,"slice3","J01-010","critical",31,"Toad","Tadpole","Depth","High"
"526","Jul 2013",2013,7,"slice1","J01-010","critical",31,"Toad","Tadpole","Depth","High"
"527","Jul 2013",2013,7,"slice2","J01-010","critical",31,"Toad","Tadpole","Depth","High"
"528","Jul 2013",2013,7,"slice3","J01-010","critical",31,"Toad","Tadpole","Depth","High"
"529","Jul 2014",2014,7,"slice1","J01-010","critical",31,"Toad","Tadpole","Depth","High"
"530","Jul 2014",2014,7,"slice2","J01-010","critical",29,"Toad","Tadpole","Depth","High"
"531","Jul 2014",2014,7,"slice3","J01-010","critical",31,"Toad","Tadpole","Depth","High"
"532","Jul 2015",2015,7,"slice1","J01-010","critical",31,"Toad","Tadpole","Depth","High"
"533","Jul 2015",2015,7,"slice2","J01-010","critical",31,"Toad","Tadpole","Depth","High"
"534","Jul 2015",2015,7,"slice3","J01-010","critical",31,"Toad","Tadpole","Depth","High"
"535","Jul 2016",2016,7,"slice1","J01-010","critical",31,"Toad","Tadpole","Depth","High"
"536","Jul 2016",2016,7,"slice2","J01-010","critical",31,"Toad","Tadpole","Depth","High"
"537","Jul 2016",2016,7,"slice3","J01-010","critical",31,"Toad","Tadpole","Depth","High"
"538","Jul 2017",2017,7,"slice1","J01-010","critical",31,"Toad","Tadpole","Depth","High"
"539","Jul 2017",2017,7,"slice2","J01-010","critical",31,"Toad","Tadpole","Depth","High"
"540","Jul 2017",2017,7,"slice3","J01-010","critical",31,"Toad","Tadpole","Depth","High"
"541","Aug 1993",1993,8,"slice1","J01-010","critical",31,"Toad","Tadpole","Depth","High"
"542","Aug 1993",1993,8,"slice2","J01-010","critical",31,"Toad","Tadpole","Depth","High"
"543","Aug 1993",1993,8,"slice3","J01-010","critical",31,"Toad","Tadpole","Depth","High"
"544","Aug 1994",1994,8,"slice1","J01-010","critical",31,"Toad","Tadpole","Depth","High"
"545","Aug 1994",1994,8,"slice2","J01-010","critical",31,"Toad","Tadpole","Depth","High"
"546","Aug 1994",1994,8,"slice3","J01-010","critical",31,"Toad","Tadpole","Depth","High"
"547","Aug 1995",1995,8,"slice1","J01-010","critical",31,"Toad","Tadpole","Depth","High"
"548","Aug 1995",1995,8,"slice2","J01-010","critical",31,"Toad","Tadpole","Depth","High"
"549","Aug 1995",1995,8,"slice3","J01-010","critical",31,"Toad","Tadpole","Depth","High"
"550","Aug 1996",1996,8,"slice1","J01-010","critical",31,"Toad","Tadpole","Depth","High"
"551","Aug 1996",1996,8,"slice2","J01-010","critical",31,"Toad","Tadpole","Depth","High"
"552","Aug 1996",1996,8,"slice3","J01-010","critical",31,"Toad","Tadpole","Depth","High"
"553","Aug 1997",1997,8,"slice1","J01-010","critical",31,"Toad","Tadpole","Depth","High"
"554","Aug 1997",1997,8,"slice2","J01-010","critical",31,"Toad","Tadpole","Depth","High"
"555","Aug 1997",1997,8,"slice3","J01-010","critical",31,"Toad","Tadpole","Depth","High"
"556","Aug 1998",1998,8,"slice1","J01-010","critical",31,"Toad","Tadpole","Depth","High"
"557","Aug 1998",1998,8,"slice2","J01-010","critical",31,"Toad","Tadpole","Depth","High"
"558","Aug 1998",1998,8,"slice3","J01-010","critical",31,"Toad","Tadpole","Depth","High"
"559","Aug 1999",1999,8,"slice1","J01-010","critical",31,"Toad","Tadpole","Depth","High"
"560","Aug 1999",1999,8,"slice2","J01-010","critical",31,"Toad","Tadpole","Depth","High"
"561","Aug 1999",1999,8,"slice3","J01-010","critical",31,"Toad","Tadpole","Depth","High"
"562","Aug 2000",2000,8,"slice1","J01-010","critical",31,"Toad","Tadpole","Depth","High"
"563","Aug 2000",2000,8,"slice2","J01-010","critical",31,"Toad","Tadpole","Depth","High"
"564","Aug 2000",2000,8,"slice3","J01-010","critical",31,"Toad","Tadpole","Depth","High"
"565","Aug 2001",2001,8,"slice1","J01-010","critical",31,"Toad","Tadpole","Depth","High"
"566","Aug 2001",2001,8,"slice2","J01-010","critical",31,"Toad","Tadpole","Depth","High"
"567","Aug 2001",2001,8,"slice3","J01-010","critical",31,"Toad","Tadpole","Depth","High"
"568","Aug 2002",2002,8,"slice1","J01-010","critical",31,"Toad","Tadpole","Depth","High"
"569","Aug 2002",2002,8,"slice2","J01-010","critical",31,"Toad","Tadpole","Depth","High"
"570","Aug 2002",2002,8,"slice3","J01-010","critical",31,"Toad","Tadpole","Depth","High"
"571","Aug 2003",2003,8,"slice1","J01-010","critical",31,"Toad","Tadpole","Depth","High"
"572","Aug 2003",2003,8,"slice2","J01-010","critical",31,"Toad","Tadpole","Depth","High"
"573","Aug 2003",2003,8,"slice3","J01-010","critical",31,"Toad","Tadpole","Depth","High"
"574","Aug 2004",2004,8,"slice1","J01-010","critical",31,"Toad","Tadpole","Depth","High"
"575","Aug 2004",2004,8,"slice2","J01-010","critical",31,"Toad","Tadpole","Depth","High"
"576","Aug 2004",2004,8,"slice3","J01-010","critical",31,"Toad","Tadpole","Depth","High"
"577","Aug 2005",2005,8,"slice1","J01-010","critical",31,"Toad","Tadpole","Depth","High"
"578","Aug 2005",2005,8,"slice2","J01-010","critical",31,"Toad","Tadpole","Depth","High"
"579","Aug 2005",2005,8,"slice3","J01-010","critical",31,"Toad","Tadpole","Depth","High"
"580","Aug 2006",2006,8,"slice1","J01-010","critical",31,"Toad","Tadpole","Depth","High"
"581","Aug 2006",2006,8,"slice2","J01-010","critical",31,"Toad","Tadpole","Depth","High"
"582","Aug 2006",2006,8,"slice3","J01-010","critical",31,"Toad","Tadpole","Depth","High"
"583","Aug 2007",2007,8,"slice1","J01-010","critical",31,"Toad","Tadpole","Depth","High"
"584","Aug 2007",2007,8,"slice2","J01-010","critical",31,"Toad","Tadpole","Depth","High"
"585","Aug 2007",2007,8,"slice3","J01-010","critical",31,"Toad","Tadpole","Depth","High"
"586","Aug 2008",2008,8,"slice1","J01-010","critical",31,"Toad","Tadpole","Depth","High"
"587","Aug 2008",2008,8,"slice2","J01-010","critical",31,"Toad","Tadpole","Depth","High"
"588","Aug 2008",2008,8,"slice3","J01-010","critical",31,"Toad","Tadpole","Depth","High"
"589","Aug 2009",2009,8,"slice1","J01-010","critical",31,"Toad","Tadpole","Depth","High"
"590","Aug 2009",2009,8,"slice2","J01-010","critical",31,"Toad","Tadpole","Depth","High"
"591","Aug 2009",2009,8,"slice3","J01-010","critical",31,"Toad","Tadpole","Depth","High"
"592","Aug 2010",2010,8,"slice1","J01-010","critical",31,"Toad","Tadpole","Depth","High"
"593","Aug 2010",2010,8,"slice2","J01-010","critical",31,"Toad","Tadpole","Depth","High"
"594","Aug 2010",2010,8,"slice3","J01-010","critical",31,"Toad","Tadpole","Depth","High"
"595","Aug 2011",2011,8,"slice1","J01-010","critical",31,"Toad","Tadpole","Depth","High"
"596","Aug 2011",2011,8,"slice2","J01-010","critical",31,"Toad","Tadpole","Depth","High"
"597","Aug 2011",2011,8,"slice3","J01-010","critical",31,"Toad","Tadpole","Depth","High"
"598","Aug 2012",2012,8,"slice1","J01-010","critical",31,"Toad","Tadpole","Depth","High"
"599","Aug 2012",2012,8,"slice2","J01-010","critical",31,"Toad","Tadpole","Depth","High"
"600","Aug 2012",2012,8,"slice3","J01-010","critical",31,"Toad","Tadpole","Depth","High"
"601","Aug 2013",2013,8,"slice1","J01-010","critical",31,"Toad","Tadpole","Depth","High"
"602","Aug 2013",2013,8,"slice2","J01-010","critical",31,"Toad","Tadpole","Depth","High"
"603","Aug 2013",2013,8,"slice3","J01-010","critical",31,"Toad","Tadpole","Depth","High"
"604","Aug 2014",2014,8,"slice1","J01-010","critical",31,"Toad","Tadpole","Depth","High"
"605","Aug 2014",2014,8,"slice2","J01-010","critical",31,"Toad","Tadpole","Depth","High"
"606","Aug 2014",2014,8,"slice3","J01-010","critical",31,"Toad","Tadpole","Depth","High"
"607","Aug 2015",2015,8,"slice1","J01-010","critical",31,"Toad","Tadpole","Depth","High"
"608","Aug 2015",2015,8,"slice2","J01-010","critical",31,"Toad","Tadpole","Depth","High"
"609","Aug 2015",2015,8,"slice3","J01-010","critical",31,"Toad","Tadpole","Depth","High"
"610","Aug 2016",2016,8,"slice1","J01-010","critical",31,"Toad","Tadpole","Depth","High"
"611","Aug 2016",2016,8,"slice2","J01-010","critical",31,"Toad","Tadpole","Depth","High"
"612","Aug 2016",2016,8,"slice3","J01-010","critical",31,"Toad","Tadpole","Depth","High"
"613","Aug 2017",2017,8,"slice1","J01-010","critical",31,"Toad","Tadpole","Depth","High"
"614","Aug 2017",2017,8,"slice2","J01-010","critical",31,"Toad","Tadpole","Depth","High"
"615","Aug 2017",2017,8,"slice3","J01-010","critical",31,"Toad","Tadpole","Depth","High"
"616","Sep 1993",1993,9,"slice1","J01-010","critical",30,"Toad","Tadpole","Depth","High"
"617","Sep 1993",1993,9,"slice2","J01-010","critical",30,"Toad","Tadpole","Depth","High"
"618","Sep 1993",1993,9,"slice3","J01-010","critical",30,"Toad","Tadpole","Depth","High"
"619","Sep 1994",1994,9,"slice1","J01-010","critical",30,"Toad","Tadpole","Depth","High"
"620","Sep 1994",1994,9,"slice2","J01-010","critical",30,"Toad","Tadpole","Depth","High"
"621","Sep 1994",1994,9,"slice3","J01-010","critical",30,"Toad","Tadpole","Depth","High"
"622","Sep 1995",1995,9,"slice1","J01-010","critical",30,"Toad","Tadpole","Depth","High"
"623","Sep 1995",1995,9,"slice2","J01-010","critical",30,"Toad","Tadpole","Depth","High"
"624","Sep 1995",1995,9,"slice3","J01-010","critical",30,"Toad","Tadpole","Depth","High"
"625","Sep 1996",1996,9,"slice1","J01-010","critical",30,"Toad","Tadpole","Depth","High"
"626","Sep 1996",1996,9,"slice2","J01-010","critical",30,"Toad","Tadpole","Depth","High"
"627","Sep 1996",1996,9,"slice3","J01-010","critical",30,"Toad","Tadpole","Depth","High"
"628","Sep 1997",1997,9,"slice1","J01-010","critical",30,"Toad","Tadpole","Depth","High"
"629","Sep 1997",1997,9,"slice2","J01-010","critical",30,"Toad","Tadpole","Depth","High"
"630","Sep 1997",1997,9,"slice3","J01-010","critical",30,"Toad","Tadpole","Depth","High"
"631","Sep 1998",1998,9,"slice1","J01-010","critical",30,"Toad","Tadpole","Depth","High"
"632","Sep 1998",1998,9,"slice2","J01-010","critical",30,"Toad","Tadpole","Depth","High"
"633","Sep 1998",1998,9,"slice3","J01-010","critical",30,"Toad","Tadpole","Depth","High"
"634","Sep 1999",1999,9,"slice1","J01-010","critical",30,"Toad","Tadpole","Depth","High"
"635","Sep 1999",1999,9,"slice2","J01-010","critical",30,"Toad","Tadpole","Depth","High"
"636","Sep 1999",1999,9,"slice3","J01-010","critical",30,"Toad","Tadpole","Depth","High"
"637","Sep 2000",2000,9,"slice1","J01-010","critical",30,"Toad","Tadpole","Depth","High"
"638","Sep 2000",2000,9,"slice2","J01-010","critical",30,"Toad","Tadpole","Depth","High"
"639","Sep 2000",2000,9,"slice3","J01-010","critical",30,"Toad","Tadpole","Depth","High"
"640","Sep 2001",2001,9,"slice1","J01-010","critical",30,"Toad","Tadpole","Depth","High"
"641","Sep 2001",2001,9,"slice2","J01-010","critical",30,"Toad","Tadpole","Depth","High"
"642","Sep 2001",2001,9,"slice3","J01-010","critical",30,"Toad","Tadpole","Depth","High"
"643","Sep 2002",2002,9,"slice1","J01-010","critical",30,"Toad","Tadpole","Depth","High"
"644","Sep 2002",2002,9,"slice2","J01-010","critical",30,"Toad","Tadpole","Depth","High"
"645","Sep 2002",2002,9,"slice3","J01-010","critical",30,"Toad","Tadpole","Depth","High"
"646","Sep 2003",2003,9,"slice1","J01-010","critical",30,"Toad","Tadpole","Depth","High"
"647","Sep 2003",2003,9,"slice2","J01-010","critical",30,"Toad","Tadpole","Depth","High"
"648","Sep 2003",2003,9,"slice3","J01-010","critical",30,"Toad","Tadpole","Depth","High"
"649","Sep 2004",2004,9,"slice1","J01-010","critical",30,"Toad","Tadpole","Depth","High"
"650","Sep 2004",2004,9,"slice2","J01-010","critical",30,"Toad","Tadpole","Depth","High"
"651","Sep 2004",2004,9,"slice3","J01-010","critical",30,"Toad","Tadpole","Depth","High"
"652","Sep 2005",2005,9,"slice1","J01-010","critical",30,"Toad","Tadpole","Depth","High"
"653","Sep 2005",2005,9,"slice2","J01-010","critical",30,"Toad","Tadpole","Depth","High"
"654","Sep 2005",2005,9,"slice3","J01-010","critical",30,"Toad","Tadpole","Depth","High"
"655","Sep 2006",2006,9,"slice1","J01-010","critical",30,"Toad","Tadpole","Depth","High"
"656","Sep 2006",2006,9,"slice2","J01-010","critical",29,"Toad","Tadpole","Depth","High"
"657","Sep 2006",2006,9,"slice3","J01-010","critical",30,"Toad","Tadpole","Depth","High"
"658","Sep 2007",2007,9,"slice1","J01-010","critical",30,"Toad","Tadpole","Depth","High"
"659","Sep 2007",2007,9,"slice2","J01-010","critical",30,"Toad","Tadpole","Depth","High"
"660","Sep 2007",2007,9,"slice3","J01-010","critical",30,"Toad","Tadpole","Depth","High"
"661","Sep 2008",2008,9,"slice1","J01-010","critical",30,"Toad","Tadpole","Depth","High"
"662","Sep 2008",2008,9,"slice2","J01-010","critical",30,"Toad","Tadpole","Depth","High"
"663","Sep 2008",2008,9,"slice3","J01-010","critical",30,"Toad","Tadpole","Depth","High"
"664","Sep 2009",2009,9,"slice1","J01-010","critical",30,"Toad","Tadpole","Depth","High"
"665","Sep 2009",2009,9,"slice2","J01-010","critical",30,"Toad","Tadpole","Depth","High"
"666","Sep 2009",2009,9,"slice3","J01-010","critical",30,"Toad","Tadpole","Depth","High"
"667","Sep 2010",2010,9,"slice1","J01-010","critical",30,"Toad","Tadpole","Depth","High"
"668","Sep 2010",2010,9,"slice2","J01-010","critical",30,"Toad","Tadpole","Depth","High"
"669","Sep 2010",2010,9,"slice3","J01-010","critical",30,"Toad","Tadpole","Depth","High"
"670","Sep 2011",2011,9,"slice1","J01-010","critical",30,"Toad","Tadpole","Depth","High"
"671","Sep 2011",2011,9,"slice2","J01-010","critical",30,"Toad","Tadpole","Depth","High"
"672","Sep 2011",2011,9,"slice3","J01-010","critical",30,"Toad","Tadpole","Depth","High"
"673","Sep 2012",2012,9,"slice1","J01-010","critical",30,"Toad","Tadpole","Depth","High"
"674","Sep 2012",2012,9,"slice2","J01-010","critical",30,"Toad","Tadpole","Depth","High"
"675","Sep 2012",2012,9,"slice3","J01-010","critical",30,"Toad","Tadpole","Depth","High"
"676","Sep 2013",2013,9,"slice1","J01-010","critical",30,"Toad","Tadpole","Depth","High"
"677","Sep 2013",2013,9,"slice2","J01-010","critical",30,"Toad","Tadpole","Depth","High"
"678","Sep 2013",2013,9,"slice3","J01-010","critical",30,"Toad","Tadpole","Depth","High"
"679","Sep 2014",2014,9,"slice1","J01-010","critical",29,"Toad","Tadpole","Depth","High"
"680","Sep 2014",2014,9,"slice2","J01-010","critical",29,"Toad","Tadpole","Depth","High"
"681","Sep 2014",2014,9,"slice3","J01-010","critical",29,"Toad","Tadpole","Depth","High"
"682","Sep 2015",2015,9,"slice1","J01-010","critical",30,"Toad","Tadpole","Depth","High"
"683","Sep 2015",2015,9,"slice2","J01-010","critical",30,"Toad","Tadpole","Depth","High"
"684","Sep 2015",2015,9,"slice3","J01-010","critical",30,"Toad","Tadpole","Depth","High"
"685","Sep 2016",2016,9,"slice1","J01-010","critical",30,"Toad","Tadpole","Depth","High"
"686","Sep 2016",2016,9,"slice2","J01-010","critical",30,"Toad","Tadpole","Depth","High"
"687","Sep 2016",2016,9,"slice3","J01-010","critical",30,"Toad","Tadpole","Depth","High"
"688","Sep 2017",2017,9,"slice1","J01-010","critical",30,"Toad","Tadpole","Depth","High"
"689","Sep 2017",2017,9,"slice2","J01-010","critical",30,"Toad","Tadpole","Depth","High"
"690","Sep 2017",2017,9,"slice3","J01-010","critical",30,"Toad","Tadpole","Depth","High"
"691","Oct 1993",1993,10,"slice1","J01-010","non_critical",31,"Toad","Tadpole","Depth","High"
"692","Oct 1993",1993,10,"slice2","J01-010","non_critical",31,"Toad","Tadpole","Depth","High"
"693","Oct 1993",1993,10,"slice3","J01-010","non_critical",31,"Toad","Tadpole","Depth","High"
"694","Oct 1994",1994,10,"slice1","J01-010","non_critical",31,"Toad","Tadpole","Depth","High"
"695","Oct 1994",1994,10,"slice2","J01-010","non_critical",31,"Toad","Tadpole","Depth","High"
"696","Oct 1994",1994,10,"slice3","J01-010","non_critical",31,"Toad","Tadpole","Depth","High"
"697","Oct 1995",1995,10,"slice1","J01-010","non_critical",31,"Toad","Tadpole","Depth","High"
"698","Oct 1995",1995,10,"slice2","J01-010","non_critical",31,"Toad","Tadpole","Depth","High"
"699","Oct 1995",1995,10,"slice3","J01-010","non_critical",31,"Toad","Tadpole","Depth","High"
"700","Oct 1996",1996,10,"slice1","J01-010","non_critical",30,"Toad","Tadpole","Depth","High"
"701","Oct 1996",1996,10,"slice2","J01-010","non_critical",30,"Toad","Tadpole","Depth","High"
"702","Oct 1996",1996,10,"slice3","J01-010","non_critical",30,"Toad","Tadpole","Depth","High"
"703","Oct 1997",1997,10,"slice1","J01-010","non_critical",30,"Toad","Tadpole","Depth","High"
"704","Oct 1997",1997,10,"slice2","J01-010","non_critical",30,"Toad","Tadpole","Depth","High"
"705","Oct 1997",1997,10,"slice3","J01-010","non_critical",30,"Toad","Tadpole","Depth","High"
"706","Oct 1998",1998,10,"slice1","J01-010","non_critical",31,"Toad","Tadpole","Depth","High"
"707","Oct 1998",1998,10,"slice2","J01-010","non_critical",31,"Toad","Tadpole","Depth","High"
"708","Oct 1998",1998,10,"slice3","J01-010","non_critical",31,"Toad","Tadpole","Depth","High"
"709","Oct 1999",1999,10,"slice1","J01-010","non_critical",31,"Toad","Tadpole","Depth","High"
"710","Oct 1999",1999,10,"slice2","J01-010","non_critical",31,"Toad","Tadpole","Depth","High"
"711","Oct 1999",1999,10,"slice3","J01-010","non_critical",31,"Toad","Tadpole","Depth","High"
"712","Oct 2000",2000,10,"slice1","J01-010","non_critical",28,"Toad","Tadpole","Depth","High"
"713","Oct 2000",2000,10,"slice2","J01-010","non_critical",28,"Toad","Tadpole","Depth","High"
"714","Oct 2000",2000,10,"slice3","J01-010","non_critical",28,"Toad","Tadpole","Depth","High"
"715","Oct 2001",2001,10,"slice1","J01-010","non_critical",31,"Toad","Tadpole","Depth","High"
"716","Oct 2001",2001,10,"slice2","J01-010","non_critical",31,"Toad","Tadpole","Depth","High"
"717","Oct 2001",2001,10,"slice3","J01-010","non_critical",31,"Toad","Tadpole","Depth","High"
"718","Oct 2002",2002,10,"slice1","J01-010","non_critical",31,"Toad","Tadpole","Depth","High"
"719","Oct 2002",2002,10,"slice2","J01-010","non_critical",31,"Toad","Tadpole","Depth","High"
"720","Oct 2002",2002,10,"slice3","J01-010","non_critical",31,"Toad","Tadpole","Depth","High"
"721","Oct 2003",2003,10,"slice1","J01-010","non_critical",31,"Toad","Tadpole","Depth","High"
"722","Oct 2003",2003,10,"slice2","J01-010","non_critical",31,"Toad","Tadpole","Depth","High"
"723","Oct 2003",2003,10,"slice3","J01-010","non_critical",31,"Toad","Tadpole","Depth","High"
"724","Oct 2004",2004,10,"slice1","J01-010","non_critical",25,"Toad","Tadpole","Depth","High"
"725","Oct 2004",2004,10,"slice2","J01-010","non_critical",24,"Toad","Tadpole","Depth","High"
"726","Oct 2004",2004,10,"slice3","J01-010","non_critical",24,"Toad","Tadpole","Depth","High"
"727","Oct 2005",2005,10,"slice1","J01-010","non_critical",31,"Toad","Tadpole","Depth","High"
"728","Oct 2005",2005,10,"slice2","J01-010","non_critical",28,"Toad","Tadpole","Depth","High"
"729","Oct 2005",2005,10,"slice3","J01-010","non_critical",29,"Toad","Tadpole","Depth","High"
"730","Oct 2006",2006,10,"slice1","J01-010","non_critical",31,"Toad","Tadpole","Depth","High"
"731","Oct 2006",2006,10,"slice2","J01-010","non_critical",31,"Toad","Tadpole","Depth","High"
"732","Oct 2006",2006,10,"slice3","J01-010","non_critical",31,"Toad","Tadpole","Depth","High"
"733","Oct 2007",2007,10,"slice1","J01-010","non_critical",31,"Toad","Tadpole","Depth","High"
"734","Oct 2007",2007,10,"slice2","J01-010","non_critical",31,"Toad","Tadpole","Depth","High"
"735","Oct 2007",2007,10,"slice3","J01-010","non_critical",31,"Toad","Tadpole","Depth","High"
"736","Oct 2008",2008,10,"slice1","J01-010","non_critical",31,"Toad","Tadpole","Depth","High"
"737","Oct 2008",2008,10,"slice2","J01-010","non_critical",31,"Toad","Tadpole","Depth","High"
"738","Oct 2008",2008,10,"slice3","J01-010","non_critical",31,"Toad","Tadpole","Depth","High"
"739","Oct 2009",2009,10,"slice1","J01-010","non_critical",31,"Toad","Tadpole","Depth","High"
"740","Oct 2009",2009,10,"slice2","J01-010","non_critical",31,"Toad","Tadpole","Depth","High"
"741","Oct 2009",2009,10,"slice3","J01-010","non_critical",31,"Toad","Tadpole","Depth","High"
"742","Oct 2010",2010,10,"slice1","J01-010","non_critical",29,"Toad","Tadpole","Depth","High"
"743","Oct 2010",2010,10,"slice2","J01-010","non_critical",28,"Toad","Tadpole","Depth","High"
"744","Oct 2010",2010,10,"slice3","J01-010","non_critical",28,"Toad","Tadpole","Depth","High"
"745","Oct 2011",2011,10,"slice1","J01-010","non_critical",30,"Toad","Tadpole","Depth","High"
"746","Oct 2011",2011,10,"slice2","J01-010","non_critical",30,"Toad","Tadpole","Depth","High"
"747","Oct 2011",2011,10,"slice3","J01-010","non_critical",30,"Toad","Tadpole","Depth","High"
"748","Oct 2012",2012,10,"slice1","J01-010","non_critical",31,"Toad","Tadpole","Depth","High"
"749","Oct 2012",2012,10,"slice2","J01-010","non_critical",31,"Toad","Tadpole","Depth","High"
"750","Oct 2012",2012,10,"slice3","J01-010","non_critical",31,"Toad","Tadpole","Depth","High"
"751","Oct 2013",2013,10,"slice1","J01-010","non_critical",29,"Toad","Tadpole","Depth","High"
"752","Oct 2013",2013,10,"slice2","J01-010","non_critical",29,"Toad","Tadpole","Depth","High"
"753","Oct 2013",2013,10,"slice3","J01-010","non_critical",29,"Toad","Tadpole","Depth","High"
"754","Oct 2014",2014,10,"slice1","J01-010","non_critical",31,"Toad","Tadpole","Depth","High"
"755","Oct 2014",2014,10,"slice2","J01-010","non_critical",31,"Toad","Tadpole","Depth","High"
"756","Oct 2014",2014,10,"slice3","J01-010","non_critical",31,"Toad","Tadpole","Depth","High"
"757","Oct 2015",2015,10,"slice1","J01-010","non_critical",31,"Toad","Tadpole","Depth","High"
"758","Oct 2015",2015,10,"slice2","J01-010","non_critical",30,"Toad","Tadpole","Depth","High"
"759","Oct 2015",2015,10,"slice3","J01-010","non_critical",31,"Toad","Tadpole","Depth","High"
"760","Oct 2016",2016,10,"slice1","J01-010","non_critical",31,"Toad","Tadpole","Depth","High"
"761","Oct 2016",2016,10,"slice2","J01-010","non_critical",31,"Toad","Tadpole","Depth","High"
"762","Oct 2016",2016,10,"slice3","J01-010","non_critical",31,"Toad","Tadpole","Depth","High"
"763","Oct 2017",2017,10,"slice1","J01-010","non_critical",31,"Toad","Tadpole","Depth","High"
"764","Oct 2017",2017,10,"slice2","J01-010","non_critical",31,"Toad","Tadpole","Depth","High"
"765","Oct 2017",2017,10,"slice3","J01-010","non_critical",31,"Toad","Tadpole","Depth","High"
"766","Oct 2018",2018,10,"slice1","J01-010","non_critical",30,"Toad","Tadpole","Depth","High"
"767","Oct 2018",2018,10,"slice2","J01-010","non_critical",30,"Toad","Tadpole","Depth","High"
"768","Oct 2018",2018,10,"slice3","J01-010","non_critical",30,"Toad","Tadpole","Depth","High"
"769","Nov 1993",1993,11,"slice1","J01-010","non_critical",30,"Toad","Tadpole","Depth","High"
"770","Nov 1993",1993,11,"slice2","J01-010","non_critical",29,"Toad","Tadpole","Depth","High"
"771","Nov 1993",1993,11,"slice3","J01-010","non_critical",30,"Toad","Tadpole","Depth","High"
"772","Nov 1994",1994,11,"slice1","J01-010","non_critical",30,"Toad","Tadpole","Depth","High"
"773","Nov 1994",1994,11,"slice2","J01-010","non_critical",30,"Toad","Tadpole","Depth","High"
"774","Nov 1994",1994,11,"slice3","J01-010","non_critical",30,"Toad","Tadpole","Depth","High"
"775","Nov 1995",1995,11,"slice1","J01-010","non_critical",30,"Toad","Tadpole","Depth","High"
"776","Nov 1995",1995,11,"slice2","J01-010","non_critical",30,"Toad","Tadpole","Depth","High"
"777","Nov 1995",1995,11,"slice3","J01-010","non_critical",30,"Toad","Tadpole","Depth","High"
"778","Nov 1996",1996,11,"slice1","J01-010","non_critical",28,"Toad","Tadpole","Depth","High"
"779","Nov 1996",1996,11,"slice2","J01-010","non_critical",28,"Toad","Tadpole","Depth","High"
"780","Nov 1996",1996,11,"slice3","J01-010","non_critical",28,"Toad","Tadpole","Depth","High"
"781","Nov 1997",1997,11,"slice1","J01-010","non_critical",27,"Toad","Tadpole","Depth","High"
"782","Nov 1997",1997,11,"slice2","J01-010","non_critical",26,"Toad","Tadpole","Depth","High"
"783","Nov 1997",1997,11,"slice3","J01-010","non_critical",27,"Toad","Tadpole","Depth","High"
"784","Nov 1998",1998,11,"slice1","J01-010","non_critical",28,"Toad","Tadpole","Depth","High"
"785","Nov 1998",1998,11,"slice2","J01-010","non_critical",28,"Toad","Tadpole","Depth","High"
"786","Nov 1998",1998,11,"slice3","J01-010","non_critical",28,"Toad","Tadpole","Depth","High"
"787","Nov 1999",1999,11,"slice1","J01-010","non_critical",30,"Toad","Tadpole","Depth","High"
"788","Nov 1999",1999,11,"slice2","J01-010","non_critical",30,"Toad","Tadpole","Depth","High"
"789","Nov 1999",1999,11,"slice3","J01-010","non_critical",30,"Toad","Tadpole","Depth","High"
"790","Nov 2000",2000,11,"slice1","J01-010","non_critical",30,"Toad","Tadpole","Depth","High"
"791","Nov 2000",2000,11,"slice2","J01-010","non_critical",30,"Toad","Tadpole","Depth","High"
"792","Nov 2000",2000,11,"slice3","J01-010","non_critical",30,"Toad","Tadpole","Depth","High"
"793","Nov 2001",2001,11,"slice1","J01-010","non_critical",28,"Toad","Tadpole","Depth","High"
"794","Nov 2001",2001,11,"slice2","J01-010","non_critical",28,"Toad","Tadpole","Depth","High"
"795","Nov 2001",2001,11,"slice3","J01-010","non_critical",28,"Toad","Tadpole","Depth","High"
"796","Nov 2002",2002,11,"slice1","J01-010","non_critical",28,"Toad","Tadpole","Depth","High"
"797","Nov 2002",2002,11,"slice2","J01-010","non_critical",28,"Toad","Tadpole","Depth","High"
"798","Nov 2002",2002,11,"slice3","J01-010","non_critical",28,"Toad","Tadpole","Depth","High"
"799","Nov 2003",2003,11,"slice1","J01-010","non_critical",30,"Toad","Tadpole","Depth","High"
"800","Nov 2003",2003,11,"slice2","J01-010","non_critical",30,"Toad","Tadpole","Depth","High"
"801","Nov 2003",2003,11,"slice3","J01-010","non_critical",30,"Toad","Tadpole","Depth","High"
"802","Nov 2004",2004,11,"slice1","J01-010","non_critical",30,"Toad","Tadpole","Depth","High"
"803","Nov 2004",2004,11,"slice2","J01-010","non_critical",29,"Toad","Tadpole","Depth","High"
"804","Nov 2004",2004,11,"slice3","J01-010","non_critical",29,"Toad","Tadpole","Depth","High"
"805","Nov 2005",2005,11,"slice1","J01-010","non_critical",30,"Toad","Tadpole","Depth","High"
"806","Nov 2005",2005,11,"slice2","J01-010","non_critical",30,"Toad","Tadpole","Depth","High"
"807","Nov 2005",2005,11,"slice3","J01-010","non_critical",30,"Toad","Tadpole","Depth","High"
"808","Nov 2006",2006,11,"slice1","J01-010","non_critical",30,"Toad","Tadpole","Depth","High"
"809","Nov 2006",2006,11,"slice2","J01-010","non_critical",30,"Toad","Tadpole","Depth","High"
"810","Nov 2006",2006,11,"slice3","J01-010","non_critical",30,"Toad","Tadpole","Depth","High"
"811","Nov 2007",2007,11,"slice1","J01-010","non_critical",29,"Toad","Tadpole","Depth","High"
"812","Nov 2007",2007,11,"slice2","J01-010","non_critical",29,"Toad","Tadpole","Depth","High"
"813","Nov 2007",2007,11,"slice3","J01-010","non_critical",29,"Toad","Tadpole","Depth","High"
"814","Nov 2008",2008,11,"slice1","J01-010","non_critical",29,"Toad","Tadpole","Depth","High"
"815","Nov 2008",2008,11,"slice2","J01-010","non_critical",28,"Toad","Tadpole","Depth","High"
"816","Nov 2008",2008,11,"slice3","J01-010","non_critical",29,"Toad","Tadpole","Depth","High"
"817","Nov 2009",2009,11,"slice1","J01-010","non_critical",30,"Toad","Tadpole","Depth","High"
"818","Nov 2009",2009,11,"slice2","J01-010","non_critical",30,"Toad","Tadpole","Depth","High"
"819","Nov 2009",2009,11,"slice3","J01-010","non_critical",30,"Toad","Tadpole","Depth","High"
"820","Nov 2010",2010,11,"slice1","J01-010","non_critical",30,"Toad","Tadpole","Depth","High"
"821","Nov 2010",2010,11,"slice2","J01-010","non_critical",29,"Toad","Tadpole","Depth","High"
"822","Nov 2010",2010,11,"slice3","J01-010","non_critical",29,"Toad","Tadpole","Depth","High"
"823","Nov 2011",2011,11,"slice1","J01-010","non_critical",29,"Toad","Tadpole","Depth","High"
"824","Nov 2011",2011,11,"slice2","J01-010","non_critical",28,"Toad","Tadpole","Depth","High"
"825","Nov 2011",2011,11,"slice3","J01-010","non_critical",29,"Toad","Tadpole","Depth","High"
"826","Nov 2012",2012,11,"slice1","J01-010","non_critical",30,"Toad","Tadpole","Depth","High"
"827","Nov 2012",2012,11,"slice2","J01-010","non_critical",30,"Toad","Tadpole","Depth","High"
"828","Nov 2012",2012,11,"slice3","J01-010","non_critical",30,"Toad","Tadpole","Depth","High"
"829","Nov 2013",2013,11,"slice1","J01-010","non_critical",30,"Toad","Tadpole","Depth","High"
"830","Nov 2013",2013,11,"slice2","J01-010","non_critical",29,"Toad","Tadpole","Depth","High"
"831","Nov 2013",2013,11,"slice3","J01-010","non_critical",30,"Toad","Tadpole","Depth","High"
"832","Nov 2014",2014,11,"slice1","J01-010","non_critical",30,"Toad","Tadpole","Depth","High"
"833","Nov 2014",2014,11,"slice2","J01-010","non_critical",29,"Toad","Tadpole","Depth","High"
"834","Nov 2014",2014,11,"slice3","J01-010","non_critical",29,"Toad","Tadpole","Depth","High"
"835","Nov 2015",2015,11,"slice1","J01-010","non_critical",30,"Toad","Tadpole","Depth","High"
"836","Nov 2015",2015,11,"slice2","J01-010","non_critical",29,"Toad","Tadpole","Depth","High"
"837","Nov 2015",2015,11,"slice3","J01-010","non_critical",29,"Toad","Tadpole","Depth","High"
"838","Nov 2016",2016,11,"slice1","J01-010","non_critical",29,"Toad","Tadpole","Depth","High"
"839","Nov 2016",2016,11,"slice2","J01-010","non_critical",27,"Toad","Tadpole","Depth","High"
"840","Nov 2016",2016,11,"slice3","J01-010","non_critical",27,"Toad","Tadpole","Depth","High"
"841","Nov 2017",2017,11,"slice1","J01-010","non_critical",30,"Toad","Tadpole","Depth","High"
"842","Nov 2017",2017,11,"slice2","J01-010","non_critical",30,"Toad","Tadpole","Depth","High"
"843","Nov 2017",2017,11,"slice3","J01-010","non_critical",30,"Toad","Tadpole","Depth","High"
"844","Nov 2018",2018,11,"slice1","J01-010","non_critical",28,"Toad","Tadpole","Depth","High"
"845","Nov 2018",2018,11,"slice2","J01-010","non_critical",28,"Toad","Tadpole","Depth","High"
"846","Nov 2018",2018,11,"slice3","J01-010","non_critical",28,"Toad","Tadpole","Depth","High"
"847","Dec 1993",1993,12,"slice1","J01-010","non_critical",31,"Toad","Tadpole","Depth","High"
"848","Dec 1993",1993,12,"slice2","J01-010","non_critical",30,"Toad","Tadpole","Depth","High"
"849","Dec 1993",1993,12,"slice3","J01-010","non_critical",30,"Toad","Tadpole","Depth","High"
"850","Dec 1994",1994,12,"slice1","J01-010","non_critical",29,"Toad","Tadpole","Depth","High"
"851","Dec 1994",1994,12,"slice2","J01-010","non_critical",28,"Toad","Tadpole","Depth","High"
"852","Dec 1994",1994,12,"slice3","J01-010","non_critical",28,"Toad","Tadpole","Depth","High"
"853","Dec 1995",1995,12,"slice1","J01-010","non_critical",31,"Toad","Tadpole","Depth","High"
"854","Dec 1995",1995,12,"slice2","J01-010","non_critical",30,"Toad","Tadpole","Depth","High"
"855","Dec 1995",1995,12,"slice3","J01-010","non_critical",31,"Toad","Tadpole","Depth","High"
"856","Dec 1996",1996,12,"slice1","J01-010","non_critical",27,"Toad","Tadpole","Depth","High"
"857","Dec 1996",1996,12,"slice2","J01-010","non_critical",25,"Toad","Tadpole","Depth","High"
"858","Dec 1996",1996,12,"slice3","J01-010","non_critical",26,"Toad","Tadpole","Depth","High"
"859","Dec 1997",1997,12,"slice1","J01-010","non_critical",29,"Toad","Tadpole","Depth","High"
"860","Dec 1997",1997,12,"slice2","J01-010","non_critical",28,"Toad","Tadpole","Depth","High"
"861","Dec 1997",1997,12,"slice3","J01-010","non_critical",29,"Toad","Tadpole","Depth","High"
"862","Dec 1998",1998,12,"slice1","J01-010","non_critical",30,"Toad","Tadpole","Depth","High"
"863","Dec 1998",1998,12,"slice2","J01-010","non_critical",27,"Toad","Tadpole","Depth","High"
"864","Dec 1998",1998,12,"slice3","J01-010","non_critical",29,"Toad","Tadpole","Depth","High"
"865","Dec 1999",1999,12,"slice1","J01-010","non_critical",31,"Toad","Tadpole","Depth","High"
"866","Dec 1999",1999,12,"slice2","J01-010","non_critical",31,"Toad","Tadpole","Depth","High"
"867","Dec 1999",1999,12,"slice3","J01-010","non_critical",31,"Toad","Tadpole","Depth","High"
"868","Dec 2000",2000,12,"slice1","J01-010","non_critical",31,"Toad","Tadpole","Depth","High"
"869","Dec 2000",2000,12,"slice2","J01-010","non_critical",31,"Toad","Tadpole","Depth","High"
"870","Dec 2000",2000,12,"slice3","J01-010","non_critical",31,"Toad","Tadpole","Depth","High"
"871","Dec 2001",2001,12,"slice1","J01-010","non_critical",31,"Toad","Tadpole","Depth","High"
"872","Dec 2001",2001,12,"slice2","J01-010","non_critical",31,"Toad","Tadpole","Depth","High"
"873","Dec 2001",2001,12,"slice3","J01-010","non_critical",31,"Toad","Tadpole","Depth","High"
"874","Dec 2002",2002,12,"slice1","J01-010","non_critical",29,"Toad","Tadpole","Depth","High"
"875","Dec 2002",2002,12,"slice2","J01-010","non_critical",28,"Toad","Tadpole","Depth","High"
"876","Dec 2002",2002,12,"slice3","J01-010","non_critical",28,"Toad","Tadpole","Depth","High"
"877","Dec 2003",2003,12,"slice1","J01-010","non_critical",30,"Toad","Tadpole","Depth","High"
"878","Dec 2003",2003,12,"slice2","J01-010","non_critical",29,"Toad","Tadpole","Depth","High"
"879","Dec 2003",2003,12,"slice3","J01-010","non_critical",30,"Toad","Tadpole","Depth","High"
"880","Dec 2004",2004,12,"slice1","J01-010","non_critical",28,"Toad","Tadpole","Depth","High"
"881","Dec 2004",2004,12,"slice2","J01-010","non_critical",27,"Toad","Tadpole","Depth","High"
"882","Dec 2004",2004,12,"slice3","J01-010","non_critical",27,"Toad","Tadpole","Depth","High"
"883","Dec 2005",2005,12,"slice1","J01-010","non_critical",30,"Toad","Tadpole","Depth","High"
"884","Dec 2005",2005,12,"slice2","J01-010","non_critical",30,"Toad","Tadpole","Depth","High"
"885","Dec 2005",2005,12,"slice3","J01-010","non_critical",30,"Toad","Tadpole","Depth","High"
"886","Dec 2006",2006,12,"slice1","J01-010","non_critical",31,"Toad","Tadpole","Depth","High"
"887","Dec 2006",2006,12,"slice2","J01-010","non_critical",30,"Toad","Tadpole","Depth","High"
"888","Dec 2006",2006,12,"slice3","J01-010","non_critical",30,"Toad","Tadpole","Depth","High"
"889","Dec 2007",2007,12,"slice1","J01-010","non_critical",30,"Toad","Tadpole","Depth","High"
"890","Dec 2007",2007,12,"slice2","J01-010","non_critical",30,"Toad","Tadpole","Depth","High"
"891","Dec 2007",2007,12,"slice3","J01-010","non_critical",30,"Toad","Tadpole","Depth","High"
"892","Dec 2008",2008,12,"slice1","J01-010","non_critical",28,"Toad","Tadpole","Depth","High"
"893","Dec 2008",2008,12,"slice2","J01-010","non_critical",27,"Toad","Tadpole","Depth","High"
"894","Dec 2008",2008,12,"slice3","J01-010","non_critical",28,"Toad","Tadpole","Depth","High"
"895","Dec 2009",2009,12,"slice1","J01-010","non_critical",29,"Toad","Tadpole","Depth","High"
"896","Dec 2009",2009,12,"slice2","J01-010","non_critical",28,"Toad","Tadpole","Depth","High"
"897","Dec 2009",2009,12,"slice3","J01-010","non_critical",28,"Toad","Tadpole","Depth","High"
"898","Dec 2010",2010,12,"slice1","J01-010","non_critical",25,"Toad","Tadpole","Depth","High"
"899","Dec 2010",2010,12,"slice2","J01-010","non_critical",22,"Toad","Tadpole","Depth","High"
"900","Dec 2010",2010,12,"slice3","J01-010","non_critical",23,"Toad","Tadpole","Depth","High"
"901","Dec 2011",2011,12,"slice1","J01-010","non_critical",30,"Toad","Tadpole","Depth","High"
"902","Dec 2011",2011,12,"slice2","J01-010","non_critical",30,"Toad","Tadpole","Depth","High"
"903","Dec 2011",2011,12,"slice3","J01-010","non_critical",30,"Toad","Tadpole","Depth","High"
"904","Dec 2012",2012,12,"slice1","J01-010","non_critical",31,"Toad","Tadpole","Depth","High"
"905","Dec 2012",2012,12,"slice2","J01-010","non_critical",26,"Toad","Tadpole","Depth","High"
"906","Dec 2012",2012,12,"slice3","J01-010","non_critical",27,"Toad","Tadpole","Depth","High"
"907","Dec 2013",2013,12,"slice1","J01-010","non_critical",31,"Toad","Tadpole","Depth","High"
"908","Dec 2013",2013,12,"slice2","J01-010","non_critical",31,"Toad","Tadpole","Depth","High"
"909","Dec 2013",2013,12,"slice3","J01-010","non_critical",31,"Toad","Tadpole","Depth","High"
"910","Dec 2014",2014,12,"slice1","J01-010","non_critical",28,"Toad","Tadpole","Depth","High"
"911","Dec 2014",2014,12,"slice2","J01-010","non_critical",25,"Toad","Tadpole","Depth","High"
"912","Dec 2014",2014,12,"slice3","J01-010","non_critical",25,"Toad","Tadpole","Depth","High"
"913","Dec 2015",2015,12,"slice1","J01-010","non_critical",31,"Toad","Tadpole","Depth","High"
"914","Dec 2015",2015,12,"slice2","J01-010","non_critical",30,"Toad","Tadpole","Depth","High"
"915","Dec 2015",2015,12,"slice3","J01-010","non_critical",30,"Toad","Tadpole","Depth","High"
"916","Dec 2016",2016,12,"slice1","J01-010","non_critical",27,"Toad","Tadpole","Depth","High"
"917","Dec 2016",2016,12,"slice2","J01-010","non_critical",25,"Toad","Tadpole","Depth","High"
"918","Dec 2016",2016,12,"slice3","J01-010","non_critical",27,"Toad","Tadpole","Depth","High"
"919","Dec 2017",2017,12,"slice1","J01-010","non_critical",31,"Toad","Tadpole","Depth","High"
"920","Dec 2017",2017,12,"slice2","J01-010","non_critical",31,"Toad","Tadpole","Depth","High"
"921","Dec 2017",2017,12,"slice3","J01-010","non_critical",31,"Toad","Tadpole","Depth","High"
"922","Dec 2018",2018,12,"slice1","J01-010","non_critical",29,"Toad","Tadpole","Depth","High"
"923","Dec 2018",2018,12,"slice2","J01-010","non_critical",29,"Toad","Tadpole","Depth","High"
"924","Dec 2018",2018,12,"slice3","J01-010","non_critical",29,"Toad","Tadpole","Depth","High"
