"","X","Species","Life_Stage","Hydraulic","TimePeriod","position","Node","Overall_Class","pos_code"
"1",1,"Chub","Adult","Depth","Annual","slice1","J01-010","Low","J01-010_slice1"
"2",2,"Chub","Adult","Depth","Annual","slice1","J01-020","Low","J01-020_slice1"
"3",3,"Chub","Adult","Depth","Annual","slice1","J01-030","Low","J01-030_slice1"
"4",4,"Chub","Adult","Depth","Annual","slice1","J01-031","Low","J01-031_slice1"
"5",5,"Chub","Adult","Depth","Annual","slice1","J01-040","Low","J01-040_slice1"
"6",6,"Chub","Adult","Depth","Annual","slice1","J01-041","Low","J01-041_slice1"
"7",7,"Chub","Adult","Depth","Annual","slice1","J01-060","Low","J01-060_slice1"
"8",8,"Chub","Adult","Depth","Annual","slice1","J01-061","Low","J01-061_slice1"
"9",9,"Chub","Adult","Depth","Annual","slice1","J01-062","Low","J01-062_slice1"
"10",10,"Chub","Adult","Depth","Annual","slice1","J01-070","Low","J01-070_slice1"
"11",11,"Chub","Adult","Depth","Annual","slice1","J01-080","Low","J01-080_slice1"
"12",12,"Chub","Adult","Depth","Annual","slice1","J01-090","Low","J01-090_slice1"
"13",13,"Chub","Adult","Depth","Annual","slice1","J01-091","Low","J01-091_slice1"
"14",14,"Chub","Adult","Depth","Annual","slice1","J01-100","Low","J01-100_slice1"
"15",15,"Chub","Adult","Depth","Annual","slice1","J03-010","Low","J03-010_slice1"
"16",16,"Chub","Adult","Depth","Annual","slice1","J04-010","Low","J04-010_slice1"
"17",17,"Chub","Adult","Depth","Annual","slice1","J05-010","Low","J05-010_slice1"
"18",18,"Chub","Adult","Depth","Annual","slice1","J07-010","Low","J07-010_slice1"
"19",19,"Chub","Adult","Depth","Annual","slice1","L01-060","Low","L01-060_slice1"
"20",20,"Chub","Adult","Depth","Annual","slice1","L01-080","Low","L01-080_slice1"
"21",21,"Chub","Adult","Depth","Annual","slice1","L01-100","Low","L01-100_slice1"
"22",22,"Chub","Adult","Depth","Annual","slice1","L02-010","Low","L02-010_slice1"
"23",23,"Chub","Adult","Depth","Annual","slice1","L02-020","Low","L02-020_slice1"
"24",24,"Chub","Adult","Depth","Annual","slice1","L02-021","Low","L02-021_slice1"
"25",25,"Chub","Adult","Depth","Annual","slice1","L02-022","Low","L02-022_slice1"
"26",26,"Chub","Adult","Depth","Annual","slice1","L02-023","Low","L02-023_slice1"
"27",27,"Chub","Adult","Depth","Annual","slice1","L02-030","Low","L02-030_slice1"
"28",28,"Chub","Adult","Depth","Annual","slice1","L02-031","Low","L02-031_slice1"
"29",29,"Chub","Adult","Depth","Annual","slice1","L02-040","Low","L02-040_slice1"
"30",30,"Chub","Adult","Depth","Annual","slice1","L02-041","Low","L02-041_slice1"
"31",31,"Chub","Adult","Depth","Annual","slice1","L02-050","Low","L02-050_slice1"
"32",32,"Chub","Adult","Depth","Annual","slice1","L02-051","Low","L02-051_slice1"
"33",33,"Chub","Adult","Depth","Annual","slice2","J01-010","Low","J01-010_slice2"
"34",34,"Chub","Adult","Depth","Annual","slice2","J01-020","Low","J01-020_slice2"
"35",35,"Chub","Adult","Depth","Annual","slice2","J01-030","Low","J01-030_slice2"
"36",36,"Chub","Adult","Depth","Annual","slice2","J01-031","Low","J01-031_slice2"
"37",37,"Chub","Adult","Depth","Annual","slice2","J01-040","Low","J01-040_slice2"
"38",38,"Chub","Adult","Depth","Annual","slice2","J01-041","Low","J01-041_slice2"
"39",39,"Chub","Adult","Depth","Annual","slice2","J01-060","Low","J01-060_slice2"
"40",40,"Chub","Adult","Depth","Annual","slice2","J01-061","Low","J01-061_slice2"
"41",41,"Chub","Adult","Depth","Annual","slice2","J01-080","Low","J01-080_slice2"
"42",42,"Chub","Adult","Depth","Annual","slice2","J01-090","Low","J01-090_slice2"
"43",43,"Chub","Adult","Depth","Annual","slice2","J01-091","Low","J01-091_slice2"
"44",44,"Chub","Adult","Depth","Annual","slice2","J01-100","Low","J01-100_slice2"
"45",45,"Chub","Adult","Depth","Annual","slice2","J03-010","Low","J03-010_slice2"
"46",46,"Chub","Adult","Depth","Annual","slice2","J04-010","Low","J04-010_slice2"
"47",47,"Chub","Adult","Depth","Annual","slice2","J05-010","Low","J05-010_slice2"
"48",48,"Chub","Adult","Depth","Annual","slice2","J07-010","Low","J07-010_slice2"
"49",49,"Chub","Adult","Depth","Annual","slice2","L01-060","Low","L01-060_slice2"
"50",50,"Chub","Adult","Depth","Annual","slice2","L01-080","Low","L01-080_slice2"
"51",51,"Chub","Adult","Depth","Annual","slice2","L01-100","Low","L01-100_slice2"
"52",52,"Chub","Adult","Depth","Annual","slice2","L02-010","Low","L02-010_slice2"
"53",53,"Chub","Adult","Depth","Annual","slice2","L02-020","Low","L02-020_slice2"
"54",54,"Chub","Adult","Depth","Annual","slice2","L02-021","Low","L02-021_slice2"
"55",55,"Chub","Adult","Depth","Annual","slice2","L02-022","Low","L02-022_slice2"
"56",56,"Chub","Adult","Depth","Annual","slice2","L02-023","Low","L02-023_slice2"
"57",57,"Chub","Adult","Depth","Annual","slice2","L02-030","Low","L02-030_slice2"
"58",58,"Chub","Adult","Depth","Annual","slice2","L02-031","Low","L02-031_slice2"
"59",59,"Chub","Adult","Depth","Annual","slice2","L02-040","Low","L02-040_slice2"
"60",60,"Chub","Adult","Depth","Annual","slice2","L02-041","Low","L02-041_slice2"
"61",61,"Chub","Adult","Depth","Annual","slice2","L02-050","Low","L02-050_slice2"
"62",62,"Chub","Adult","Depth","Annual","slice2","L02-051","Low","L02-051_slice2"
"63",63,"Chub","Adult","Depth","Annual","slice3","J01-010","Low","J01-010_slice3"
"64",64,"Chub","Adult","Depth","Annual","slice3","J01-020","Low","J01-020_slice3"
"65",65,"Chub","Adult","Depth","Annual","slice3","J01-030","Low","J01-030_slice3"
"66",66,"Chub","Adult","Depth","Annual","slice3","J01-031","Low","J01-031_slice3"
"67",67,"Chub","Adult","Depth","Annual","slice3","J01-040","Low","J01-040_slice3"
"68",68,"Chub","Adult","Depth","Annual","slice3","J01-041","Low","J01-041_slice3"
"69",69,"Chub","Adult","Depth","Annual","slice3","J01-060","Low","J01-060_slice3"
"70",70,"Chub","Adult","Depth","Annual","slice3","J01-061","Low","J01-061_slice3"
"71",71,"Chub","Adult","Depth","Annual","slice3","J01-080","Low","J01-080_slice3"
"72",72,"Chub","Adult","Depth","Annual","slice3","J01-091","Low","J01-091_slice3"
"73",73,"Chub","Adult","Depth","Annual","slice3","J01-100","Low","J01-100_slice3"
"74",74,"Chub","Adult","Depth","Annual","slice3","J03-010","Low","J03-010_slice3"
"75",75,"Chub","Adult","Depth","Annual","slice3","J04-010","Low","J04-010_slice3"
"76",76,"Chub","Adult","Depth","Annual","slice3","J05-010","Low","J05-010_slice3"
"77",77,"Chub","Adult","Depth","Annual","slice3","J07-010","Low","J07-010_slice3"
"78",78,"Chub","Adult","Depth","Annual","slice3","L01-060","Low","L01-060_slice3"
"79",79,"Chub","Adult","Depth","Annual","slice3","L01-080","Low","L01-080_slice3"
"80",80,"Chub","Adult","Depth","Annual","slice3","L01-100","Low","L01-100_slice3"
"81",81,"Chub","Adult","Depth","Annual","slice3","L02-010","Low","L02-010_slice3"
"82",82,"Chub","Adult","Depth","Annual","slice3","L02-020","Low","L02-020_slice3"
"83",83,"Chub","Adult","Depth","Annual","slice3","L02-021","Low","L02-021_slice3"
"84",84,"Chub","Adult","Depth","Annual","slice3","L02-022","Low","L02-022_slice3"
"85",85,"Chub","Adult","Depth","Annual","slice3","L02-023","Low","L02-023_slice3"
"86",86,"Chub","Adult","Depth","Annual","slice3","L02-030","Low","L02-030_slice3"
"87",87,"Chub","Adult","Depth","Annual","slice3","L02-031","Low","L02-031_slice3"
"88",88,"Chub","Adult","Depth","Annual","slice3","L02-040","Low","L02-040_slice3"
"89",89,"Chub","Adult","Depth","Annual","slice3","L02-041","Low","L02-041_slice3"
"90",90,"Chub","Adult","Depth","Annual","slice3","L02-050","Low","L02-050_slice3"
"91",91,"Chub","Adult","Depth","Annual","slice3","L02-051","Low","L02-051_slice3"
"92",92,"Chub","Adult","Depth","Annual","slice4","J01-020","Low","J01-020_slice4"
"93",93,"Chub","Adult","Depth","Annual","slice4","J01-030","Low","J01-030_slice4"
"94",94,"Chub","Adult","Depth","Annual","slice4","J01-040","Low","J01-040_slice4"
"95",95,"Chub","Adult","Depth","Annual","slice4","J04-010","Low","J04-010_slice4"
"96",96,"Chub","Adult","Depth","Annual","slice4","J05-010","Low","J05-010_slice4"
"97",97,"Chub","Adult","Depth","Annual","slice4","L01-100","Low","L01-100_slice4"
"98",98,"Chub","Adult","Depth","Annual","slice4","L02-021","Low","L02-021_slice4"
"99",99,"Chub","Adult","Depth","Annual","slice4","L02-022","Low","L02-022_slice4"
"100",100,"Chub","Adult","Depth","Annual","slice4","L02-023","Low","L02-023_slice4"
"101",101,"Chub","Adult","Depth","Annual","slice4","L02-031","Low","L02-031_slice4"
"102",102,"Chub","Adult","Depth","Annual","slice4","L02-040","Low","L02-040_slice4"
"103",103,"Chub","Adult","Depth","Annual","slice5","J01-030","Low","J01-030_slice5"
"104",104,"Chub","Adult","Depth","Annual","slice5","J01-040","Low","J01-040_slice5"
"105",105,"Chub","Adult","Depth","Annual","slice5","L02-022","Low","L02-022_slice5"
"106",106,"Chub","Adult","Depth","Annual","slice6","L02-022","Low","L02-022_slice6"
"107",107,"Chub","Adult","Velocity","Annual","slice1","J01-010","Low","J01-010_slice1"
"108",108,"Chub","Adult","Velocity","Annual","slice1","J01-020","Low","J01-020_slice1"
"109",109,"Chub","Adult","Velocity","Annual","slice1","J01-030","Low","J01-030_slice1"
"110",110,"Chub","Adult","Velocity","Annual","slice1","J01-031","Low","J01-031_slice1"
"111",111,"Chub","Adult","Velocity","Annual","slice1","J01-040","Low","J01-040_slice1"
"112",112,"Chub","Adult","Velocity","Annual","slice1","J01-041","Low","J01-041_slice1"
"113",113,"Chub","Adult","Velocity","Annual","slice1","J01-060","Low","J01-060_slice1"
"114",114,"Chub","Adult","Velocity","Annual","slice1","J01-061","Low","J01-061_slice1"
"115",115,"Chub","Adult","Velocity","Annual","slice1","J01-062","Low","J01-062_slice1"
"116",116,"Chub","Adult","Velocity","Annual","slice1","J01-070","High","J01-070_slice1"
"117",117,"Chub","Adult","Velocity","Annual","slice1","J01-080","Low","J01-080_slice1"
"118",118,"Chub","Adult","Velocity","Annual","slice1","J01-090","Low","J01-090_slice1"
"119",119,"Chub","Adult","Velocity","Annual","slice1","J01-091","Low","J01-091_slice1"
"120",120,"Chub","Adult","Velocity","Annual","slice1","J01-100","Low","J01-100_slice1"
"121",121,"Chub","Adult","Velocity","Annual","slice1","J03-010","Low","J03-010_slice1"
"122",122,"Chub","Adult","Velocity","Annual","slice1","J04-010","Low","J04-010_slice1"
"123",123,"Chub","Adult","Velocity","Annual","slice1","J05-010","Low","J05-010_slice1"
"124",124,"Chub","Adult","Velocity","Annual","slice1","J07-010","Low","J07-010_slice1"
"125",125,"Chub","Adult","Velocity","Annual","slice1","L01-060","Low","L01-060_slice1"
"126",126,"Chub","Adult","Velocity","Annual","slice1","L01-080","Low","L01-080_slice1"
"127",127,"Chub","Adult","Velocity","Annual","slice1","L01-100","Low","L01-100_slice1"
"128",128,"Chub","Adult","Velocity","Annual","slice1","L02-010","Low","L02-010_slice1"
"129",129,"Chub","Adult","Velocity","Annual","slice1","L02-020","Partial","L02-020_slice1"
"130",130,"Chub","Adult","Velocity","Annual","slice1","L02-021","Low","L02-021_slice1"
"131",131,"Chub","Adult","Velocity","Annual","slice1","L02-022","Low","L02-022_slice1"
"132",132,"Chub","Adult","Velocity","Annual","slice1","L02-023","Low","L02-023_slice1"
"133",133,"Chub","Adult","Velocity","Annual","slice1","L02-030","Low","L02-030_slice1"
"134",134,"Chub","Adult","Velocity","Annual","slice1","L02-031","Low","L02-031_slice1"
"135",135,"Chub","Adult","Velocity","Annual","slice1","L02-040","Low","L02-040_slice1"
"136",136,"Chub","Adult","Velocity","Annual","slice1","L02-041","Low","L02-041_slice1"
"137",137,"Chub","Adult","Velocity","Annual","slice1","L02-050","Low","L02-050_slice1"
"138",138,"Chub","Adult","Velocity","Annual","slice1","L02-051","Low","L02-051_slice1"
"139",139,"Chub","Adult","Velocity","Annual","slice2","J01-010","Low","J01-010_slice2"
"140",140,"Chub","Adult","Velocity","Annual","slice2","J01-020","Low","J01-020_slice2"
"141",141,"Chub","Adult","Velocity","Annual","slice2","J01-030","Low","J01-030_slice2"
"142",142,"Chub","Adult","Velocity","Annual","slice2","J01-031","Low","J01-031_slice2"
"143",143,"Chub","Adult","Velocity","Annual","slice2","J01-040","Low","J01-040_slice2"
"144",144,"Chub","Adult","Velocity","Annual","slice2","J01-041","High","J01-041_slice2"
"145",145,"Chub","Adult","Velocity","Annual","slice2","J01-060","Low","J01-060_slice2"
"146",146,"Chub","Adult","Velocity","Annual","slice2","J01-061","Low","J01-061_slice2"
"147",147,"Chub","Adult","Velocity","Annual","slice2","J01-080","High","J01-080_slice2"
"148",148,"Chub","Adult","Velocity","Annual","slice2","J01-090","High","J01-090_slice2"
"149",149,"Chub","Adult","Velocity","Annual","slice2","J01-091","High","J01-091_slice2"
"150",150,"Chub","Adult","Velocity","Annual","slice2","J01-100","High","J01-100_slice2"
"151",151,"Chub","Adult","Velocity","Annual","slice2","J03-010","High","J03-010_slice2"
"152",152,"Chub","Adult","Velocity","Annual","slice2","J04-010","Low","J04-010_slice2"
"153",153,"Chub","Adult","Velocity","Annual","slice2","J05-010","Low","J05-010_slice2"
"154",154,"Chub","Adult","Velocity","Annual","slice2","J07-010","Low","J07-010_slice2"
"155",155,"Chub","Adult","Velocity","Annual","slice2","L01-060","Low","L01-060_slice2"
"156",156,"Chub","Adult","Velocity","Annual","slice2","L01-080","Low","L01-080_slice2"
"157",157,"Chub","Adult","Velocity","Annual","slice2","L01-100","Low","L01-100_slice2"
"158",158,"Chub","Adult","Velocity","Annual","slice2","L02-010","High","L02-010_slice2"
"159",159,"Chub","Adult","Velocity","Annual","slice2","L02-020","Low","L02-020_slice2"
"160",160,"Chub","Adult","Velocity","Annual","slice2","L02-021","Low","L02-021_slice2"
"161",161,"Chub","Adult","Velocity","Annual","slice2","L02-022","Low","L02-022_slice2"
"162",162,"Chub","Adult","Velocity","Annual","slice2","L02-023","Low","L02-023_slice2"
"163",163,"Chub","Adult","Velocity","Annual","slice2","L02-030","Partial","L02-030_slice2"
"164",164,"Chub","Adult","Velocity","Annual","slice2","L02-031","Partial","L02-031_slice2"
"165",165,"Chub","Adult","Velocity","Annual","slice2","L02-040","Low","L02-040_slice2"
"166",166,"Chub","Adult","Velocity","Annual","slice2","L02-041","Low","L02-041_slice2"
"167",167,"Chub","Adult","Velocity","Annual","slice2","L02-050","Low","L02-050_slice2"
"168",168,"Chub","Adult","Velocity","Annual","slice2","L02-051","Low","L02-051_slice2"
"169",169,"Chub","Adult","Velocity","Annual","slice3","J01-010","Low","J01-010_slice3"
"170",170,"Chub","Adult","Velocity","Annual","slice3","J01-020","High","J01-020_slice3"
"171",171,"Chub","Adult","Velocity","Annual","slice3","J01-030","High","J01-030_slice3"
"172",172,"Chub","Adult","Velocity","Annual","slice3","J01-031","Low","J01-031_slice3"
"173",173,"Chub","Adult","Velocity","Annual","slice3","J01-040","Low","J01-040_slice3"
"174",174,"Chub","Adult","Velocity","Annual","slice3","J01-041","Low","J01-041_slice3"
"175",175,"Chub","Adult","Velocity","Annual","slice3","J01-060","Low","J01-060_slice3"
"176",176,"Chub","Adult","Velocity","Annual","slice3","J01-061","Low","J01-061_slice3"
"177",177,"Chub","Adult","Velocity","Annual","slice3","J01-080","Low","J01-080_slice3"
"178",178,"Chub","Adult","Velocity","Annual","slice3","J01-091","Low","J01-091_slice3"
"179",179,"Chub","Adult","Velocity","Annual","slice3","J01-100","Low","J01-100_slice3"
"180",180,"Chub","Adult","Velocity","Annual","slice3","J03-010","Low","J03-010_slice3"
"181",181,"Chub","Adult","Velocity","Annual","slice3","J04-010","Low","J04-010_slice3"
"182",182,"Chub","Adult","Velocity","Annual","slice3","J05-010","Low","J05-010_slice3"
"183",183,"Chub","Adult","Velocity","Annual","slice3","J07-010","Low","J07-010_slice3"
"184",184,"Chub","Adult","Velocity","Annual","slice3","L01-060","Low","L01-060_slice3"
"185",185,"Chub","Adult","Velocity","Annual","slice3","L01-080","High","L01-080_slice3"
"186",186,"Chub","Adult","Velocity","Annual","slice3","L01-100","Low","L01-100_slice3"
"187",187,"Chub","Adult","Velocity","Annual","slice3","L02-010","Low","L02-010_slice3"
"188",188,"Chub","Adult","Velocity","Annual","slice3","L02-020","Low","L02-020_slice3"
"189",189,"Chub","Adult","Velocity","Annual","slice3","L02-021","Partial","L02-021_slice3"
"190",190,"Chub","Adult","Velocity","Annual","slice3","L02-022","Low","L02-022_slice3"
"191",191,"Chub","Adult","Velocity","Annual","slice3","L02-023","Low","L02-023_slice3"
"192",192,"Chub","Adult","Velocity","Annual","slice3","L02-030","Low","L02-030_slice3"
"193",193,"Chub","Adult","Velocity","Annual","slice3","L02-031","Low","L02-031_slice3"
"194",194,"Chub","Adult","Velocity","Annual","slice3","L02-040","Low","L02-040_slice3"
"195",195,"Chub","Adult","Velocity","Annual","slice3","L02-041","Low","L02-041_slice3"
"196",196,"Chub","Adult","Velocity","Annual","slice3","L02-050","Low","L02-050_slice3"
"197",197,"Chub","Adult","Velocity","Annual","slice3","L02-051","Low","L02-051_slice3"
"198",198,"Chub","Adult","Velocity","Annual","slice4","J01-020","Low","J01-020_slice4"
"199",199,"Chub","Adult","Velocity","Annual","slice4","J01-030","Low","J01-030_slice4"
"200",200,"Chub","Adult","Velocity","Annual","slice4","J01-040","High","J01-040_slice4"
"201",201,"Chub","Adult","Velocity","Annual","slice4","J04-010","Low","J04-010_slice4"
"202",202,"Chub","Adult","Velocity","Annual","slice4","J05-010","Low","J05-010_slice4"
"203",203,"Chub","Adult","Velocity","Annual","slice4","L01-100","Low","L01-100_slice4"
"204",204,"Chub","Adult","Velocity","Annual","slice4","L02-021","Low","L02-021_slice4"
"205",205,"Chub","Adult","Velocity","Annual","slice4","L02-022","Low","L02-022_slice4"
"206",206,"Chub","Adult","Velocity","Annual","slice4","L02-023","Partial","L02-023_slice4"
"207",207,"Chub","Adult","Velocity","Annual","slice4","L02-031","Partial","L02-031_slice4"
"208",208,"Chub","Adult","Velocity","Annual","slice4","L02-040","Partial","L02-040_slice4"
"209",209,"Chub","Adult","Velocity","Annual","slice5","J01-030","Low","J01-030_slice5"
"210",210,"Chub","Adult","Velocity","Annual","slice5","J01-040","Low","J01-040_slice5"
"211",211,"Chub","Adult","Velocity","Annual","slice5","L02-022","Low","L02-022_slice5"
"212",212,"Chub","Adult","Velocity","Annual","slice6","L02-022","Partial","L02-022_slice6"
"213",213,"Toad","Breeding/Eggs","Depth","Seasonal","slice1","J01-010","High","J01-010_slice1"
"214",214,"Toad","Breeding/Eggs","Depth","Seasonal","slice1","J01-020","High","J01-020_slice1"
"215",215,"Toad","Breeding/Eggs","Depth","Seasonal","slice1","J01-030","High","J01-030_slice1"
"216",216,"Toad","Breeding/Eggs","Depth","Seasonal","slice1","J01-031","High","J01-031_slice1"
"217",217,"Toad","Breeding/Eggs","Depth","Seasonal","slice1","J01-040","High","J01-040_slice1"
"218",218,"Toad","Breeding/Eggs","Depth","Seasonal","slice1","J01-041","High","J01-041_slice1"
"219",219,"Toad","Breeding/Eggs","Depth","Seasonal","slice1","J01-060","High","J01-060_slice1"
"220",220,"Toad","Breeding/Eggs","Depth","Seasonal","slice1","J01-061","High","J01-061_slice1"
"221",221,"Toad","Breeding/Eggs","Depth","Seasonal","slice1","J01-062","High","J01-062_slice1"
"222",222,"Toad","Breeding/Eggs","Depth","Seasonal","slice1","J01-070","High","J01-070_slice1"
"223",223,"Toad","Breeding/Eggs","Depth","Seasonal","slice1","J01-080","High","J01-080_slice1"
"224",224,"Toad","Breeding/Eggs","Depth","Seasonal","slice1","J01-090","High","J01-090_slice1"
"225",225,"Toad","Breeding/Eggs","Depth","Seasonal","slice1","J01-091","High","J01-091_slice1"
"226",226,"Toad","Breeding/Eggs","Depth","Seasonal","slice1","J01-100","High","J01-100_slice1"
"227",227,"Toad","Breeding/Eggs","Depth","Seasonal","slice1","J03-010","High","J03-010_slice1"
"228",228,"Toad","Breeding/Eggs","Depth","Seasonal","slice1","J04-010","High","J04-010_slice1"
"229",229,"Toad","Breeding/Eggs","Depth","Seasonal","slice1","J05-010","High","J05-010_slice1"
"230",230,"Toad","Breeding/Eggs","Depth","Seasonal","slice1","J07-010","High","J07-010_slice1"
"231",231,"Toad","Breeding/Eggs","Depth","Seasonal","slice1","L01-060","Low","L01-060_slice1"
"232",232,"Toad","Breeding/Eggs","Depth","Seasonal","slice1","L01-080","High","L01-080_slice1"
"233",233,"Toad","Breeding/Eggs","Depth","Seasonal","slice1","L01-100","Low","L01-100_slice1"
"234",234,"Toad","Breeding/Eggs","Depth","Seasonal","slice1","L02-010","High","L02-010_slice1"
"235",235,"Toad","Breeding/Eggs","Depth","Seasonal","slice1","L02-020","High","L02-020_slice1"
"236",236,"Toad","Breeding/Eggs","Depth","Seasonal","slice1","L02-021","High","L02-021_slice1"
"237",237,"Toad","Breeding/Eggs","Depth","Seasonal","slice1","L02-022","High","L02-022_slice1"
"238",238,"Toad","Breeding/Eggs","Depth","Seasonal","slice1","L02-023","High","L02-023_slice1"
"239",239,"Toad","Breeding/Eggs","Depth","Seasonal","slice1","L02-030","High","L02-030_slice1"
"240",240,"Toad","Breeding/Eggs","Depth","Seasonal","slice1","L02-031","High","L02-031_slice1"
"241",241,"Toad","Breeding/Eggs","Depth","Seasonal","slice1","L02-040","High","L02-040_slice1"
"242",242,"Toad","Breeding/Eggs","Depth","Seasonal","slice1","L02-041","Low","L02-041_slice1"
"243",243,"Toad","Breeding/Eggs","Depth","Seasonal","slice1","L02-050","Low","L02-050_slice1"
"244",244,"Toad","Breeding/Eggs","Depth","Seasonal","slice1","L02-051","Low","L02-051_slice1"
"245",245,"Toad","Breeding/Eggs","Depth","Seasonal","slice2","J01-010","High","J01-010_slice2"
"246",246,"Toad","Breeding/Eggs","Depth","Seasonal","slice2","J01-020","High","J01-020_slice2"
"247",247,"Toad","Breeding/Eggs","Depth","Seasonal","slice2","J01-030","High","J01-030_slice2"
"248",248,"Toad","Breeding/Eggs","Depth","Seasonal","slice2","J01-031","High","J01-031_slice2"
"249",249,"Toad","Breeding/Eggs","Depth","Seasonal","slice2","J01-040","High","J01-040_slice2"
"250",250,"Toad","Breeding/Eggs","Depth","Seasonal","slice2","J01-041","High","J01-041_slice2"
"251",251,"Toad","Breeding/Eggs","Depth","Seasonal","slice2","J01-060","High","J01-060_slice2"
"252",252,"Toad","Breeding/Eggs","Depth","Seasonal","slice2","J01-061","High","J01-061_slice2"
"253",253,"Toad","Breeding/Eggs","Depth","Seasonal","slice2","J01-080","High","J01-080_slice2"
"254",254,"Toad","Breeding/Eggs","Depth","Seasonal","slice2","J01-090","High","J01-090_slice2"
"255",255,"Toad","Breeding/Eggs","Depth","Seasonal","slice2","J01-091","High","J01-091_slice2"
"256",256,"Toad","Breeding/Eggs","Depth","Seasonal","slice2","J01-100","High","J01-100_slice2"
"257",257,"Toad","Breeding/Eggs","Depth","Seasonal","slice2","J03-010","High","J03-010_slice2"
"258",258,"Toad","Breeding/Eggs","Depth","Seasonal","slice2","J04-010","High","J04-010_slice2"
"259",259,"Toad","Breeding/Eggs","Depth","Seasonal","slice2","J05-010","High","J05-010_slice2"
"260",260,"Toad","Breeding/Eggs","Depth","Seasonal","slice2","J07-010","High","J07-010_slice2"
"261",261,"Toad","Breeding/Eggs","Depth","Seasonal","slice2","L01-060","Low","L01-060_slice2"
"262",262,"Toad","Breeding/Eggs","Depth","Seasonal","slice2","L01-080","High","L01-080_slice2"
"263",263,"Toad","Breeding/Eggs","Depth","Seasonal","slice2","L01-100","Low","L01-100_slice2"
"264",264,"Toad","Breeding/Eggs","Depth","Seasonal","slice2","L02-010","High","L02-010_slice2"
"265",265,"Toad","Breeding/Eggs","Depth","Seasonal","slice2","L02-020","High","L02-020_slice2"
"266",266,"Toad","Breeding/Eggs","Depth","Seasonal","slice2","L02-021","High","L02-021_slice2"
"267",267,"Toad","Breeding/Eggs","Depth","Seasonal","slice2","L02-022","High","L02-022_slice2"
"268",268,"Toad","Breeding/Eggs","Depth","Seasonal","slice2","L02-023","High","L02-023_slice2"
"269",269,"Toad","Breeding/Eggs","Depth","Seasonal","slice2","L02-030","High","L02-030_slice2"
"270",270,"Toad","Breeding/Eggs","Depth","Seasonal","slice2","L02-031","High","L02-031_slice2"
"271",271,"Toad","Breeding/Eggs","Depth","Seasonal","slice2","L02-040","High","L02-040_slice2"
"272",272,"Toad","Breeding/Eggs","Depth","Seasonal","slice2","L02-041","Low","L02-041_slice2"
"273",273,"Toad","Breeding/Eggs","Depth","Seasonal","slice2","L02-050","Low","L02-050_slice2"
"274",274,"Toad","Breeding/Eggs","Depth","Seasonal","slice2","L02-051","Low","L02-051_slice2"
"275",275,"Toad","Breeding/Eggs","Depth","Seasonal","slice3","J01-010","High","J01-010_slice3"
"276",276,"Toad","Breeding/Eggs","Depth","Seasonal","slice3","J01-020","High","J01-020_slice3"
"277",277,"Toad","Breeding/Eggs","Depth","Seasonal","slice3","J01-030","High","J01-030_slice3"
"278",278,"Toad","Breeding/Eggs","Depth","Seasonal","slice3","J01-031","High","J01-031_slice3"
"279",279,"Toad","Breeding/Eggs","Depth","Seasonal","slice3","J01-040","High","J01-040_slice3"
"280",280,"Toad","Breeding/Eggs","Depth","Seasonal","slice3","J01-041","High","J01-041_slice3"
"281",281,"Toad","Breeding/Eggs","Depth","Seasonal","slice3","J01-060","High","J01-060_slice3"
"282",282,"Toad","Breeding/Eggs","Depth","Seasonal","slice3","J01-061","High","J01-061_slice3"
"283",283,"Toad","Breeding/Eggs","Depth","Seasonal","slice3","J01-080","High","J01-080_slice3"
"284",284,"Toad","Breeding/Eggs","Depth","Seasonal","slice3","J01-091","High","J01-091_slice3"
"285",285,"Toad","Breeding/Eggs","Depth","Seasonal","slice3","J01-100","High","J01-100_slice3"
"286",286,"Toad","Breeding/Eggs","Depth","Seasonal","slice3","J03-010","High","J03-010_slice3"
"287",287,"Toad","Breeding/Eggs","Depth","Seasonal","slice3","J04-010","High","J04-010_slice3"
"288",288,"Toad","Breeding/Eggs","Depth","Seasonal","slice3","J05-010","High","J05-010_slice3"
"289",289,"Toad","Breeding/Eggs","Depth","Seasonal","slice3","J07-010","High","J07-010_slice3"
"290",290,"Toad","Breeding/Eggs","Depth","Seasonal","slice3","L01-060","Low","L01-060_slice3"
"291",291,"Toad","Breeding/Eggs","Depth","Seasonal","slice3","L01-080","High","L01-080_slice3"
"292",292,"Toad","Breeding/Eggs","Depth","Seasonal","slice3","L01-100","Low","L01-100_slice3"
"293",293,"Toad","Breeding/Eggs","Depth","Seasonal","slice3","L02-010","High","L02-010_slice3"
"294",294,"Toad","Breeding/Eggs","Depth","Seasonal","slice3","L02-020","High","L02-020_slice3"
"295",295,"Toad","Breeding/Eggs","Depth","Seasonal","slice3","L02-021","High","L02-021_slice3"
"296",296,"Toad","Breeding/Eggs","Depth","Seasonal","slice3","L02-022","High","L02-022_slice3"
"297",297,"Toad","Breeding/Eggs","Depth","Seasonal","slice3","L02-023","High","L02-023_slice3"
"298",298,"Toad","Breeding/Eggs","Depth","Seasonal","slice3","L02-030","High","L02-030_slice3"
"299",299,"Toad","Breeding/Eggs","Depth","Seasonal","slice3","L02-031","High","L02-031_slice3"
"300",300,"Toad","Breeding/Eggs","Depth","Seasonal","slice3","L02-040","High","L02-040_slice3"
"301",301,"Toad","Breeding/Eggs","Depth","Seasonal","slice3","L02-041","Low","L02-041_slice3"
"302",302,"Toad","Breeding/Eggs","Depth","Seasonal","slice3","L02-050","Low","L02-050_slice3"
"303",303,"Toad","Breeding/Eggs","Depth","Seasonal","slice3","L02-051","Low","L02-051_slice3"
"304",304,"Toad","Breeding/Eggs","Depth","Seasonal","slice4","J01-020","High","J01-020_slice4"
"305",305,"Toad","Breeding/Eggs","Depth","Seasonal","slice4","J01-030","High","J01-030_slice4"
"306",306,"Toad","Breeding/Eggs","Depth","Seasonal","slice4","J01-040","High","J01-040_slice4"
"307",307,"Toad","Breeding/Eggs","Depth","Seasonal","slice4","J04-010","High","J04-010_slice4"
"308",308,"Toad","Breeding/Eggs","Depth","Seasonal","slice4","J05-010","High","J05-010_slice4"
"309",309,"Toad","Breeding/Eggs","Depth","Seasonal","slice4","L01-100","Low","L01-100_slice4"
"310",310,"Toad","Breeding/Eggs","Depth","Seasonal","slice4","L02-021","High","L02-021_slice4"
"311",311,"Toad","Breeding/Eggs","Depth","Seasonal","slice4","L02-022","High","L02-022_slice4"
"312",312,"Toad","Breeding/Eggs","Depth","Seasonal","slice4","L02-023","High","L02-023_slice4"
"313",313,"Toad","Breeding/Eggs","Depth","Seasonal","slice4","L02-031","High","L02-031_slice4"
"314",314,"Toad","Breeding/Eggs","Depth","Seasonal","slice4","L02-040","High","L02-040_slice4"
"315",315,"Toad","Breeding/Eggs","Depth","Seasonal","slice5","J01-030","High","J01-030_slice5"
"316",316,"Toad","Breeding/Eggs","Depth","Seasonal","slice5","J01-040","High","J01-040_slice5"
"317",317,"Toad","Breeding/Eggs","Depth","Seasonal","slice5","L02-022","High","L02-022_slice5"
"318",318,"Toad","Breeding/Eggs","Depth","Seasonal","slice6","L02-022","High","L02-022_slice6"
"319",319,"Toad","Breeding/Eggs","Velocity","Seasonal","slice1","J01-010","Low","J01-010_slice1"
"320",320,"Toad","Breeding/Eggs","Velocity","Seasonal","slice1","J01-020","High","J01-020_slice1"
"321",321,"Toad","Breeding/Eggs","Velocity","Seasonal","slice1","J01-030","High","J01-030_slice1"
"322",322,"Toad","Breeding/Eggs","Velocity","Seasonal","slice1","J01-031","High","J01-031_slice1"
"323",323,"Toad","Breeding/Eggs","Velocity","Seasonal","slice1","J01-040","High","J01-040_slice1"
"324",324,"Toad","Breeding/Eggs","Velocity","Seasonal","slice1","J01-041","High","J01-041_slice1"
"325",325,"Toad","Breeding/Eggs","Velocity","Seasonal","slice1","J01-060","High","J01-060_slice1"
"326",326,"Toad","Breeding/Eggs","Velocity","Seasonal","slice1","J01-061","High","J01-061_slice1"
"327",327,"Toad","Breeding/Eggs","Velocity","Seasonal","slice1","J01-062","High","J01-062_slice1"
"328",328,"Toad","Breeding/Eggs","Velocity","Seasonal","slice1","J01-070","Low","J01-070_slice1"
"329",329,"Toad","Breeding/Eggs","Velocity","Seasonal","slice1","J01-080","High","J01-080_slice1"
"330",330,"Toad","Breeding/Eggs","Velocity","Seasonal","slice1","J01-090","High","J01-090_slice1"
"331",331,"Toad","Breeding/Eggs","Velocity","Seasonal","slice1","J01-091","High","J01-091_slice1"
"332",332,"Toad","Breeding/Eggs","Velocity","Seasonal","slice1","J01-100","High","J01-100_slice1"
"333",333,"Toad","Breeding/Eggs","Velocity","Seasonal","slice1","J03-010","High","J03-010_slice1"
"334",334,"Toad","Breeding/Eggs","Velocity","Seasonal","slice1","J04-010","High","J04-010_slice1"
"335",335,"Toad","Breeding/Eggs","Velocity","Seasonal","slice1","J05-010","Low","J05-010_slice1"
"336",336,"Toad","Breeding/Eggs","Velocity","Seasonal","slice1","J07-010","Low","J07-010_slice1"
"337",337,"Toad","Breeding/Eggs","Velocity","Seasonal","slice1","L01-060","Low","L01-060_slice1"
"338",338,"Toad","Breeding/Eggs","Velocity","Seasonal","slice1","L01-080","High","L01-080_slice1"
"339",339,"Toad","Breeding/Eggs","Velocity","Seasonal","slice1","L01-100","Low","L01-100_slice1"
"340",340,"Toad","Breeding/Eggs","Velocity","Seasonal","slice1","L02-010","High","L02-010_slice1"
"341",341,"Toad","Breeding/Eggs","Velocity","Seasonal","slice1","L02-020","Low","L02-020_slice1"
"342",342,"Toad","Breeding/Eggs","Velocity","Seasonal","slice1","L02-021","High","L02-021_slice1"
"343",343,"Toad","Breeding/Eggs","Velocity","Seasonal","slice1","L02-022","High","L02-022_slice1"
"344",344,"Toad","Breeding/Eggs","Velocity","Seasonal","slice1","L02-023","High","L02-023_slice1"
"345",345,"Toad","Breeding/Eggs","Velocity","Seasonal","slice1","L02-030","High","L02-030_slice1"
"346",346,"Toad","Breeding/Eggs","Velocity","Seasonal","slice1","L02-031","High","L02-031_slice1"
"347",347,"Toad","Breeding/Eggs","Velocity","Seasonal","slice1","L02-040","High","L02-040_slice1"
"348",348,"Toad","Breeding/Eggs","Velocity","Seasonal","slice1","L02-041","Low","L02-041_slice1"
"349",349,"Toad","Breeding/Eggs","Velocity","Seasonal","slice1","L02-050","Low","L02-050_slice1"
"350",350,"Toad","Breeding/Eggs","Velocity","Seasonal","slice1","L02-051","Low","L02-051_slice1"
"351",351,"Toad","Breeding/Eggs","Velocity","Seasonal","slice2","J01-010","Low","J01-010_slice2"
"352",352,"Toad","Breeding/Eggs","Velocity","Seasonal","slice2","J01-020","High","J01-020_slice2"
"353",353,"Toad","Breeding/Eggs","Velocity","Seasonal","slice2","J01-030","High","J01-030_slice2"
"354",354,"Toad","Breeding/Eggs","Velocity","Seasonal","slice2","J01-031","Low","J01-031_slice2"
"355",355,"Toad","Breeding/Eggs","Velocity","Seasonal","slice2","J01-040","Low","J01-040_slice2"
"356",356,"Toad","Breeding/Eggs","Velocity","Seasonal","slice2","J01-041","Low","J01-041_slice2"
"357",357,"Toad","Breeding/Eggs","Velocity","Seasonal","slice2","J01-060","Low","J01-060_slice2"
"358",358,"Toad","Breeding/Eggs","Velocity","Seasonal","slice2","J01-061","Low","J01-061_slice2"
"359",359,"Toad","Breeding/Eggs","Velocity","Seasonal","slice2","J01-080","Low","J01-080_slice2"
"360",360,"Toad","Breeding/Eggs","Velocity","Seasonal","slice2","J01-090","Low","J01-090_slice2"
"361",361,"Toad","Breeding/Eggs","Velocity","Seasonal","slice2","J01-091","Low","J01-091_slice2"
"362",362,"Toad","Breeding/Eggs","Velocity","Seasonal","slice2","J01-100","Low","J01-100_slice2"
"363",363,"Toad","Breeding/Eggs","Velocity","Seasonal","slice2","J03-010","Low","J03-010_slice2"
"364",364,"Toad","Breeding/Eggs","Velocity","Seasonal","slice2","J04-010","High","J04-010_slice2"
"365",365,"Toad","Breeding/Eggs","Velocity","Seasonal","slice2","J05-010","High","J05-010_slice2"
"366",366,"Toad","Breeding/Eggs","Velocity","Seasonal","slice2","J07-010","High","J07-010_slice2"
"367",367,"Toad","Breeding/Eggs","Velocity","Seasonal","slice2","L01-060","Low","L01-060_slice2"
"368",368,"Toad","Breeding/Eggs","Velocity","Seasonal","slice2","L01-080","High","L01-080_slice2"
"369",369,"Toad","Breeding/Eggs","Velocity","Seasonal","slice2","L01-100","Low","L01-100_slice2"
"370",370,"Toad","Breeding/Eggs","Velocity","Seasonal","slice2","L02-010","Low","L02-010_slice2"
"371",371,"Toad","Breeding/Eggs","Velocity","Seasonal","slice2","L02-020","High","L02-020_slice2"
"372",372,"Toad","Breeding/Eggs","Velocity","Seasonal","slice2","L02-021","High","L02-021_slice2"
"373",373,"Toad","Breeding/Eggs","Velocity","Seasonal","slice2","L02-022","High","L02-022_slice2"
"374",374,"Toad","Breeding/Eggs","Velocity","Seasonal","slice2","L02-023","High","L02-023_slice2"
"375",375,"Toad","Breeding/Eggs","Velocity","Seasonal","slice2","L02-030","Low","L02-030_slice2"
"376",376,"Toad","Breeding/Eggs","Velocity","Seasonal","slice2","L02-031","Partial","L02-031_slice2"
"377",377,"Toad","Breeding/Eggs","Velocity","Seasonal","slice2","L02-040","High","L02-040_slice2"
"378",378,"Toad","Breeding/Eggs","Velocity","Seasonal","slice2","L02-041","Low","L02-041_slice2"
"379",379,"Toad","Breeding/Eggs","Velocity","Seasonal","slice2","L02-050","Low","L02-050_slice2"
"380",380,"Toad","Breeding/Eggs","Velocity","Seasonal","slice2","L02-051","Low","L02-051_slice2"
"381",381,"Toad","Breeding/Eggs","Velocity","Seasonal","slice3","J01-010","Partial","J01-010_slice3"
"382",382,"Toad","Breeding/Eggs","Velocity","Seasonal","slice3","J01-020","Low","J01-020_slice3"
"383",383,"Toad","Breeding/Eggs","Velocity","Seasonal","slice3","J01-030","Low","J01-030_slice3"
"384",384,"Toad","Breeding/Eggs","Velocity","Seasonal","slice3","J01-031","High","J01-031_slice3"
"385",385,"Toad","Breeding/Eggs","Velocity","Seasonal","slice3","J01-040","Partial","J01-040_slice3"
"386",386,"Toad","Breeding/Eggs","Velocity","Seasonal","slice3","J01-041","High","J01-041_slice3"
"387",387,"Toad","Breeding/Eggs","Velocity","Seasonal","slice3","J01-060","High","J01-060_slice3"
"388",388,"Toad","Breeding/Eggs","Velocity","Seasonal","slice3","J01-061","High","J01-061_slice3"
"389",389,"Toad","Breeding/Eggs","Velocity","Seasonal","slice3","J01-080","High","J01-080_slice3"
"390",390,"Toad","Breeding/Eggs","Velocity","Seasonal","slice3","J01-091","High","J01-091_slice3"
"391",391,"Toad","Breeding/Eggs","Velocity","Seasonal","slice3","J01-100","High","J01-100_slice3"
"392",392,"Toad","Breeding/Eggs","Velocity","Seasonal","slice3","J03-010","High","J03-010_slice3"
"393",393,"Toad","Breeding/Eggs","Velocity","Seasonal","slice3","J04-010","Low","J04-010_slice3"
"394",394,"Toad","Breeding/Eggs","Velocity","Seasonal","slice3","J05-010","High","J05-010_slice3"
"395",395,"Toad","Breeding/Eggs","Velocity","Seasonal","slice3","J07-010","High","J07-010_slice3"
"396",396,"Toad","Breeding/Eggs","Velocity","Seasonal","slice3","L01-060","Low","L01-060_slice3"
"397",397,"Toad","Breeding/Eggs","Velocity","Seasonal","slice3","L01-080","Low","L01-080_slice3"
"398",398,"Toad","Breeding/Eggs","Velocity","Seasonal","slice3","L01-100","Low","L01-100_slice3"
"399",399,"Toad","Breeding/Eggs","Velocity","Seasonal","slice3","L02-010","Low","L02-010_slice3"
"400",400,"Toad","Breeding/Eggs","Velocity","Seasonal","slice3","L02-020","High","L02-020_slice3"
"401",401,"Toad","Breeding/Eggs","Velocity","Seasonal","slice3","L02-021","Low","L02-021_slice3"
"402",402,"Toad","Breeding/Eggs","Velocity","Seasonal","slice3","L02-022","High","L02-022_slice3"
"403",403,"Toad","Breeding/Eggs","Velocity","Seasonal","slice3","L02-023","High","L02-023_slice3"
"404",404,"Toad","Breeding/Eggs","Velocity","Seasonal","slice3","L02-030","High","L02-030_slice3"
"405",405,"Toad","Breeding/Eggs","Velocity","Seasonal","slice3","L02-031","High","L02-031_slice3"
"406",406,"Toad","Breeding/Eggs","Velocity","Seasonal","slice3","L02-040","High","L02-040_slice3"
"407",407,"Toad","Breeding/Eggs","Velocity","Seasonal","slice3","L02-041","Low","L02-041_slice3"
"408",408,"Toad","Breeding/Eggs","Velocity","Seasonal","slice3","L02-050","Low","L02-050_slice3"
"409",409,"Toad","Breeding/Eggs","Velocity","Seasonal","slice3","L02-051","Low","L02-051_slice3"
"410",410,"Toad","Breeding/Eggs","Velocity","Seasonal","slice4","J01-020","High","J01-020_slice4"
"411",411,"Toad","Breeding/Eggs","Velocity","Seasonal","slice4","J01-030","High","J01-030_slice4"
"412",412,"Toad","Breeding/Eggs","Velocity","Seasonal","slice4","J01-040","Low","J01-040_slice4"
"413",413,"Toad","Breeding/Eggs","Velocity","Seasonal","slice4","J04-010","High","J04-010_slice4"
"414",414,"Toad","Breeding/Eggs","Velocity","Seasonal","slice4","J05-010","High","J05-010_slice4"
"415",415,"Toad","Breeding/Eggs","Velocity","Seasonal","slice4","L01-100","Low","L01-100_slice4"
"416",416,"Toad","Breeding/Eggs","Velocity","Seasonal","slice4","L02-021","High","L02-021_slice4"
"417",417,"Toad","Breeding/Eggs","Velocity","Seasonal","slice4","L02-022","High","L02-022_slice4"
"418",418,"Toad","Breeding/Eggs","Velocity","Seasonal","slice4","L02-023","Low","L02-023_slice4"
"419",419,"Toad","Breeding/Eggs","Velocity","Seasonal","slice4","L02-031","Partial","L02-031_slice4"
"420",420,"Toad","Breeding/Eggs","Velocity","Seasonal","slice4","L02-040","Low","L02-040_slice4"
"421",421,"Toad","Breeding/Eggs","Velocity","Seasonal","slice5","J01-030","High","J01-030_slice5"
"422",422,"Toad","Breeding/Eggs","Velocity","Seasonal","slice5","J01-040","High","J01-040_slice5"
"423",423,"Toad","Breeding/Eggs","Velocity","Seasonal","slice5","L02-022","High","L02-022_slice5"
"424",424,"Toad","Breeding/Eggs","Velocity","Seasonal","slice6","L02-022","Low","L02-022_slice6"
"425",425,"Toad","Tadpole","Depth","Seasonal","slice1","J01-010","High","J01-010_slice1"
"426",426,"Toad","Tadpole","Depth","Seasonal","slice1","J01-020","High","J01-020_slice1"
"427",427,"Toad","Tadpole","Depth","Seasonal","slice1","J01-030","High","J01-030_slice1"
"428",428,"Toad","Tadpole","Depth","Seasonal","slice1","J01-031","High","J01-031_slice1"
"429",429,"Toad","Tadpole","Depth","Seasonal","slice1","J01-040","High","J01-040_slice1"
"430",430,"Toad","Tadpole","Depth","Seasonal","slice1","J01-041","High","J01-041_slice1"
"431",431,"Toad","Tadpole","Depth","Seasonal","slice1","J01-060","High","J01-060_slice1"
"432",432,"Toad","Tadpole","Depth","Seasonal","slice1","J01-061","High","J01-061_slice1"
"433",433,"Toad","Tadpole","Depth","Seasonal","slice1","J01-062","High","J01-062_slice1"
"434",434,"Toad","Tadpole","Depth","Seasonal","slice1","J01-070","High","J01-070_slice1"
"435",435,"Toad","Tadpole","Depth","Seasonal","slice1","J01-080","High","J01-080_slice1"
"436",436,"Toad","Tadpole","Depth","Seasonal","slice1","J01-090","High","J01-090_slice1"
"437",437,"Toad","Tadpole","Depth","Seasonal","slice1","J01-091","High","J01-091_slice1"
"438",438,"Toad","Tadpole","Depth","Seasonal","slice1","J01-100","High","J01-100_slice1"
"439",439,"Toad","Tadpole","Depth","Seasonal","slice1","J03-010","High","J03-010_slice1"
"440",440,"Toad","Tadpole","Depth","Seasonal","slice1","J04-010","High","J04-010_slice1"
"441",441,"Toad","Tadpole","Depth","Seasonal","slice1","J05-010","High","J05-010_slice1"
"442",442,"Toad","Tadpole","Depth","Seasonal","slice1","J07-010","High","J07-010_slice1"
"443",443,"Toad","Tadpole","Depth","Seasonal","slice1","L01-060","Low","L01-060_slice1"
"444",444,"Toad","Tadpole","Depth","Seasonal","slice1","L01-080","High","L01-080_slice1"
"445",445,"Toad","Tadpole","Depth","Seasonal","slice1","L01-100","Low","L01-100_slice1"
"446",446,"Toad","Tadpole","Depth","Seasonal","slice1","L02-010","High","L02-010_slice1"
"447",447,"Toad","Tadpole","Depth","Seasonal","slice1","L02-020","High","L02-020_slice1"
"448",448,"Toad","Tadpole","Depth","Seasonal","slice1","L02-021","High","L02-021_slice1"
"449",449,"Toad","Tadpole","Depth","Seasonal","slice1","L02-022","High","L02-022_slice1"
"450",450,"Toad","Tadpole","Depth","Seasonal","slice1","L02-023","High","L02-023_slice1"
"451",451,"Toad","Tadpole","Depth","Seasonal","slice1","L02-030","High","L02-030_slice1"
"452",452,"Toad","Tadpole","Depth","Seasonal","slice1","L02-031","High","L02-031_slice1"
"453",453,"Toad","Tadpole","Depth","Seasonal","slice1","L02-040","High","L02-040_slice1"
"454",454,"Toad","Tadpole","Depth","Seasonal","slice1","L02-041","Low","L02-041_slice1"
"455",455,"Toad","Tadpole","Depth","Seasonal","slice1","L02-050","Low","L02-050_slice1"
"456",456,"Toad","Tadpole","Depth","Seasonal","slice1","L02-051","Low","L02-051_slice1"
"457",457,"Toad","Tadpole","Depth","Seasonal","slice2","J01-010","High","J01-010_slice2"
"458",458,"Toad","Tadpole","Depth","Seasonal","slice2","J01-020","High","J01-020_slice2"
"459",459,"Toad","Tadpole","Depth","Seasonal","slice2","J01-030","High","J01-030_slice2"
"460",460,"Toad","Tadpole","Depth","Seasonal","slice2","J01-031","High","J01-031_slice2"
"461",461,"Toad","Tadpole","Depth","Seasonal","slice2","J01-040","High","J01-040_slice2"
"462",462,"Toad","Tadpole","Depth","Seasonal","slice2","J01-041","High","J01-041_slice2"
"463",463,"Toad","Tadpole","Depth","Seasonal","slice2","J01-060","High","J01-060_slice2"
"464",464,"Toad","Tadpole","Depth","Seasonal","slice2","J01-061","High","J01-061_slice2"
"465",465,"Toad","Tadpole","Depth","Seasonal","slice2","J01-080","High","J01-080_slice2"
"466",466,"Toad","Tadpole","Depth","Seasonal","slice2","J01-090","High","J01-090_slice2"
"467",467,"Toad","Tadpole","Depth","Seasonal","slice2","J01-091","High","J01-091_slice2"
"468",468,"Toad","Tadpole","Depth","Seasonal","slice2","J01-100","High","J01-100_slice2"
"469",469,"Toad","Tadpole","Depth","Seasonal","slice2","J03-010","High","J03-010_slice2"
"470",470,"Toad","Tadpole","Depth","Seasonal","slice2","J04-010","High","J04-010_slice2"
"471",471,"Toad","Tadpole","Depth","Seasonal","slice2","J05-010","High","J05-010_slice2"
"472",472,"Toad","Tadpole","Depth","Seasonal","slice2","J07-010","High","J07-010_slice2"
"473",473,"Toad","Tadpole","Depth","Seasonal","slice2","L01-060","Low","L01-060_slice2"
"474",474,"Toad","Tadpole","Depth","Seasonal","slice2","L01-080","High","L01-080_slice2"
"475",475,"Toad","Tadpole","Depth","Seasonal","slice2","L01-100","Low","L01-100_slice2"
"476",476,"Toad","Tadpole","Depth","Seasonal","slice2","L02-010","High","L02-010_slice2"
"477",477,"Toad","Tadpole","Depth","Seasonal","slice2","L02-020","High","L02-020_slice2"
"478",478,"Toad","Tadpole","Depth","Seasonal","slice2","L02-021","High","L02-021_slice2"
"479",479,"Toad","Tadpole","Depth","Seasonal","slice2","L02-022","High","L02-022_slice2"
"480",480,"Toad","Tadpole","Depth","Seasonal","slice2","L02-023","High","L02-023_slice2"
"481",481,"Toad","Tadpole","Depth","Seasonal","slice2","L02-030","High","L02-030_slice2"
"482",482,"Toad","Tadpole","Depth","Seasonal","slice2","L02-031","High","L02-031_slice2"
"483",483,"Toad","Tadpole","Depth","Seasonal","slice2","L02-040","High","L02-040_slice2"
"484",484,"Toad","Tadpole","Depth","Seasonal","slice2","L02-041","Low","L02-041_slice2"
"485",485,"Toad","Tadpole","Depth","Seasonal","slice2","L02-050","Low","L02-050_slice2"
"486",486,"Toad","Tadpole","Depth","Seasonal","slice2","L02-051","Low","L02-051_slice2"
"487",487,"Toad","Tadpole","Depth","Seasonal","slice3","J01-010","High","J01-010_slice3"
"488",488,"Toad","Tadpole","Depth","Seasonal","slice3","J01-020","High","J01-020_slice3"
"489",489,"Toad","Tadpole","Depth","Seasonal","slice3","J01-030","High","J01-030_slice3"
"490",490,"Toad","Tadpole","Depth","Seasonal","slice3","J01-031","High","J01-031_slice3"
"491",491,"Toad","Tadpole","Depth","Seasonal","slice3","J01-040","High","J01-040_slice3"
"492",492,"Toad","Tadpole","Depth","Seasonal","slice3","J01-041","High","J01-041_slice3"
"493",493,"Toad","Tadpole","Depth","Seasonal","slice3","J01-060","High","J01-060_slice3"
"494",494,"Toad","Tadpole","Depth","Seasonal","slice3","J01-061","High","J01-061_slice3"
"495",495,"Toad","Tadpole","Depth","Seasonal","slice3","J01-080","High","J01-080_slice3"
"496",496,"Toad","Tadpole","Depth","Seasonal","slice3","J01-091","High","J01-091_slice3"
"497",497,"Toad","Tadpole","Depth","Seasonal","slice3","J01-100","High","J01-100_slice3"
"498",498,"Toad","Tadpole","Depth","Seasonal","slice3","J03-010","High","J03-010_slice3"
"499",499,"Toad","Tadpole","Depth","Seasonal","slice3","J04-010","High","J04-010_slice3"
"500",500,"Toad","Tadpole","Depth","Seasonal","slice3","J05-010","High","J05-010_slice3"
"501",501,"Toad","Tadpole","Depth","Seasonal","slice3","J07-010","High","J07-010_slice3"
"502",502,"Toad","Tadpole","Depth","Seasonal","slice3","L01-060","Low","L01-060_slice3"
"503",503,"Toad","Tadpole","Depth","Seasonal","slice3","L01-080","High","L01-080_slice3"
"504",504,"Toad","Tadpole","Depth","Seasonal","slice3","L01-100","Low","L01-100_slice3"
"505",505,"Toad","Tadpole","Depth","Seasonal","slice3","L02-010","High","L02-010_slice3"
"506",506,"Toad","Tadpole","Depth","Seasonal","slice3","L02-020","High","L02-020_slice3"
"507",507,"Toad","Tadpole","Depth","Seasonal","slice3","L02-021","High","L02-021_slice3"
"508",508,"Toad","Tadpole","Depth","Seasonal","slice3","L02-022","High","L02-022_slice3"
"509",509,"Toad","Tadpole","Depth","Seasonal","slice3","L02-023","High","L02-023_slice3"
"510",510,"Toad","Tadpole","Depth","Seasonal","slice3","L02-030","High","L02-030_slice3"
"511",511,"Toad","Tadpole","Depth","Seasonal","slice3","L02-031","High","L02-031_slice3"
"512",512,"Toad","Tadpole","Depth","Seasonal","slice3","L02-040","High","L02-040_slice3"
"513",513,"Toad","Tadpole","Depth","Seasonal","slice3","L02-041","Low","L02-041_slice3"
"514",514,"Toad","Tadpole","Depth","Seasonal","slice3","L02-050","Low","L02-050_slice3"
"515",515,"Toad","Tadpole","Depth","Seasonal","slice3","L02-051","Low","L02-051_slice3"
"516",516,"Toad","Tadpole","Depth","Seasonal","slice4","J01-020","High","J01-020_slice4"
"517",517,"Toad","Tadpole","Depth","Seasonal","slice4","J01-030","High","J01-030_slice4"
"518",518,"Toad","Tadpole","Depth","Seasonal","slice4","J01-040","High","J01-040_slice4"
"519",519,"Toad","Tadpole","Depth","Seasonal","slice4","J04-010","High","J04-010_slice4"
"520",520,"Toad","Tadpole","Depth","Seasonal","slice4","J05-010","High","J05-010_slice4"
"521",521,"Toad","Tadpole","Depth","Seasonal","slice4","L01-100","Low","L01-100_slice4"
"522",522,"Toad","Tadpole","Depth","Seasonal","slice4","L02-021","High","L02-021_slice4"
"523",523,"Toad","Tadpole","Depth","Seasonal","slice4","L02-022","High","L02-022_slice4"
"524",524,"Toad","Tadpole","Depth","Seasonal","slice4","L02-023","High","L02-023_slice4"
"525",525,"Toad","Tadpole","Depth","Seasonal","slice4","L02-031","High","L02-031_slice4"
"526",526,"Toad","Tadpole","Depth","Seasonal","slice4","L02-040","High","L02-040_slice4"
"527",527,"Toad","Tadpole","Depth","Seasonal","slice5","J01-030","High","J01-030_slice5"
"528",528,"Toad","Tadpole","Depth","Seasonal","slice5","J01-040","High","J01-040_slice5"
"529",529,"Toad","Tadpole","Depth","Seasonal","slice5","L02-022","High","L02-022_slice5"
"530",530,"Toad","Tadpole","Depth","Seasonal","slice6","L02-022","High","L02-022_slice6"
"531",531,"Toad","Tadpole","Velocity","Seasonal","slice1","J01-010","High","J01-010_slice1"
"532",532,"Toad","Tadpole","Velocity","Seasonal","slice1","J01-020","High","J01-020_slice1"
"533",533,"Toad","Tadpole","Velocity","Seasonal","slice1","J01-030","High","J01-030_slice1"
"534",534,"Toad","Tadpole","Velocity","Seasonal","slice1","J01-031","High","J01-031_slice1"
"535",535,"Toad","Tadpole","Velocity","Seasonal","slice1","J01-040","High","J01-040_slice1"
"536",536,"Toad","Tadpole","Velocity","Seasonal","slice1","J01-041","High","J01-041_slice1"
"537",537,"Toad","Tadpole","Velocity","Seasonal","slice1","J01-060","High","J01-060_slice1"
"538",538,"Toad","Tadpole","Velocity","Seasonal","slice1","J01-061","High","J01-061_slice1"
"539",539,"Toad","Tadpole","Velocity","Seasonal","slice1","J01-062","High","J01-062_slice1"
"540",540,"Toad","Tadpole","Velocity","Seasonal","slice1","J01-070","High","J01-070_slice1"
"541",541,"Toad","Tadpole","Velocity","Seasonal","slice1","J01-080","High","J01-080_slice1"
"542",542,"Toad","Tadpole","Velocity","Seasonal","slice1","J01-090","High","J01-090_slice1"
"543",543,"Toad","Tadpole","Velocity","Seasonal","slice1","J01-091","High","J01-091_slice1"
"544",544,"Toad","Tadpole","Velocity","Seasonal","slice1","J01-100","High","J01-100_slice1"
"545",545,"Toad","Tadpole","Velocity","Seasonal","slice1","J03-010","High","J03-010_slice1"
"546",546,"Toad","Tadpole","Velocity","Seasonal","slice1","J04-010","High","J04-010_slice1"
"547",547,"Toad","Tadpole","Velocity","Seasonal","slice1","J05-010","High","J05-010_slice1"
"548",548,"Toad","Tadpole","Velocity","Seasonal","slice1","J07-010","High","J07-010_slice1"
"549",549,"Toad","Tadpole","Velocity","Seasonal","slice1","L01-060","Low","L01-060_slice1"
"550",550,"Toad","Tadpole","Velocity","Seasonal","slice1","L01-080","High","L01-080_slice1"
"551",551,"Toad","Tadpole","Velocity","Seasonal","slice1","L01-100","Low","L01-100_slice1"
"552",552,"Toad","Tadpole","Velocity","Seasonal","slice1","L02-010","High","L02-010_slice1"
"553",553,"Toad","Tadpole","Velocity","Seasonal","slice1","L02-020","Partial","L02-020_slice1"
"554",554,"Toad","Tadpole","Velocity","Seasonal","slice1","L02-021","High","L02-021_slice1"
"555",555,"Toad","Tadpole","Velocity","Seasonal","slice1","L02-022","High","L02-022_slice1"
"556",556,"Toad","Tadpole","Velocity","Seasonal","slice1","L02-023","High","L02-023_slice1"
"557",557,"Toad","Tadpole","Velocity","Seasonal","slice1","L02-030","High","L02-030_slice1"
"558",558,"Toad","Tadpole","Velocity","Seasonal","slice1","L02-031","High","L02-031_slice1"
"559",559,"Toad","Tadpole","Velocity","Seasonal","slice1","L02-040","High","L02-040_slice1"
"560",560,"Toad","Tadpole","Velocity","Seasonal","slice1","L02-041","Low","L02-041_slice1"
"561",561,"Toad","Tadpole","Velocity","Seasonal","slice1","L02-050","Low","L02-050_slice1"
"562",562,"Toad","Tadpole","Velocity","Seasonal","slice1","L02-051","Low","L02-051_slice1"
"563",563,"Toad","Tadpole","Velocity","Seasonal","slice2","J01-010","High","J01-010_slice2"
"564",564,"Toad","Tadpole","Velocity","Seasonal","slice2","J01-020","High","J01-020_slice2"
"565",565,"Toad","Tadpole","Velocity","Seasonal","slice2","J01-030","High","J01-030_slice2"
"566",566,"Toad","Tadpole","Velocity","Seasonal","slice2","J01-031","High","J01-031_slice2"
"567",567,"Toad","Tadpole","Velocity","Seasonal","slice2","J01-040","High","J01-040_slice2"
"568",568,"Toad","Tadpole","Velocity","Seasonal","slice2","J01-041","High","J01-041_slice2"
"569",569,"Toad","Tadpole","Velocity","Seasonal","slice2","J01-060","Low","J01-060_slice2"
"570",570,"Toad","Tadpole","Velocity","Seasonal","slice2","J01-061","High","J01-061_slice2"
"571",571,"Toad","Tadpole","Velocity","Seasonal","slice2","J01-080","Low","J01-080_slice2"
"572",572,"Toad","Tadpole","Velocity","Seasonal","slice2","J01-090","High","J01-090_slice2"
"573",573,"Toad","Tadpole","Velocity","Seasonal","slice2","J01-091","High","J01-091_slice2"
"574",574,"Toad","Tadpole","Velocity","Seasonal","slice2","J01-100","High","J01-100_slice2"
"575",575,"Toad","Tadpole","Velocity","Seasonal","slice2","J03-010","High","J03-010_slice2"
"576",576,"Toad","Tadpole","Velocity","Seasonal","slice2","J04-010","High","J04-010_slice2"
"577",577,"Toad","Tadpole","Velocity","Seasonal","slice2","J05-010","High","J05-010_slice2"
"578",578,"Toad","Tadpole","Velocity","Seasonal","slice2","J07-010","High","J07-010_slice2"
"579",579,"Toad","Tadpole","Velocity","Seasonal","slice2","L01-060","Low","L01-060_slice2"
"580",580,"Toad","Tadpole","Velocity","Seasonal","slice2","L01-080","High","L01-080_slice2"
"581",581,"Toad","Tadpole","Velocity","Seasonal","slice2","L01-100","Low","L01-100_slice2"
"582",582,"Toad","Tadpole","Velocity","Seasonal","slice2","L02-010","Low","L02-010_slice2"
"583",583,"Toad","Tadpole","Velocity","Seasonal","slice2","L02-020","High","L02-020_slice2"
"584",584,"Toad","Tadpole","Velocity","Seasonal","slice2","L02-021","High","L02-021_slice2"
"585",585,"Toad","Tadpole","Velocity","Seasonal","slice2","L02-022","High","L02-022_slice2"
"586",586,"Toad","Tadpole","Velocity","Seasonal","slice2","L02-023","High","L02-023_slice2"
"587",587,"Toad","Tadpole","Velocity","Seasonal","slice2","L02-030","Partial","L02-030_slice2"
"588",588,"Toad","Tadpole","Velocity","Seasonal","slice2","L02-031","High","L02-031_slice2"
"589",589,"Toad","Tadpole","Velocity","Seasonal","slice2","L02-040","High","L02-040_slice2"
"590",590,"Toad","Tadpole","Velocity","Seasonal","slice2","L02-041","Low","L02-041_slice2"
"591",591,"Toad","Tadpole","Velocity","Seasonal","slice2","L02-050","Low","L02-050_slice2"
"592",592,"Toad","Tadpole","Velocity","Seasonal","slice2","L02-051","Low","L02-051_slice2"
"593",593,"Toad","Tadpole","Velocity","Seasonal","slice3","J01-010","High","J01-010_slice3"
"594",594,"Toad","Tadpole","Velocity","Seasonal","slice3","J01-020","Low","J01-020_slice3"
"595",595,"Toad","Tadpole","Velocity","Seasonal","slice3","J01-030","High","J01-030_slice3"
"596",596,"Toad","Tadpole","Velocity","Seasonal","slice3","J01-031","High","J01-031_slice3"
"597",597,"Toad","Tadpole","Velocity","Seasonal","slice3","J01-040","High","J01-040_slice3"
"598",598,"Toad","Tadpole","Velocity","Seasonal","slice3","J01-041","High","J01-041_slice3"
"599",599,"Toad","Tadpole","Velocity","Seasonal","slice3","J01-060","High","J01-060_slice3"
"600",600,"Toad","Tadpole","Velocity","Seasonal","slice3","J01-061","High","J01-061_slice3"
"601",601,"Toad","Tadpole","Velocity","Seasonal","slice3","J01-080","High","J01-080_slice3"
"602",602,"Toad","Tadpole","Velocity","Seasonal","slice3","J01-091","High","J01-091_slice3"
"603",603,"Toad","Tadpole","Velocity","Seasonal","slice3","J01-100","High","J01-100_slice3"
"604",604,"Toad","Tadpole","Velocity","Seasonal","slice3","J03-010","High","J03-010_slice3"
"605",605,"Toad","Tadpole","Velocity","Seasonal","slice3","J04-010","High","J04-010_slice3"
"606",606,"Toad","Tadpole","Velocity","Seasonal","slice3","J05-010","High","J05-010_slice3"
"607",607,"Toad","Tadpole","Velocity","Seasonal","slice3","J07-010","High","J07-010_slice3"
"608",608,"Toad","Tadpole","Velocity","Seasonal","slice3","L01-060","Low","L01-060_slice3"
"609",609,"Toad","Tadpole","Velocity","Seasonal","slice3","L01-080","High","L01-080_slice3"
"610",610,"Toad","Tadpole","Velocity","Seasonal","slice3","L01-100","Low","L01-100_slice3"
"611",611,"Toad","Tadpole","Velocity","Seasonal","slice3","L02-010","High","L02-010_slice3"
"612",612,"Toad","Tadpole","Velocity","Seasonal","slice3","L02-020","High","L02-020_slice3"
"613",613,"Toad","Tadpole","Velocity","Seasonal","slice3","L02-021","High","L02-021_slice3"
"614",614,"Toad","Tadpole","Velocity","Seasonal","slice3","L02-022","High","L02-022_slice3"
"615",615,"Toad","Tadpole","Velocity","Seasonal","slice3","L02-023","High","L02-023_slice3"
"616",616,"Toad","Tadpole","Velocity","Seasonal","slice3","L02-030","High","L02-030_slice3"
"617",617,"Toad","Tadpole","Velocity","Seasonal","slice3","L02-031","High","L02-031_slice3"
"618",618,"Toad","Tadpole","Velocity","Seasonal","slice3","L02-040","High","L02-040_slice3"
"619",619,"Toad","Tadpole","Velocity","Seasonal","slice3","L02-041","Low","L02-041_slice3"
"620",620,"Toad","Tadpole","Velocity","Seasonal","slice3","L02-050","Low","L02-050_slice3"
"621",621,"Toad","Tadpole","Velocity","Seasonal","slice3","L02-051","Low","L02-051_slice3"
"622",622,"Toad","Tadpole","Velocity","Seasonal","slice4","J01-020","High","J01-020_slice4"
"623",623,"Toad","Tadpole","Velocity","Seasonal","slice4","J01-030","High","J01-030_slice4"
"624",624,"Toad","Tadpole","Velocity","Seasonal","slice4","J01-040","High","J01-040_slice4"
"625",625,"Toad","Tadpole","Velocity","Seasonal","slice4","J04-010","High","J04-010_slice4"
"626",626,"Toad","Tadpole","Velocity","Seasonal","slice4","J05-010","High","J05-010_slice4"
"627",627,"Toad","Tadpole","Velocity","Seasonal","slice4","L01-100","Low","L01-100_slice4"
"628",628,"Toad","Tadpole","Velocity","Seasonal","slice4","L02-021","High","L02-021_slice4"
"629",629,"Toad","Tadpole","Velocity","Seasonal","slice4","L02-022","High","L02-022_slice4"
"630",630,"Toad","Tadpole","Velocity","Seasonal","slice4","L02-023","High","L02-023_slice4"
"631",631,"Toad","Tadpole","Velocity","Seasonal","slice4","L02-031","High","L02-031_slice4"
"632",632,"Toad","Tadpole","Velocity","Seasonal","slice4","L02-040","Partial","L02-040_slice4"
"633",633,"Toad","Tadpole","Velocity","Seasonal","slice5","J01-030","High","J01-030_slice5"
"634",634,"Toad","Tadpole","Velocity","Seasonal","slice5","J01-040","High","J01-040_slice5"
"635",635,"Toad","Tadpole","Velocity","Seasonal","slice5","L02-022","High","L02-022_slice5"
"636",636,"Toad","Tadpole","Velocity","Seasonal","slice6","L02-022","High","L02-022_slice6"
"637",637,"Willow","Adult","StreamPower","Annual","slice1","J01-010","High","J01-010_slice1"
"638",638,"Willow","Adult","StreamPower","Annual","slice1","J01-020","High","J01-020_slice1"
"639",639,"Willow","Adult","StreamPower","Annual","slice1","J01-030","High","J01-030_slice1"
"640",640,"Willow","Adult","StreamPower","Annual","slice1","J01-031","High","J01-031_slice1"
"641",641,"Willow","Adult","StreamPower","Annual","slice1","J01-040","High","J01-040_slice1"
"642",642,"Willow","Adult","StreamPower","Annual","slice1","J01-041","High","J01-041_slice1"
"643",643,"Willow","Adult","StreamPower","Annual","slice1","J01-060","High","J01-060_slice1"
"644",644,"Willow","Adult","StreamPower","Annual","slice1","J01-061","High","J01-061_slice1"
"645",645,"Willow","Adult","StreamPower","Annual","slice1","J01-062","High","J01-062_slice1"
"646",646,"Willow","Adult","StreamPower","Annual","slice1","J01-070","High","J01-070_slice1"
"647",647,"Willow","Adult","StreamPower","Annual","slice1","J01-080","High","J01-080_slice1"
"648",648,"Willow","Adult","StreamPower","Annual","slice1","J01-090","High","J01-090_slice1"
"649",649,"Willow","Adult","StreamPower","Annual","slice1","J01-091","High","J01-091_slice1"
"650",650,"Willow","Adult","StreamPower","Annual","slice1","J01-100","High","J01-100_slice1"
"651",651,"Willow","Adult","StreamPower","Annual","slice1","J03-010","High","J03-010_slice1"
"652",652,"Willow","Adult","StreamPower","Annual","slice1","J04-010","High","J04-010_slice1"
"653",653,"Willow","Adult","StreamPower","Annual","slice1","J05-010","High","J05-010_slice1"
"654",654,"Willow","Adult","StreamPower","Annual","slice1","J07-010","High","J07-010_slice1"
"655",655,"Willow","Adult","StreamPower","Annual","slice1","L01-060","High","L01-060_slice1"
"656",656,"Willow","Adult","StreamPower","Annual","slice1","L01-080","High","L01-080_slice1"
"657",657,"Willow","Adult","StreamPower","Annual","slice1","L01-100","High","L01-100_slice1"
"658",658,"Willow","Adult","StreamPower","Annual","slice1","L02-010","High","L02-010_slice1"
"659",659,"Willow","Adult","StreamPower","Annual","slice1","L02-020","High","L02-020_slice1"
"660",660,"Willow","Adult","StreamPower","Annual","slice1","L02-021","High","L02-021_slice1"
"661",661,"Willow","Adult","StreamPower","Annual","slice1","L02-022","High","L02-022_slice1"
"662",662,"Willow","Adult","StreamPower","Annual","slice1","L02-023","High","L02-023_slice1"
"663",663,"Willow","Adult","StreamPower","Annual","slice1","L02-030","High","L02-030_slice1"
"664",664,"Willow","Adult","StreamPower","Annual","slice1","L02-031","High","L02-031_slice1"
"665",665,"Willow","Adult","StreamPower","Annual","slice1","L02-040","High","L02-040_slice1"
"666",666,"Willow","Adult","StreamPower","Annual","slice1","L02-041","High","L02-041_slice1"
"667",667,"Willow","Adult","StreamPower","Annual","slice1","L02-050","High","L02-050_slice1"
"668",668,"Willow","Adult","StreamPower","Annual","slice1","L02-051","High","L02-051_slice1"
"669",669,"Willow","Adult","StreamPower","Annual","slice2","J01-010","High","J01-010_slice2"
"670",670,"Willow","Adult","StreamPower","Annual","slice2","J01-020","High","J01-020_slice2"
"671",671,"Willow","Adult","StreamPower","Annual","slice2","J01-030","High","J01-030_slice2"
"672",672,"Willow","Adult","StreamPower","Annual","slice2","J01-031","High","J01-031_slice2"
"673",673,"Willow","Adult","StreamPower","Annual","slice2","J01-040","High","J01-040_slice2"
"674",674,"Willow","Adult","StreamPower","Annual","slice2","J01-041","High","J01-041_slice2"
"675",675,"Willow","Adult","StreamPower","Annual","slice2","J01-060","High","J01-060_slice2"
"676",676,"Willow","Adult","StreamPower","Annual","slice2","J01-061","High","J01-061_slice2"
"677",677,"Willow","Adult","StreamPower","Annual","slice2","J01-080","High","J01-080_slice2"
"678",678,"Willow","Adult","StreamPower","Annual","slice2","J01-090","High","J01-090_slice2"
"679",679,"Willow","Adult","StreamPower","Annual","slice2","J01-091","High","J01-091_slice2"
"680",680,"Willow","Adult","StreamPower","Annual","slice2","J01-100","High","J01-100_slice2"
"681",681,"Willow","Adult","StreamPower","Annual","slice2","J03-010","High","J03-010_slice2"
"682",682,"Willow","Adult","StreamPower","Annual","slice2","J04-010","High","J04-010_slice2"
"683",683,"Willow","Adult","StreamPower","Annual","slice2","J05-010","High","J05-010_slice2"
"684",684,"Willow","Adult","StreamPower","Annual","slice2","J07-010","High","J07-010_slice2"
"685",685,"Willow","Adult","StreamPower","Annual","slice2","L01-060","High","L01-060_slice2"
"686",686,"Willow","Adult","StreamPower","Annual","slice2","L01-080","High","L01-080_slice2"
"687",687,"Willow","Adult","StreamPower","Annual","slice2","L01-100","High","L01-100_slice2"
"688",688,"Willow","Adult","StreamPower","Annual","slice2","L02-010","High","L02-010_slice2"
"689",689,"Willow","Adult","StreamPower","Annual","slice2","L02-020","High","L02-020_slice2"
"690",690,"Willow","Adult","StreamPower","Annual","slice2","L02-021","High","L02-021_slice2"
"691",691,"Willow","Adult","StreamPower","Annual","slice2","L02-022","High","L02-022_slice2"
"692",692,"Willow","Adult","StreamPower","Annual","slice2","L02-023","High","L02-023_slice2"
"693",693,"Willow","Adult","StreamPower","Annual","slice2","L02-030","High","L02-030_slice2"
"694",694,"Willow","Adult","StreamPower","Annual","slice2","L02-031","High","L02-031_slice2"
"695",695,"Willow","Adult","StreamPower","Annual","slice2","L02-040","High","L02-040_slice2"
"696",696,"Willow","Adult","StreamPower","Annual","slice2","L02-041","High","L02-041_slice2"
"697",697,"Willow","Adult","StreamPower","Annual","slice2","L02-050","High","L02-050_slice2"
"698",698,"Willow","Adult","StreamPower","Annual","slice2","L02-051","High","L02-051_slice2"
"699",699,"Willow","Adult","StreamPower","Annual","slice3","J01-010","High","J01-010_slice3"
"700",700,"Willow","Adult","StreamPower","Annual","slice3","J01-020","High","J01-020_slice3"
"701",701,"Willow","Adult","StreamPower","Annual","slice3","J01-030","High","J01-030_slice3"
"702",702,"Willow","Adult","StreamPower","Annual","slice3","J01-031","High","J01-031_slice3"
"703",703,"Willow","Adult","StreamPower","Annual","slice3","J01-040","High","J01-040_slice3"
"704",704,"Willow","Adult","StreamPower","Annual","slice3","J01-041","High","J01-041_slice3"
"705",705,"Willow","Adult","StreamPower","Annual","slice3","J01-060","High","J01-060_slice3"
"706",706,"Willow","Adult","StreamPower","Annual","slice3","J01-061","High","J01-061_slice3"
"707",707,"Willow","Adult","StreamPower","Annual","slice3","J01-080","High","J01-080_slice3"
"708",708,"Willow","Adult","StreamPower","Annual","slice3","J01-091","High","J01-091_slice3"
"709",709,"Willow","Adult","StreamPower","Annual","slice3","J01-100","High","J01-100_slice3"
"710",710,"Willow","Adult","StreamPower","Annual","slice3","J03-010","High","J03-010_slice3"
"711",711,"Willow","Adult","StreamPower","Annual","slice3","J04-010","High","J04-010_slice3"
"712",712,"Willow","Adult","StreamPower","Annual","slice3","J05-010","High","J05-010_slice3"
"713",713,"Willow","Adult","StreamPower","Annual","slice3","J07-010","High","J07-010_slice3"
"714",714,"Willow","Adult","StreamPower","Annual","slice3","L01-060","High","L01-060_slice3"
"715",715,"Willow","Adult","StreamPower","Annual","slice3","L01-080","High","L01-080_slice3"
"716",716,"Willow","Adult","StreamPower","Annual","slice3","L01-100","High","L01-100_slice3"
"717",717,"Willow","Adult","StreamPower","Annual","slice3","L02-010","High","L02-010_slice3"
"718",718,"Willow","Adult","StreamPower","Annual","slice3","L02-020","High","L02-020_slice3"
"719",719,"Willow","Adult","StreamPower","Annual","slice3","L02-021","High","L02-021_slice3"
"720",720,"Willow","Adult","StreamPower","Annual","slice3","L02-022","High","L02-022_slice3"
"721",721,"Willow","Adult","StreamPower","Annual","slice3","L02-023","High","L02-023_slice3"
"722",722,"Willow","Adult","StreamPower","Annual","slice3","L02-030","High","L02-030_slice3"
"723",723,"Willow","Adult","StreamPower","Annual","slice3","L02-031","High","L02-031_slice3"
"724",724,"Willow","Adult","StreamPower","Annual","slice3","L02-040","High","L02-040_slice3"
"725",725,"Willow","Adult","StreamPower","Annual","slice3","L02-041","High","L02-041_slice3"
"726",726,"Willow","Adult","StreamPower","Annual","slice3","L02-050","High","L02-050_slice3"
"727",727,"Willow","Adult","StreamPower","Annual","slice3","L02-051","High","L02-051_slice3"
"728",728,"Willow","Adult","StreamPower","Annual","slice4","J01-020","High","J01-020_slice4"
"729",729,"Willow","Adult","StreamPower","Annual","slice4","J01-030","High","J01-030_slice4"
"730",730,"Willow","Adult","StreamPower","Annual","slice4","J01-040","High","J01-040_slice4"
"731",731,"Willow","Adult","StreamPower","Annual","slice4","J04-010","High","J04-010_slice4"
"732",732,"Willow","Adult","StreamPower","Annual","slice4","J05-010","High","J05-010_slice4"
"733",733,"Willow","Adult","StreamPower","Annual","slice4","L01-100","High","L01-100_slice4"
"734",734,"Willow","Adult","StreamPower","Annual","slice4","L02-021","High","L02-021_slice4"
"735",735,"Willow","Adult","StreamPower","Annual","slice4","L02-022","High","L02-022_slice4"
"736",736,"Willow","Adult","StreamPower","Annual","slice4","L02-023","High","L02-023_slice4"
"737",737,"Willow","Adult","StreamPower","Annual","slice4","L02-031","High","L02-031_slice4"
"738",738,"Willow","Adult","StreamPower","Annual","slice4","L02-040","High","L02-040_slice4"
"739",739,"Willow","Adult","StreamPower","Annual","slice5","J01-030","High","J01-030_slice5"
"740",740,"Willow","Adult","StreamPower","Annual","slice5","J01-040","High","J01-040_slice5"
"741",741,"Willow","Adult","StreamPower","Annual","slice5","L02-022","High","L02-022_slice5"
"742",742,"Willow","Adult","StreamPower","Annual","slice6","L02-022","High","L02-022_slice6"
"743",743,"Willow","Germination","Depth","critical","slice1","J01-010","Low","J01-010_slice1"
"744",744,"Willow","Germination","Depth","critical","slice1","J01-020","Low","J01-020_slice1"
"745",745,"Willow","Germination","Depth","critical","slice1","J01-030","Low","J01-030_slice1"
"746",746,"Willow","Germination","Depth","critical","slice1","J01-031","Low","J01-031_slice1"
"747",747,"Willow","Germination","Depth","critical","slice1","J01-040","Low","J01-040_slice1"
"748",748,"Willow","Germination","Depth","critical","slice1","J01-041","Low","J01-041_slice1"
"749",749,"Willow","Germination","Depth","critical","slice1","J01-060","Low","J01-060_slice1"
"750",750,"Willow","Germination","Depth","critical","slice1","J01-061","Low","J01-061_slice1"
"751",751,"Willow","Germination","Depth","critical","slice1","J01-062","Low","J01-062_slice1"
"752",752,"Willow","Germination","Depth","critical","slice1","J01-070","Low","J01-070_slice1"
"753",753,"Willow","Germination","Depth","critical","slice1","J01-080","Low","J01-080_slice1"
"754",754,"Willow","Germination","Depth","critical","slice1","J01-090","Low","J01-090_slice1"
"755",755,"Willow","Germination","Depth","critical","slice1","J01-091","Low","J01-091_slice1"
"756",756,"Willow","Germination","Depth","critical","slice1","J01-100","Low","J01-100_slice1"
"757",757,"Willow","Germination","Depth","critical","slice1","J03-010","Low","J03-010_slice1"
"758",758,"Willow","Germination","Depth","critical","slice1","J04-010","Low","J04-010_slice1"
"759",759,"Willow","Germination","Depth","critical","slice1","J05-010","Low","J05-010_slice1"
"760",760,"Willow","Germination","Depth","critical","slice1","J07-010","Low","J07-010_slice1"
"761",761,"Willow","Germination","Depth","critical","slice1","L01-060","Low","L01-060_slice1"
"762",762,"Willow","Germination","Depth","critical","slice1","L01-080","Low","L01-080_slice1"
"763",763,"Willow","Germination","Depth","critical","slice1","L01-100","Low","L01-100_slice1"
"764",764,"Willow","Germination","Depth","critical","slice1","L02-010","Low","L02-010_slice1"
"765",765,"Willow","Germination","Depth","critical","slice1","L02-020","Low","L02-020_slice1"
"766",766,"Willow","Germination","Depth","critical","slice1","L02-021","Low","L02-021_slice1"
"767",767,"Willow","Germination","Depth","critical","slice1","L02-022","Low","L02-022_slice1"
"768",768,"Willow","Germination","Depth","critical","slice1","L02-023","Low","L02-023_slice1"
"769",769,"Willow","Germination","Depth","critical","slice1","L02-030","Low","L02-030_slice1"
"770",770,"Willow","Germination","Depth","critical","slice1","L02-031","Low","L02-031_slice1"
"771",771,"Willow","Germination","Depth","critical","slice1","L02-040","Low","L02-040_slice1"
"772",772,"Willow","Germination","Depth","critical","slice1","L02-041","Low","L02-041_slice1"
"773",773,"Willow","Germination","Depth","critical","slice1","L02-050","Low","L02-050_slice1"
"774",774,"Willow","Germination","Depth","critical","slice1","L02-051","Low","L02-051_slice1"
"775",775,"Willow","Germination","Depth","critical","slice2","J01-010","Low","J01-010_slice2"
"776",776,"Willow","Germination","Depth","critical","slice2","J01-020","Low","J01-020_slice2"
"777",777,"Willow","Germination","Depth","critical","slice2","J01-030","Low","J01-030_slice2"
"778",778,"Willow","Germination","Depth","critical","slice2","J01-031","Low","J01-031_slice2"
"779",779,"Willow","Germination","Depth","critical","slice2","J01-040","Low","J01-040_slice2"
"780",780,"Willow","Germination","Depth","critical","slice2","J01-041","Low","J01-041_slice2"
"781",781,"Willow","Germination","Depth","critical","slice2","J01-060","High","J01-060_slice2"
"782",782,"Willow","Germination","Depth","critical","slice2","J01-061","Low","J01-061_slice2"
"783",783,"Willow","Germination","Depth","critical","slice2","J01-080","Low","J01-080_slice2"
"784",784,"Willow","Germination","Depth","critical","slice2","J01-090","Low","J01-090_slice2"
"785",785,"Willow","Germination","Depth","critical","slice2","J01-091","Low","J01-091_slice2"
"786",786,"Willow","Germination","Depth","critical","slice2","J01-100","Low","J01-100_slice2"
"787",787,"Willow","Germination","Depth","critical","slice2","J03-010","High","J03-010_slice2"
"788",788,"Willow","Germination","Depth","critical","slice2","J04-010","Low","J04-010_slice2"
"789",789,"Willow","Germination","Depth","critical","slice2","J05-010","Low","J05-010_slice2"
"790",790,"Willow","Germination","Depth","critical","slice2","J07-010","Low","J07-010_slice2"
"791",791,"Willow","Germination","Depth","critical","slice2","L01-060","Low","L01-060_slice2"
"792",792,"Willow","Germination","Depth","critical","slice2","L01-080","Low","L01-080_slice2"
"793",793,"Willow","Germination","Depth","critical","slice2","L01-100","Low","L01-100_slice2"
"794",794,"Willow","Germination","Depth","critical","slice2","L02-010","Low","L02-010_slice2"
"795",795,"Willow","Germination","Depth","critical","slice2","L02-020","Low","L02-020_slice2"
"796",796,"Willow","Germination","Depth","critical","slice2","L02-021","Low","L02-021_slice2"
"797",797,"Willow","Germination","Depth","critical","slice2","L02-022","Low","L02-022_slice2"
"798",798,"Willow","Germination","Depth","critical","slice2","L02-023","Low","L02-023_slice2"
"799",799,"Willow","Germination","Depth","critical","slice2","L02-030","Low","L02-030_slice2"
"800",800,"Willow","Germination","Depth","critical","slice2","L02-031","Low","L02-031_slice2"
"801",801,"Willow","Germination","Depth","critical","slice2","L02-040","Low","L02-040_slice2"
"802",802,"Willow","Germination","Depth","critical","slice2","L02-041","Low","L02-041_slice2"
"803",803,"Willow","Germination","Depth","critical","slice2","L02-050","Low","L02-050_slice2"
"804",804,"Willow","Germination","Depth","critical","slice2","L02-051","Low","L02-051_slice2"
"805",805,"Willow","Germination","Depth","critical","slice3","J01-010","Low","J01-010_slice3"
"806",806,"Willow","Germination","Depth","critical","slice3","J01-020","Low","J01-020_slice3"
"807",807,"Willow","Germination","Depth","critical","slice3","J01-030","Low","J01-030_slice3"
"808",808,"Willow","Germination","Depth","critical","slice3","J01-031","Low","J01-031_slice3"
"809",809,"Willow","Germination","Depth","critical","slice3","J01-040","Low","J01-040_slice3"
"810",810,"Willow","Germination","Depth","critical","slice3","J01-041","Low","J01-041_slice3"
"811",811,"Willow","Germination","Depth","critical","slice3","J01-060","Low","J01-060_slice3"
"812",812,"Willow","Germination","Depth","critical","slice3","J01-061","Low","J01-061_slice3"
"813",813,"Willow","Germination","Depth","critical","slice3","J01-080","Low","J01-080_slice3"
"814",814,"Willow","Germination","Depth","critical","slice3","J01-091","Low","J01-091_slice3"
"815",815,"Willow","Germination","Depth","critical","slice3","J01-100","Low","J01-100_slice3"
"816",816,"Willow","Germination","Depth","critical","slice3","J03-010","Low","J03-010_slice3"
"817",817,"Willow","Germination","Depth","critical","slice3","J04-010","Low","J04-010_slice3"
"818",818,"Willow","Germination","Depth","critical","slice3","J05-010","Low","J05-010_slice3"
"819",819,"Willow","Germination","Depth","critical","slice3","J07-010","Low","J07-010_slice3"
"820",820,"Willow","Germination","Depth","critical","slice3","L01-060","Low","L01-060_slice3"
"821",821,"Willow","Germination","Depth","critical","slice3","L01-080","Low","L01-080_slice3"
"822",822,"Willow","Germination","Depth","critical","slice3","L01-100","Low","L01-100_slice3"
"823",823,"Willow","Germination","Depth","critical","slice3","L02-010","Low","L02-010_slice3"
"824",824,"Willow","Germination","Depth","critical","slice3","L02-020","Low","L02-020_slice3"
"825",825,"Willow","Germination","Depth","critical","slice3","L02-021","Low","L02-021_slice3"
"826",826,"Willow","Germination","Depth","critical","slice3","L02-022","Low","L02-022_slice3"
"827",827,"Willow","Germination","Depth","critical","slice3","L02-023","Low","L02-023_slice3"
"828",828,"Willow","Germination","Depth","critical","slice3","L02-030","Low","L02-030_slice3"
"829",829,"Willow","Germination","Depth","critical","slice3","L02-031","Low","L02-031_slice3"
"830",830,"Willow","Germination","Depth","critical","slice3","L02-040","Low","L02-040_slice3"
"831",831,"Willow","Germination","Depth","critical","slice3","L02-041","Low","L02-041_slice3"
"832",832,"Willow","Germination","Depth","critical","slice3","L02-050","Low","L02-050_slice3"
"833",833,"Willow","Germination","Depth","critical","slice3","L02-051","Low","L02-051_slice3"
"834",834,"Willow","Germination","Depth","critical","slice4","J01-020","Low","J01-020_slice4"
"835",835,"Willow","Germination","Depth","critical","slice4","J01-030","Low","J01-030_slice4"
"836",836,"Willow","Germination","Depth","critical","slice4","J01-040","Low","J01-040_slice4"
"837",837,"Willow","Germination","Depth","critical","slice4","J04-010","Low","J04-010_slice4"
"838",838,"Willow","Germination","Depth","critical","slice4","J05-010","Low","J05-010_slice4"
"839",839,"Willow","Germination","Depth","critical","slice4","L01-100","Low","L01-100_slice4"
"840",840,"Willow","Germination","Depth","critical","slice4","L02-021","Low","L02-021_slice4"
"841",841,"Willow","Germination","Depth","critical","slice4","L02-022","Low","L02-022_slice4"
"842",842,"Willow","Germination","Depth","critical","slice4","L02-023","Low","L02-023_slice4"
"843",843,"Willow","Germination","Depth","critical","slice4","L02-031","Low","L02-031_slice4"
"844",844,"Willow","Germination","Depth","critical","slice4","L02-040","Low","L02-040_slice4"
"845",845,"Willow","Germination","Depth","critical","slice5","J01-030","Low","J01-030_slice5"
"846",846,"Willow","Germination","Depth","critical","slice5","J01-040","Low","J01-040_slice5"
"847",847,"Willow","Germination","Depth","critical","slice5","L02-022","Low","L02-022_slice5"
"848",848,"Willow","Germination","Depth","critical","slice6","L02-022","Low","L02-022_slice6"
"849",849,"Willow","Seedling","Depth","critical","slice1","J01-010","High","J01-010_slice1"
"850",850,"Willow","Seedling","Depth","critical","slice1","J01-020","High","J01-020_slice1"
"851",851,"Willow","Seedling","Depth","critical","slice1","J01-030","High","J01-030_slice1"
"852",852,"Willow","Seedling","Depth","critical","slice1","J01-031","High","J01-031_slice1"
"853",853,"Willow","Seedling","Depth","critical","slice1","J01-040","High","J01-040_slice1"
"854",854,"Willow","Seedling","Depth","critical","slice1","J01-041","High","J01-041_slice1"
"855",855,"Willow","Seedling","Depth","critical","slice1","J01-060","High","J01-060_slice1"
"856",856,"Willow","Seedling","Depth","critical","slice1","J01-061","High","J01-061_slice1"
"857",857,"Willow","Seedling","Depth","critical","slice1","J01-062","High","J01-062_slice1"
"858",858,"Willow","Seedling","Depth","critical","slice1","J01-070","High","J01-070_slice1"
"859",859,"Willow","Seedling","Depth","critical","slice1","J01-080","High","J01-080_slice1"
"860",860,"Willow","Seedling","Depth","critical","slice1","J01-090","High","J01-090_slice1"
"861",861,"Willow","Seedling","Depth","critical","slice1","J01-091","High","J01-091_slice1"
"862",862,"Willow","Seedling","Depth","critical","slice1","J01-100","High","J01-100_slice1"
"863",863,"Willow","Seedling","Depth","critical","slice1","J03-010","High","J03-010_slice1"
"864",864,"Willow","Seedling","Depth","critical","slice1","J04-010","High","J04-010_slice1"
"865",865,"Willow","Seedling","Depth","critical","slice1","J05-010","High","J05-010_slice1"
"866",866,"Willow","Seedling","Depth","critical","slice1","J07-010","High","J07-010_slice1"
"867",867,"Willow","Seedling","Depth","critical","slice1","L01-060","High","L01-060_slice1"
"868",868,"Willow","Seedling","Depth","critical","slice1","L01-080","High","L01-080_slice1"
"869",869,"Willow","Seedling","Depth","critical","slice1","L01-100","High","L01-100_slice1"
"870",870,"Willow","Seedling","Depth","critical","slice1","L02-010","High","L02-010_slice1"
"871",871,"Willow","Seedling","Depth","critical","slice1","L02-020","High","L02-020_slice1"
"872",872,"Willow","Seedling","Depth","critical","slice1","L02-021","High","L02-021_slice1"
"873",873,"Willow","Seedling","Depth","critical","slice1","L02-022","High","L02-022_slice1"
"874",874,"Willow","Seedling","Depth","critical","slice1","L02-023","High","L02-023_slice1"
"875",875,"Willow","Seedling","Depth","critical","slice1","L02-030","High","L02-030_slice1"
"876",876,"Willow","Seedling","Depth","critical","slice1","L02-031","High","L02-031_slice1"
"877",877,"Willow","Seedling","Depth","critical","slice1","L02-040","High","L02-040_slice1"
"878",878,"Willow","Seedling","Depth","critical","slice1","L02-041","High","L02-041_slice1"
"879",879,"Willow","Seedling","Depth","critical","slice1","L02-050","High","L02-050_slice1"
"880",880,"Willow","Seedling","Depth","critical","slice1","L02-051","High","L02-051_slice1"
"881",881,"Willow","Seedling","Depth","critical","slice2","J01-010","High","J01-010_slice2"
"882",882,"Willow","Seedling","Depth","critical","slice2","J01-020","High","J01-020_slice2"
"883",883,"Willow","Seedling","Depth","critical","slice2","J01-030","High","J01-030_slice2"
"884",884,"Willow","Seedling","Depth","critical","slice2","J01-031","High","J01-031_slice2"
"885",885,"Willow","Seedling","Depth","critical","slice2","J01-040","High","J01-040_slice2"
"886",886,"Willow","Seedling","Depth","critical","slice2","J01-041","High","J01-041_slice2"
"887",887,"Willow","Seedling","Depth","critical","slice2","J01-060","High","J01-060_slice2"
"888",888,"Willow","Seedling","Depth","critical","slice2","J01-061","High","J01-061_slice2"
"889",889,"Willow","Seedling","Depth","critical","slice2","J01-080","High","J01-080_slice2"
"890",890,"Willow","Seedling","Depth","critical","slice2","J01-090","High","J01-090_slice2"
"891",891,"Willow","Seedling","Depth","critical","slice2","J01-091","High","J01-091_slice2"
"892",892,"Willow","Seedling","Depth","critical","slice2","J01-100","High","J01-100_slice2"
"893",893,"Willow","Seedling","Depth","critical","slice2","J03-010","High","J03-010_slice2"
"894",894,"Willow","Seedling","Depth","critical","slice2","J04-010","High","J04-010_slice2"
"895",895,"Willow","Seedling","Depth","critical","slice2","J05-010","High","J05-010_slice2"
"896",896,"Willow","Seedling","Depth","critical","slice2","J07-010","High","J07-010_slice2"
"897",897,"Willow","Seedling","Depth","critical","slice2","L01-060","High","L01-060_slice2"
"898",898,"Willow","Seedling","Depth","critical","slice2","L01-080","High","L01-080_slice2"
"899",899,"Willow","Seedling","Depth","critical","slice2","L01-100","High","L01-100_slice2"
"900",900,"Willow","Seedling","Depth","critical","slice2","L02-010","High","L02-010_slice2"
"901",901,"Willow","Seedling","Depth","critical","slice2","L02-020","High","L02-020_slice2"
"902",902,"Willow","Seedling","Depth","critical","slice2","L02-021","High","L02-021_slice2"
"903",903,"Willow","Seedling","Depth","critical","slice2","L02-022","High","L02-022_slice2"
"904",904,"Willow","Seedling","Depth","critical","slice2","L02-023","High","L02-023_slice2"
"905",905,"Willow","Seedling","Depth","critical","slice2","L02-030","High","L02-030_slice2"
"906",906,"Willow","Seedling","Depth","critical","slice2","L02-031","High","L02-031_slice2"
"907",907,"Willow","Seedling","Depth","critical","slice2","L02-040","High","L02-040_slice2"
"908",908,"Willow","Seedling","Depth","critical","slice2","L02-041","High","L02-041_slice2"
"909",909,"Willow","Seedling","Depth","critical","slice2","L02-050","High","L02-050_slice2"
"910",910,"Willow","Seedling","Depth","critical","slice2","L02-051","High","L02-051_slice2"
"911",911,"Willow","Seedling","Depth","critical","slice3","J01-010","High","J01-010_slice3"
"912",912,"Willow","Seedling","Depth","critical","slice3","J01-020","High","J01-020_slice3"
"913",913,"Willow","Seedling","Depth","critical","slice3","J01-030","High","J01-030_slice3"
"914",914,"Willow","Seedling","Depth","critical","slice3","J01-031","High","J01-031_slice3"
"915",915,"Willow","Seedling","Depth","critical","slice3","J01-040","High","J01-040_slice3"
"916",916,"Willow","Seedling","Depth","critical","slice3","J01-041","High","J01-041_slice3"
"917",917,"Willow","Seedling","Depth","critical","slice3","J01-060","High","J01-060_slice3"
"918",918,"Willow","Seedling","Depth","critical","slice3","J01-061","High","J01-061_slice3"
"919",919,"Willow","Seedling","Depth","critical","slice3","J01-080","High","J01-080_slice3"
"920",920,"Willow","Seedling","Depth","critical","slice3","J01-091","High","J01-091_slice3"
"921",921,"Willow","Seedling","Depth","critical","slice3","J01-100","High","J01-100_slice3"
"922",922,"Willow","Seedling","Depth","critical","slice3","J03-010","High","J03-010_slice3"
"923",923,"Willow","Seedling","Depth","critical","slice3","J04-010","High","J04-010_slice3"
"924",924,"Willow","Seedling","Depth","critical","slice3","J05-010","High","J05-010_slice3"
"925",925,"Willow","Seedling","Depth","critical","slice3","J07-010","High","J07-010_slice3"
"926",926,"Willow","Seedling","Depth","critical","slice3","L01-060","High","L01-060_slice3"
"927",927,"Willow","Seedling","Depth","critical","slice3","L01-080","High","L01-080_slice3"
"928",928,"Willow","Seedling","Depth","critical","slice3","L01-100","High","L01-100_slice3"
"929",929,"Willow","Seedling","Depth","critical","slice3","L02-010","High","L02-010_slice3"
"930",930,"Willow","Seedling","Depth","critical","slice3","L02-020","High","L02-020_slice3"
"931",931,"Willow","Seedling","Depth","critical","slice3","L02-021","High","L02-021_slice3"
"932",932,"Willow","Seedling","Depth","critical","slice3","L02-022","High","L02-022_slice3"
"933",933,"Willow","Seedling","Depth","critical","slice3","L02-023","High","L02-023_slice3"
"934",934,"Willow","Seedling","Depth","critical","slice3","L02-030","High","L02-030_slice3"
"935",935,"Willow","Seedling","Depth","critical","slice3","L02-031","High","L02-031_slice3"
"936",936,"Willow","Seedling","Depth","critical","slice3","L02-040","High","L02-040_slice3"
"937",937,"Willow","Seedling","Depth","critical","slice3","L02-041","High","L02-041_slice3"
"938",938,"Willow","Seedling","Depth","critical","slice3","L02-050","High","L02-050_slice3"
"939",939,"Willow","Seedling","Depth","critical","slice3","L02-051","High","L02-051_slice3"
"940",940,"Willow","Seedling","Depth","critical","slice4","J01-020","High","J01-020_slice4"
"941",941,"Willow","Seedling","Depth","critical","slice4","J01-030","High","J01-030_slice4"
"942",942,"Willow","Seedling","Depth","critical","slice4","J01-040","High","J01-040_slice4"
"943",943,"Willow","Seedling","Depth","critical","slice4","J04-010","High","J04-010_slice4"
"944",944,"Willow","Seedling","Depth","critical","slice4","J05-010","High","J05-010_slice4"
"945",945,"Willow","Seedling","Depth","critical","slice4","L01-100","High","L01-100_slice4"
"946",946,"Willow","Seedling","Depth","critical","slice4","L02-021","High","L02-021_slice4"
"947",947,"Willow","Seedling","Depth","critical","slice4","L02-022","High","L02-022_slice4"
"948",948,"Willow","Seedling","Depth","critical","slice4","L02-023","High","L02-023_slice4"
"949",949,"Willow","Seedling","Depth","critical","slice4","L02-031","High","L02-031_slice4"
"950",950,"Willow","Seedling","Depth","critical","slice4","L02-040","High","L02-040_slice4"
"951",951,"Willow","Seedling","Depth","critical","slice5","J01-030","High","J01-030_slice5"
"952",952,"Willow","Seedling","Depth","critical","slice5","J01-040","High","J01-040_slice5"
"953",953,"Willow","Seedling","Depth","critical","slice5","L02-022","High","L02-022_slice5"
"954",954,"Willow","Seedling","Depth","critical","slice6","L02-022","High","L02-022_slice6"
"955",955,"Willow","Seedling","Shear Stress","critical","slice1","J01-010","High","J01-010_slice1"
"956",956,"Willow","Seedling","Shear Stress","critical","slice1","J01-020","High","J01-020_slice1"
"957",957,"Willow","Seedling","Shear Stress","critical","slice1","J01-030","High","J01-030_slice1"
"958",958,"Willow","Seedling","Shear Stress","critical","slice1","J01-031","High","J01-031_slice1"
"959",959,"Willow","Seedling","Shear Stress","critical","slice1","J01-040","High","J01-040_slice1"
"960",960,"Willow","Seedling","Shear Stress","critical","slice1","J01-041","High","J01-041_slice1"
"961",961,"Willow","Seedling","Shear Stress","critical","slice1","J01-060","High","J01-060_slice1"
"962",962,"Willow","Seedling","Shear Stress","critical","slice1","J01-061","High","J01-061_slice1"
"963",963,"Willow","Seedling","Shear Stress","critical","slice1","J01-062","High","J01-062_slice1"
"964",964,"Willow","Seedling","Shear Stress","critical","slice1","J01-070","Low","J01-070_slice1"
"965",965,"Willow","Seedling","Shear Stress","critical","slice1","J01-080","High","J01-080_slice1"
"966",966,"Willow","Seedling","Shear Stress","critical","slice1","J01-090","High","J01-090_slice1"
"967",967,"Willow","Seedling","Shear Stress","critical","slice1","J01-091","High","J01-091_slice1"
"968",968,"Willow","Seedling","Shear Stress","critical","slice1","J01-100","High","J01-100_slice1"
"969",969,"Willow","Seedling","Shear Stress","critical","slice1","J03-010","High","J03-010_slice1"
"970",970,"Willow","Seedling","Shear Stress","critical","slice1","J04-010","High","J04-010_slice1"
"971",971,"Willow","Seedling","Shear Stress","critical","slice1","J05-010","Low","J05-010_slice1"
"972",972,"Willow","Seedling","Shear Stress","critical","slice1","J07-010","Low","J07-010_slice1"
"973",973,"Willow","Seedling","Shear Stress","critical","slice1","L01-060","High","L01-060_slice1"
"974",974,"Willow","Seedling","Shear Stress","critical","slice1","L01-080","High","L01-080_slice1"
"975",975,"Willow","Seedling","Shear Stress","critical","slice1","L01-100","High","L01-100_slice1"
"976",976,"Willow","Seedling","Shear Stress","critical","slice1","L02-010","High","L02-010_slice1"
"977",977,"Willow","Seedling","Shear Stress","critical","slice1","L02-020","High","L02-020_slice1"
"978",978,"Willow","Seedling","Shear Stress","critical","slice1","L02-021","High","L02-021_slice1"
"979",979,"Willow","Seedling","Shear Stress","critical","slice1","L02-022","High","L02-022_slice1"
"980",980,"Willow","Seedling","Shear Stress","critical","slice1","L02-023","High","L02-023_slice1"
"981",981,"Willow","Seedling","Shear Stress","critical","slice1","L02-030","High","L02-030_slice1"
"982",982,"Willow","Seedling","Shear Stress","critical","slice1","L02-031","High","L02-031_slice1"
"983",983,"Willow","Seedling","Shear Stress","critical","slice1","L02-040","High","L02-040_slice1"
"984",984,"Willow","Seedling","Shear Stress","critical","slice1","L02-041","High","L02-041_slice1"
"985",985,"Willow","Seedling","Shear Stress","critical","slice1","L02-050","High","L02-050_slice1"
"986",986,"Willow","Seedling","Shear Stress","critical","slice1","L02-051","High","L02-051_slice1"
"987",987,"Willow","Seedling","Shear Stress","critical","slice2","J01-010","Low","J01-010_slice2"
"988",988,"Willow","Seedling","Shear Stress","critical","slice2","J01-020","High","J01-020_slice2"
"989",989,"Willow","Seedling","Shear Stress","critical","slice2","J01-030","High","J01-030_slice2"
"990",990,"Willow","Seedling","Shear Stress","critical","slice2","J01-031","Low","J01-031_slice2"
"991",991,"Willow","Seedling","Shear Stress","critical","slice2","J01-040","Low","J01-040_slice2"
"992",992,"Willow","Seedling","Shear Stress","critical","slice2","J01-041","Low","J01-041_slice2"
"993",993,"Willow","Seedling","Shear Stress","critical","slice2","J01-060","Low","J01-060_slice2"
"994",994,"Willow","Seedling","Shear Stress","critical","slice2","J01-061","Low","J01-061_slice2"
"995",995,"Willow","Seedling","Shear Stress","critical","slice2","J01-080","Low","J01-080_slice2"
"996",996,"Willow","Seedling","Shear Stress","critical","slice2","J01-090","Low","J01-090_slice2"
"997",997,"Willow","Seedling","Shear Stress","critical","slice2","J01-091","Low","J01-091_slice2"
"998",998,"Willow","Seedling","Shear Stress","critical","slice2","J01-100","Low","J01-100_slice2"
"999",999,"Willow","Seedling","Shear Stress","critical","slice2","J03-010","Low","J03-010_slice2"
"1000",1000,"Willow","Seedling","Shear Stress","critical","slice2","J04-010","High","J04-010_slice2"
"1001",1001,"Willow","Seedling","Shear Stress","critical","slice2","J05-010","High","J05-010_slice2"
"1002",1002,"Willow","Seedling","Shear Stress","critical","slice2","J07-010","High","J07-010_slice2"
"1003",1003,"Willow","Seedling","Shear Stress","critical","slice2","L01-060","High","L01-060_slice2"
"1004",1004,"Willow","Seedling","Shear Stress","critical","slice2","L01-080","High","L01-080_slice2"
"1005",1005,"Willow","Seedling","Shear Stress","critical","slice2","L01-100","High","L01-100_slice2"
"1006",1006,"Willow","Seedling","Shear Stress","critical","slice2","L02-010","Low","L02-010_slice2"
"1007",1007,"Willow","Seedling","Shear Stress","critical","slice2","L02-020","High","L02-020_slice2"
"1008",1008,"Willow","Seedling","Shear Stress","critical","slice2","L02-021","High","L02-021_slice2"
"1009",1009,"Willow","Seedling","Shear Stress","critical","slice2","L02-022","High","L02-022_slice2"
"1010",1010,"Willow","Seedling","Shear Stress","critical","slice2","L02-023","High","L02-023_slice2"
"1011",1011,"Willow","Seedling","Shear Stress","critical","slice2","L02-030","High","L02-030_slice2"
"1012",1012,"Willow","Seedling","Shear Stress","critical","slice2","L02-031","Low","L02-031_slice2"
"1013",1013,"Willow","Seedling","Shear Stress","critical","slice2","L02-040","High","L02-040_slice2"
"1014",1014,"Willow","Seedling","Shear Stress","critical","slice2","L02-041","High","L02-041_slice2"
"1015",1015,"Willow","Seedling","Shear Stress","critical","slice2","L02-050","High","L02-050_slice2"
"1016",1016,"Willow","Seedling","Shear Stress","critical","slice2","L02-051","High","L02-051_slice2"
"1017",1017,"Willow","Seedling","Shear Stress","critical","slice3","J01-010","High","J01-010_slice3"
"1018",1018,"Willow","Seedling","Shear Stress","critical","slice3","J01-020","Low","J01-020_slice3"
"1019",1019,"Willow","Seedling","Shear Stress","critical","slice3","J01-030","Low","J01-030_slice3"
"1020",1020,"Willow","Seedling","Shear Stress","critical","slice3","J01-031","High","J01-031_slice3"
"1021",1021,"Willow","Seedling","Shear Stress","critical","slice3","J01-040","High","J01-040_slice3"
"1022",1022,"Willow","Seedling","Shear Stress","critical","slice3","J01-041","High","J01-041_slice3"
"1023",1023,"Willow","Seedling","Shear Stress","critical","slice3","J01-060","High","J01-060_slice3"
"1024",1024,"Willow","Seedling","Shear Stress","critical","slice3","J01-061","High","J01-061_slice3"
"1025",1025,"Willow","Seedling","Shear Stress","critical","slice3","J01-080","High","J01-080_slice3"
"1026",1026,"Willow","Seedling","Shear Stress","critical","slice3","J01-091","High","J01-091_slice3"
"1027",1027,"Willow","Seedling","Shear Stress","critical","slice3","J01-100","High","J01-100_slice3"
"1028",1028,"Willow","Seedling","Shear Stress","critical","slice3","J03-010","High","J03-010_slice3"
"1029",1029,"Willow","Seedling","Shear Stress","critical","slice3","J04-010","Low","J04-010_slice3"
"1030",1030,"Willow","Seedling","Shear Stress","critical","slice3","J05-010","High","J05-010_slice3"
"1031",1031,"Willow","Seedling","Shear Stress","critical","slice3","J07-010","High","J07-010_slice3"
"1032",1032,"Willow","Seedling","Shear Stress","critical","slice3","L01-060","High","L01-060_slice3"
"1033",1033,"Willow","Seedling","Shear Stress","critical","slice3","L01-080","Low","L01-080_slice3"
"1034",1034,"Willow","Seedling","Shear Stress","critical","slice3","L01-100","High","L01-100_slice3"
"1035",1035,"Willow","Seedling","Shear Stress","critical","slice3","L02-010","High","L02-010_slice3"
"1036",1036,"Willow","Seedling","Shear Stress","critical","slice3","L02-020","High","L02-020_slice3"
"1037",1037,"Willow","Seedling","Shear Stress","critical","slice3","L02-021","High","L02-021_slice3"
"1038",1038,"Willow","Seedling","Shear Stress","critical","slice3","L02-022","High","L02-022_slice3"
"1039",1039,"Willow","Seedling","Shear Stress","critical","slice3","L02-023","High","L02-023_slice3"
"1040",1040,"Willow","Seedling","Shear Stress","critical","slice3","L02-030","High","L02-030_slice3"
"1041",1041,"Willow","Seedling","Shear Stress","critical","slice3","L02-031","High","L02-031_slice3"
"1042",1042,"Willow","Seedling","Shear Stress","critical","slice3","L02-040","High","L02-040_slice3"
"1043",1043,"Willow","Seedling","Shear Stress","critical","slice3","L02-041","High","L02-041_slice3"
"1044",1044,"Willow","Seedling","Shear Stress","critical","slice3","L02-050","High","L02-050_slice3"
"1045",1045,"Willow","Seedling","Shear Stress","critical","slice3","L02-051","High","L02-051_slice3"
"1046",1046,"Willow","Seedling","Shear Stress","critical","slice4","J01-020","High","J01-020_slice4"
"1047",1047,"Willow","Seedling","Shear Stress","critical","slice4","J01-030","High","J01-030_slice4"
"1048",1048,"Willow","Seedling","Shear Stress","critical","slice4","J01-040","Low","J01-040_slice4"
"1049",1049,"Willow","Seedling","Shear Stress","critical","slice4","J04-010","High","J04-010_slice4"
"1050",1050,"Willow","Seedling","Shear Stress","critical","slice4","J05-010","High","J05-010_slice4"
"1051",1051,"Willow","Seedling","Shear Stress","critical","slice4","L01-100","High","L01-100_slice4"
"1052",1052,"Willow","Seedling","Shear Stress","critical","slice4","L02-021","High","L02-021_slice4"
"1053",1053,"Willow","Seedling","Shear Stress","critical","slice4","L02-022","High","L02-022_slice4"
"1054",1054,"Willow","Seedling","Shear Stress","critical","slice4","L02-023","Low","L02-023_slice4"
"1055",1055,"Willow","Seedling","Shear Stress","critical","slice4","L02-031","High","L02-031_slice4"
"1056",1056,"Willow","Seedling","Shear Stress","critical","slice4","L02-040","High","L02-040_slice4"
"1057",1057,"Willow","Seedling","Shear Stress","critical","slice5","J01-030","High","J01-030_slice5"
"1058",1058,"Willow","Seedling","Shear Stress","critical","slice5","J01-040","High","J01-040_slice5"
"1059",1059,"Willow","Seedling","Shear Stress","critical","slice5","L02-022","High","L02-022_slice5"
"1060",1060,"Willow","Seedling","Shear Stress","critical","slice6","L02-022","High","L02-022_slice6"
