"","month_year","water_year","month","position","Node","Probability_Threshold","n_days","Species","Life_Stage","Hydraulic"
"1",Jan 1993,1993,1,"slice1","J01-070","days_per_month","31","Willow","Adult","StreamPower"
"2",Jan 1994,1994,1,"slice1","J01-070","days_per_month","31","Willow","Adult","StreamPower"
"3",Jan 1995,1995,1,"slice1","J01-070","days_per_month","31","Willow","Adult","StreamPower"
"4",Jan 1996,1996,1,"slice1","J01-070","days_per_month","31","Willow","Adult","StreamPower"
"5",Jan 1997,1997,1,"slice1","J01-070","days_per_month","31","Willow","Adult","StreamPower"
"6",Jan 1998,1998,1,"slice1","J01-070","days_per_month","31","Willow","Adult","StreamPower"
"7",Jan 1999,1999,1,"slice1","J01-070","days_per_month","31","Willow","Adult","StreamPower"
"8",Jan 2000,2000,1,"slice1","J01-070","days_per_month","31","Willow","Adult","StreamPower"
"9",Jan 2001,2001,1,"slice1","J01-070","days_per_month","31","Willow","Adult","StreamPower"
"10",Jan 2002,2002,1,"slice1","J01-070","days_per_month","31","Willow","Adult","StreamPower"
"11",Jan 2003,2003,1,"slice1","J01-070","days_per_month","31","Willow","Adult","StreamPower"
"12",Jan 2004,2004,1,"slice1","J01-070","days_per_month","31","Willow","Adult","StreamPower"
"13",Jan 2005,2005,1,"slice1","J01-070","days_per_month","31","Willow","Adult","StreamPower"
"14",Jan 2006,2006,1,"slice1","J01-070","days_per_month","31","Willow","Adult","StreamPower"
"15",Jan 2007,2007,1,"slice1","J01-070","days_per_month","31","Willow","Adult","StreamPower"
"16",Jan 2008,2008,1,"slice1","J01-070","days_per_month","31","Willow","Adult","StreamPower"
"17",Jan 2009,2009,1,"slice1","J01-070","days_per_month","31","Willow","Adult","StreamPower"
"18",Jan 2010,2010,1,"slice1","J01-070","days_per_month","31","Willow","Adult","StreamPower"
"19",Jan 2011,2011,1,"slice1","J01-070","days_per_month","31","Willow","Adult","StreamPower"
"20",Jan 2012,2012,1,"slice1","J01-070","days_per_month","31","Willow","Adult","StreamPower"
"21",Jan 2013,2013,1,"slice1","J01-070","days_per_month","31","Willow","Adult","StreamPower"
"22",Jan 2014,2014,1,"slice1","J01-070","days_per_month","31","Willow","Adult","StreamPower"
"23",Jan 2015,2015,1,"slice1","J01-070","days_per_month","31","Willow","Adult","StreamPower"
"24",Jan 2016,2016,1,"slice1","J01-070","days_per_month","31","Willow","Adult","StreamPower"
"25",Jan 2017,2017,1,"slice1","J01-070","days_per_month","31","Willow","Adult","StreamPower"
"26",Jan 2018,2018,1,"slice1","J01-070","days_per_month","31","Willow","Adult","StreamPower"
"27",Feb 1993,1993,2,"slice1","J01-070","days_per_month","28","Willow","Adult","StreamPower"
"28",Feb 1994,1994,2,"slice1","J01-070","days_per_month","28","Willow","Adult","StreamPower"
"29",Feb 1995,1995,2,"slice1","J01-070","days_per_month","29","Willow","Adult","StreamPower"
"30",Feb 1996,1996,2,"slice1","J01-070","days_per_month","28","Willow","Adult","StreamPower"
"31",Feb 1997,1997,2,"slice1","J01-070","days_per_month","27","Willow","Adult","StreamPower"
"32",Feb 1998,1998,2,"slice1","J01-070","days_per_month","28","Willow","Adult","StreamPower"
"33",Feb 1999,1999,2,"slice1","J01-070","days_per_month","29","Willow","Adult","StreamPower"
"34",Feb 2000,2000,2,"slice1","J01-070","days_per_month","28","Willow","Adult","StreamPower"
"35",Feb 2001,2001,2,"slice1","J01-070","days_per_month","28","Willow","Adult","StreamPower"
"36",Feb 2002,2002,2,"slice1","J01-070","days_per_month","28","Willow","Adult","StreamPower"
"37",Feb 2003,2003,2,"slice1","J01-070","days_per_month","29","Willow","Adult","StreamPower"
"38",Feb 2004,2004,2,"slice1","J01-070","days_per_month","28","Willow","Adult","StreamPower"
"39",Feb 2005,2005,2,"slice1","J01-070","days_per_month","28","Willow","Adult","StreamPower"
"40",Feb 2006,2006,2,"slice1","J01-070","days_per_month","28","Willow","Adult","StreamPower"
"41",Feb 2007,2007,2,"slice1","J01-070","days_per_month","29","Willow","Adult","StreamPower"
"42",Feb 2008,2008,2,"slice1","J01-070","days_per_month","28","Willow","Adult","StreamPower"
"43",Feb 2009,2009,2,"slice1","J01-070","days_per_month","28","Willow","Adult","StreamPower"
"44",Feb 2010,2010,2,"slice1","J01-070","days_per_month","28","Willow","Adult","StreamPower"
"45",Feb 2011,2011,2,"slice1","J01-070","days_per_month","29","Willow","Adult","StreamPower"
"46",Feb 2012,2012,2,"slice1","J01-070","days_per_month","28","Willow","Adult","StreamPower"
"47",Feb 2013,2013,2,"slice1","J01-070","days_per_month","28","Willow","Adult","StreamPower"
"48",Feb 2014,2014,2,"slice1","J01-070","days_per_month","28","Willow","Adult","StreamPower"
"49",Feb 2015,2015,2,"slice1","J01-070","days_per_month","29","Willow","Adult","StreamPower"
"50",Feb 2016,2016,2,"slice1","J01-070","days_per_month","28","Willow","Adult","StreamPower"
"51",Feb 2017,2017,2,"slice1","J01-070","days_per_month","28","Willow","Adult","StreamPower"
"52",Feb 2018,2018,2,"slice1","J01-070","days_per_month","28","Willow","Adult","StreamPower"
"53",Mar 1993,1993,3,"slice1","J01-070","days_per_month","31","Willow","Adult","StreamPower"
"54",Mar 1994,1994,3,"slice1","J01-070","days_per_month","31","Willow","Adult","StreamPower"
"55",Mar 1995,1995,3,"slice1","J01-070","days_per_month","31","Willow","Adult","StreamPower"
"56",Mar 1996,1996,3,"slice1","J01-070","days_per_month","31","Willow","Adult","StreamPower"
"57",Mar 1997,1997,3,"slice1","J01-070","days_per_month","31","Willow","Adult","StreamPower"
"58",Mar 1998,1998,3,"slice1","J01-070","days_per_month","31","Willow","Adult","StreamPower"
"59",Mar 1999,1999,3,"slice1","J01-070","days_per_month","31","Willow","Adult","StreamPower"
"60",Mar 2000,2000,3,"slice1","J01-070","days_per_month","31","Willow","Adult","StreamPower"
"61",Mar 2001,2001,3,"slice1","J01-070","days_per_month","31","Willow","Adult","StreamPower"
"62",Mar 2002,2002,3,"slice1","J01-070","days_per_month","31","Willow","Adult","StreamPower"
"63",Mar 2003,2003,3,"slice1","J01-070","days_per_month","31","Willow","Adult","StreamPower"
"64",Mar 2004,2004,3,"slice1","J01-070","days_per_month","31","Willow","Adult","StreamPower"
"65",Mar 2005,2005,3,"slice1","J01-070","days_per_month","31","Willow","Adult","StreamPower"
"66",Mar 2006,2006,3,"slice1","J01-070","days_per_month","31","Willow","Adult","StreamPower"
"67",Mar 2007,2007,3,"slice1","J01-070","days_per_month","31","Willow","Adult","StreamPower"
"68",Mar 2008,2008,3,"slice1","J01-070","days_per_month","31","Willow","Adult","StreamPower"
"69",Mar 2009,2009,3,"slice1","J01-070","days_per_month","31","Willow","Adult","StreamPower"
"70",Mar 2010,2010,3,"slice1","J01-070","days_per_month","31","Willow","Adult","StreamPower"
"71",Mar 2011,2011,3,"slice1","J01-070","days_per_month","31","Willow","Adult","StreamPower"
"72",Mar 2012,2012,3,"slice1","J01-070","days_per_month","31","Willow","Adult","StreamPower"
"73",Mar 2013,2013,3,"slice1","J01-070","days_per_month","31","Willow","Adult","StreamPower"
"74",Mar 2014,2014,3,"slice1","J01-070","days_per_month","31","Willow","Adult","StreamPower"
"75",Mar 2015,2015,3,"slice1","J01-070","days_per_month","31","Willow","Adult","StreamPower"
"76",Mar 2016,2016,3,"slice1","J01-070","days_per_month","31","Willow","Adult","StreamPower"
"77",Mar 2017,2017,3,"slice1","J01-070","days_per_month","31","Willow","Adult","StreamPower"
"78",Mar 2018,2018,3,"slice1","J01-070","days_per_month","31","Willow","Adult","StreamPower"
"79",Apr 1993,1993,4,"slice1","J01-070","days_per_month","30","Willow","Adult","StreamPower"
"80",Apr 1994,1994,4,"slice1","J01-070","days_per_month","30","Willow","Adult","StreamPower"
"81",Apr 1995,1995,4,"slice1","J01-070","days_per_month","30","Willow","Adult","StreamPower"
"82",Apr 1996,1996,4,"slice1","J01-070","days_per_month","30","Willow","Adult","StreamPower"
"83",Apr 1997,1997,4,"slice1","J01-070","days_per_month","30","Willow","Adult","StreamPower"
"84",Apr 1998,1998,4,"slice1","J01-070","days_per_month","30","Willow","Adult","StreamPower"
"85",Apr 1999,1999,4,"slice1","J01-070","days_per_month","30","Willow","Adult","StreamPower"
"86",Apr 2000,2000,4,"slice1","J01-070","days_per_month","30","Willow","Adult","StreamPower"
"87",Apr 2001,2001,4,"slice1","J01-070","days_per_month","30","Willow","Adult","StreamPower"
"88",Apr 2002,2002,4,"slice1","J01-070","days_per_month","30","Willow","Adult","StreamPower"
"89",Apr 2003,2003,4,"slice1","J01-070","days_per_month","30","Willow","Adult","StreamPower"
"90",Apr 2004,2004,4,"slice1","J01-070","days_per_month","30","Willow","Adult","StreamPower"
"91",Apr 2005,2005,4,"slice1","J01-070","days_per_month","30","Willow","Adult","StreamPower"
"92",Apr 2006,2006,4,"slice1","J01-070","days_per_month","30","Willow","Adult","StreamPower"
"93",Apr 2007,2007,4,"slice1","J01-070","days_per_month","30","Willow","Adult","StreamPower"
"94",Apr 2008,2008,4,"slice1","J01-070","days_per_month","30","Willow","Adult","StreamPower"
"95",Apr 2009,2009,4,"slice1","J01-070","days_per_month","30","Willow","Adult","StreamPower"
"96",Apr 2010,2010,4,"slice1","J01-070","days_per_month","30","Willow","Adult","StreamPower"
"97",Apr 2011,2011,4,"slice1","J01-070","days_per_month","30","Willow","Adult","StreamPower"
"98",Apr 2012,2012,4,"slice1","J01-070","days_per_month","30","Willow","Adult","StreamPower"
"99",Apr 2013,2013,4,"slice1","J01-070","days_per_month","30","Willow","Adult","StreamPower"
"100",Apr 2014,2014,4,"slice1","J01-070","days_per_month","30","Willow","Adult","StreamPower"
"101",Apr 2015,2015,4,"slice1","J01-070","days_per_month","30","Willow","Adult","StreamPower"
"102",Apr 2016,2016,4,"slice1","J01-070","days_per_month","30","Willow","Adult","StreamPower"
"103",Apr 2017,2017,4,"slice1","J01-070","days_per_month","30","Willow","Adult","StreamPower"
"104",Apr 2018,2018,4,"slice1","J01-070","days_per_month","30","Willow","Adult","StreamPower"
"105",May 1993,1993,5,"slice1","J01-070","days_per_month","31","Willow","Adult","StreamPower"
"106",May 1994,1994,5,"slice1","J01-070","days_per_month","31","Willow","Adult","StreamPower"
"107",May 1995,1995,5,"slice1","J01-070","days_per_month","31","Willow","Adult","StreamPower"
"108",May 1996,1996,5,"slice1","J01-070","days_per_month","31","Willow","Adult","StreamPower"
"109",May 1997,1997,5,"slice1","J01-070","days_per_month","31","Willow","Adult","StreamPower"
"110",May 1998,1998,5,"slice1","J01-070","days_per_month","31","Willow","Adult","StreamPower"
"111",May 1999,1999,5,"slice1","J01-070","days_per_month","31","Willow","Adult","StreamPower"
"112",May 2000,2000,5,"slice1","J01-070","days_per_month","31","Willow","Adult","StreamPower"
"113",May 2001,2001,5,"slice1","J01-070","days_per_month","31","Willow","Adult","StreamPower"
"114",May 2002,2002,5,"slice1","J01-070","days_per_month","31","Willow","Adult","StreamPower"
"115",May 2003,2003,5,"slice1","J01-070","days_per_month","31","Willow","Adult","StreamPower"
"116",May 2004,2004,5,"slice1","J01-070","days_per_month","31","Willow","Adult","StreamPower"
"117",May 2005,2005,5,"slice1","J01-070","days_per_month","31","Willow","Adult","StreamPower"
"118",May 2006,2006,5,"slice1","J01-070","days_per_month","31","Willow","Adult","StreamPower"
"119",May 2007,2007,5,"slice1","J01-070","days_per_month","31","Willow","Adult","StreamPower"
"120",May 2008,2008,5,"slice1","J01-070","days_per_month","31","Willow","Adult","StreamPower"
"121",May 2009,2009,5,"slice1","J01-070","days_per_month","31","Willow","Adult","StreamPower"
"122",May 2010,2010,5,"slice1","J01-070","days_per_month","31","Willow","Adult","StreamPower"
"123",May 2011,2011,5,"slice1","J01-070","days_per_month","31","Willow","Adult","StreamPower"
"124",May 2012,2012,5,"slice1","J01-070","days_per_month","31","Willow","Adult","StreamPower"
"125",May 2013,2013,5,"slice1","J01-070","days_per_month","31","Willow","Adult","StreamPower"
"126",May 2014,2014,5,"slice1","J01-070","days_per_month","31","Willow","Adult","StreamPower"
"127",May 2015,2015,5,"slice1","J01-070","days_per_month","31","Willow","Adult","StreamPower"
"128",May 2016,2016,5,"slice1","J01-070","days_per_month","31","Willow","Adult","StreamPower"
"129",May 2017,2017,5,"slice1","J01-070","days_per_month","31","Willow","Adult","StreamPower"
"130",May 2018,2018,5,"slice1","J01-070","days_per_month","20","Willow","Adult","StreamPower"
"131",Jun 1993,1993,6,"slice1","J01-070","days_per_month","30","Willow","Adult","StreamPower"
"132",Jun 1994,1994,6,"slice1","J01-070","days_per_month","30","Willow","Adult","StreamPower"
"133",Jun 1995,1995,6,"slice1","J01-070","days_per_month","30","Willow","Adult","StreamPower"
"134",Jun 1996,1996,6,"slice1","J01-070","days_per_month","30","Willow","Adult","StreamPower"
"135",Jun 1997,1997,6,"slice1","J01-070","days_per_month","30","Willow","Adult","StreamPower"
"136",Jun 1998,1998,6,"slice1","J01-070","days_per_month","30","Willow","Adult","StreamPower"
"137",Jun 1999,1999,6,"slice1","J01-070","days_per_month","30","Willow","Adult","StreamPower"
"138",Jun 2000,2000,6,"slice1","J01-070","days_per_month","30","Willow","Adult","StreamPower"
"139",Jun 2001,2001,6,"slice1","J01-070","days_per_month","30","Willow","Adult","StreamPower"
"140",Jun 2002,2002,6,"slice1","J01-070","days_per_month","30","Willow","Adult","StreamPower"
"141",Jun 2003,2003,6,"slice1","J01-070","days_per_month","30","Willow","Adult","StreamPower"
"142",Jun 2004,2004,6,"slice1","J01-070","days_per_month","30","Willow","Adult","StreamPower"
"143",Jun 2005,2005,6,"slice1","J01-070","days_per_month","30","Willow","Adult","StreamPower"
"144",Jun 2006,2006,6,"slice1","J01-070","days_per_month","30","Willow","Adult","StreamPower"
"145",Jun 2007,2007,6,"slice1","J01-070","days_per_month","30","Willow","Adult","StreamPower"
"146",Jun 2008,2008,6,"slice1","J01-070","days_per_month","30","Willow","Adult","StreamPower"
"147",Jun 2009,2009,6,"slice1","J01-070","days_per_month","30","Willow","Adult","StreamPower"
"148",Jun 2010,2010,6,"slice1","J01-070","days_per_month","30","Willow","Adult","StreamPower"
"149",Jun 2011,2011,6,"slice1","J01-070","days_per_month","30","Willow","Adult","StreamPower"
"150",Jun 2012,2012,6,"slice1","J01-070","days_per_month","30","Willow","Adult","StreamPower"
"151",Jun 2013,2013,6,"slice1","J01-070","days_per_month","30","Willow","Adult","StreamPower"
"152",Jun 2014,2014,6,"slice1","J01-070","days_per_month","30","Willow","Adult","StreamPower"
"153",Jun 2015,2015,6,"slice1","J01-070","days_per_month","30","Willow","Adult","StreamPower"
"154",Jun 2016,2016,6,"slice1","J01-070","days_per_month","30","Willow","Adult","StreamPower"
"155",Jun 2017,2017,6,"slice1","J01-070","days_per_month","30","Willow","Adult","StreamPower"
"156",Jul 1993,1993,7,"slice1","J01-070","days_per_month","31","Willow","Adult","StreamPower"
"157",Jul 1994,1994,7,"slice1","J01-070","days_per_month","31","Willow","Adult","StreamPower"
"158",Jul 1995,1995,7,"slice1","J01-070","days_per_month","31","Willow","Adult","StreamPower"
"159",Jul 1996,1996,7,"slice1","J01-070","days_per_month","31","Willow","Adult","StreamPower"
"160",Jul 1997,1997,7,"slice1","J01-070","days_per_month","31","Willow","Adult","StreamPower"
"161",Jul 1998,1998,7,"slice1","J01-070","days_per_month","31","Willow","Adult","StreamPower"
"162",Jul 1999,1999,7,"slice1","J01-070","days_per_month","31","Willow","Adult","StreamPower"
"163",Jul 2000,2000,7,"slice1","J01-070","days_per_month","31","Willow","Adult","StreamPower"
"164",Jul 2001,2001,7,"slice1","J01-070","days_per_month","31","Willow","Adult","StreamPower"
"165",Jul 2002,2002,7,"slice1","J01-070","days_per_month","31","Willow","Adult","StreamPower"
"166",Jul 2003,2003,7,"slice1","J01-070","days_per_month","31","Willow","Adult","StreamPower"
"167",Jul 2004,2004,7,"slice1","J01-070","days_per_month","31","Willow","Adult","StreamPower"
"168",Jul 2005,2005,7,"slice1","J01-070","days_per_month","31","Willow","Adult","StreamPower"
"169",Jul 2006,2006,7,"slice1","J01-070","days_per_month","31","Willow","Adult","StreamPower"
"170",Jul 2007,2007,7,"slice1","J01-070","days_per_month","31","Willow","Adult","StreamPower"
"171",Jul 2008,2008,7,"slice1","J01-070","days_per_month","31","Willow","Adult","StreamPower"
"172",Jul 2009,2009,7,"slice1","J01-070","days_per_month","31","Willow","Adult","StreamPower"
"173",Jul 2010,2010,7,"slice1","J01-070","days_per_month","31","Willow","Adult","StreamPower"
"174",Jul 2011,2011,7,"slice1","J01-070","days_per_month","31","Willow","Adult","StreamPower"
"175",Jul 2012,2012,7,"slice1","J01-070","days_per_month","31","Willow","Adult","StreamPower"
"176",Jul 2013,2013,7,"slice1","J01-070","days_per_month","31","Willow","Adult","StreamPower"
"177",Jul 2014,2014,7,"slice1","J01-070","days_per_month","31","Willow","Adult","StreamPower"
"178",Jul 2015,2015,7,"slice1","J01-070","days_per_month","31","Willow","Adult","StreamPower"
"179",Jul 2016,2016,7,"slice1","J01-070","days_per_month","31","Willow","Adult","StreamPower"
"180",Jul 2017,2017,7,"slice1","J01-070","days_per_month","31","Willow","Adult","StreamPower"
"181",Aug 1993,1993,8,"slice1","J01-070","days_per_month","31","Willow","Adult","StreamPower"
"182",Aug 1994,1994,8,"slice1","J01-070","days_per_month","31","Willow","Adult","StreamPower"
"183",Aug 1995,1995,8,"slice1","J01-070","days_per_month","31","Willow","Adult","StreamPower"
"184",Aug 1996,1996,8,"slice1","J01-070","days_per_month","31","Willow","Adult","StreamPower"
"185",Aug 1997,1997,8,"slice1","J01-070","days_per_month","31","Willow","Adult","StreamPower"
"186",Aug 1998,1998,8,"slice1","J01-070","days_per_month","31","Willow","Adult","StreamPower"
"187",Aug 1999,1999,8,"slice1","J01-070","days_per_month","31","Willow","Adult","StreamPower"
"188",Aug 2000,2000,8,"slice1","J01-070","days_per_month","31","Willow","Adult","StreamPower"
"189",Aug 2001,2001,8,"slice1","J01-070","days_per_month","31","Willow","Adult","StreamPower"
"190",Aug 2002,2002,8,"slice1","J01-070","days_per_month","31","Willow","Adult","StreamPower"
"191",Aug 2003,2003,8,"slice1","J01-070","days_per_month","31","Willow","Adult","StreamPower"
"192",Aug 2004,2004,8,"slice1","J01-070","days_per_month","31","Willow","Adult","StreamPower"
"193",Aug 2005,2005,8,"slice1","J01-070","days_per_month","31","Willow","Adult","StreamPower"
"194",Aug 2006,2006,8,"slice1","J01-070","days_per_month","31","Willow","Adult","StreamPower"
"195",Aug 2007,2007,8,"slice1","J01-070","days_per_month","31","Willow","Adult","StreamPower"
"196",Aug 2008,2008,8,"slice1","J01-070","days_per_month","31","Willow","Adult","StreamPower"
"197",Aug 2009,2009,8,"slice1","J01-070","days_per_month","31","Willow","Adult","StreamPower"
"198",Aug 2010,2010,8,"slice1","J01-070","days_per_month","31","Willow","Adult","StreamPower"
"199",Aug 2011,2011,8,"slice1","J01-070","days_per_month","31","Willow","Adult","StreamPower"
"200",Aug 2012,2012,8,"slice1","J01-070","days_per_month","31","Willow","Adult","StreamPower"
"201",Aug 2013,2013,8,"slice1","J01-070","days_per_month","31","Willow","Adult","StreamPower"
"202",Aug 2014,2014,8,"slice1","J01-070","days_per_month","31","Willow","Adult","StreamPower"
"203",Aug 2015,2015,8,"slice1","J01-070","days_per_month","31","Willow","Adult","StreamPower"
"204",Aug 2016,2016,8,"slice1","J01-070","days_per_month","31","Willow","Adult","StreamPower"
"205",Aug 2017,2017,8,"slice1","J01-070","days_per_month","31","Willow","Adult","StreamPower"
"206",Sep 1993,1993,9,"slice1","J01-070","days_per_month","30","Willow","Adult","StreamPower"
"207",Sep 1994,1994,9,"slice1","J01-070","days_per_month","30","Willow","Adult","StreamPower"
"208",Sep 1995,1995,9,"slice1","J01-070","days_per_month","30","Willow","Adult","StreamPower"
"209",Sep 1996,1996,9,"slice1","J01-070","days_per_month","30","Willow","Adult","StreamPower"
"210",Sep 1997,1997,9,"slice1","J01-070","days_per_month","30","Willow","Adult","StreamPower"
"211",Sep 1998,1998,9,"slice1","J01-070","days_per_month","30","Willow","Adult","StreamPower"
"212",Sep 1999,1999,9,"slice1","J01-070","days_per_month","30","Willow","Adult","StreamPower"
"213",Sep 2000,2000,9,"slice1","J01-070","days_per_month","30","Willow","Adult","StreamPower"
"214",Sep 2001,2001,9,"slice1","J01-070","days_per_month","30","Willow","Adult","StreamPower"
"215",Sep 2002,2002,9,"slice1","J01-070","days_per_month","30","Willow","Adult","StreamPower"
"216",Sep 2003,2003,9,"slice1","J01-070","days_per_month","30","Willow","Adult","StreamPower"
"217",Sep 2004,2004,9,"slice1","J01-070","days_per_month","30","Willow","Adult","StreamPower"
"218",Sep 2005,2005,9,"slice1","J01-070","days_per_month","30","Willow","Adult","StreamPower"
"219",Sep 2006,2006,9,"slice1","J01-070","days_per_month","30","Willow","Adult","StreamPower"
"220",Sep 2007,2007,9,"slice1","J01-070","days_per_month","30","Willow","Adult","StreamPower"
"221",Sep 2008,2008,9,"slice1","J01-070","days_per_month","30","Willow","Adult","StreamPower"
"222",Sep 2009,2009,9,"slice1","J01-070","days_per_month","30","Willow","Adult","StreamPower"
"223",Sep 2010,2010,9,"slice1","J01-070","days_per_month","30","Willow","Adult","StreamPower"
"224",Sep 2011,2011,9,"slice1","J01-070","days_per_month","30","Willow","Adult","StreamPower"
"225",Sep 2012,2012,9,"slice1","J01-070","days_per_month","30","Willow","Adult","StreamPower"
"226",Sep 2013,2013,9,"slice1","J01-070","days_per_month","30","Willow","Adult","StreamPower"
"227",Sep 2014,2014,9,"slice1","J01-070","days_per_month","30","Willow","Adult","StreamPower"
"228",Sep 2015,2015,9,"slice1","J01-070","days_per_month","30","Willow","Adult","StreamPower"
"229",Sep 2016,2016,9,"slice1","J01-070","days_per_month","30","Willow","Adult","StreamPower"
"230",Sep 2017,2017,9,"slice1","J01-070","days_per_month","30","Willow","Adult","StreamPower"
"231",Oct 1993,1993,10,"slice1","J01-070","days_per_month","31","Willow","Adult","StreamPower"
"232",Oct 1994,1994,10,"slice1","J01-070","days_per_month","31","Willow","Adult","StreamPower"
"233",Oct 1995,1995,10,"slice1","J01-070","days_per_month","31","Willow","Adult","StreamPower"
"234",Oct 1996,1996,10,"slice1","J01-070","days_per_month","31","Willow","Adult","StreamPower"
"235",Oct 1997,1997,10,"slice1","J01-070","days_per_month","31","Willow","Adult","StreamPower"
"236",Oct 1998,1998,10,"slice1","J01-070","days_per_month","31","Willow","Adult","StreamPower"
"237",Oct 1999,1999,10,"slice1","J01-070","days_per_month","31","Willow","Adult","StreamPower"
"238",Oct 2000,2000,10,"slice1","J01-070","days_per_month","31","Willow","Adult","StreamPower"
"239",Oct 2001,2001,10,"slice1","J01-070","days_per_month","31","Willow","Adult","StreamPower"
"240",Oct 2002,2002,10,"slice1","J01-070","days_per_month","31","Willow","Adult","StreamPower"
"241",Oct 2003,2003,10,"slice1","J01-070","days_per_month","31","Willow","Adult","StreamPower"
"242",Oct 2004,2004,10,"slice1","J01-070","days_per_month","31","Willow","Adult","StreamPower"
"243",Oct 2005,2005,10,"slice1","J01-070","days_per_month","31","Willow","Adult","StreamPower"
"244",Oct 2006,2006,10,"slice1","J01-070","days_per_month","31","Willow","Adult","StreamPower"
"245",Oct 2007,2007,10,"slice1","J01-070","days_per_month","31","Willow","Adult","StreamPower"
"246",Oct 2008,2008,10,"slice1","J01-070","days_per_month","31","Willow","Adult","StreamPower"
"247",Oct 2009,2009,10,"slice1","J01-070","days_per_month","31","Willow","Adult","StreamPower"
"248",Oct 2010,2010,10,"slice1","J01-070","days_per_month","31","Willow","Adult","StreamPower"
"249",Oct 2011,2011,10,"slice1","J01-070","days_per_month","31","Willow","Adult","StreamPower"
"250",Oct 2012,2012,10,"slice1","J01-070","days_per_month","31","Willow","Adult","StreamPower"
"251",Oct 2013,2013,10,"slice1","J01-070","days_per_month","31","Willow","Adult","StreamPower"
"252",Oct 2014,2014,10,"slice1","J01-070","days_per_month","31","Willow","Adult","StreamPower"
"253",Oct 2015,2015,10,"slice1","J01-070","days_per_month","31","Willow","Adult","StreamPower"
"254",Oct 2016,2016,10,"slice1","J01-070","days_per_month","31","Willow","Adult","StreamPower"
"255",Oct 2017,2017,10,"slice1","J01-070","days_per_month","31","Willow","Adult","StreamPower"
"256",Oct 2018,2018,10,"slice1","J01-070","days_per_month","31","Willow","Adult","StreamPower"
"257",Nov 1993,1993,11,"slice1","J01-070","days_per_month","30","Willow","Adult","StreamPower"
"258",Nov 1994,1994,11,"slice1","J01-070","days_per_month","30","Willow","Adult","StreamPower"
"259",Nov 1995,1995,11,"slice1","J01-070","days_per_month","30","Willow","Adult","StreamPower"
"260",Nov 1996,1996,11,"slice1","J01-070","days_per_month","30","Willow","Adult","StreamPower"
"261",Nov 1997,1997,11,"slice1","J01-070","days_per_month","30","Willow","Adult","StreamPower"
"262",Nov 1998,1998,11,"slice1","J01-070","days_per_month","30","Willow","Adult","StreamPower"
"263",Nov 1999,1999,11,"slice1","J01-070","days_per_month","30","Willow","Adult","StreamPower"
"264",Nov 2000,2000,11,"slice1","J01-070","days_per_month","30","Willow","Adult","StreamPower"
"265",Nov 2001,2001,11,"slice1","J01-070","days_per_month","30","Willow","Adult","StreamPower"
"266",Nov 2002,2002,11,"slice1","J01-070","days_per_month","30","Willow","Adult","StreamPower"
"267",Nov 2003,2003,11,"slice1","J01-070","days_per_month","30","Willow","Adult","StreamPower"
"268",Nov 2004,2004,11,"slice1","J01-070","days_per_month","30","Willow","Adult","StreamPower"
"269",Nov 2005,2005,11,"slice1","J01-070","days_per_month","30","Willow","Adult","StreamPower"
"270",Nov 2006,2006,11,"slice1","J01-070","days_per_month","30","Willow","Adult","StreamPower"
"271",Nov 2007,2007,11,"slice1","J01-070","days_per_month","30","Willow","Adult","StreamPower"
"272",Nov 2008,2008,11,"slice1","J01-070","days_per_month","30","Willow","Adult","StreamPower"
"273",Nov 2009,2009,11,"slice1","J01-070","days_per_month","30","Willow","Adult","StreamPower"
"274",Nov 2010,2010,11,"slice1","J01-070","days_per_month","30","Willow","Adult","StreamPower"
"275",Nov 2011,2011,11,"slice1","J01-070","days_per_month","30","Willow","Adult","StreamPower"
"276",Nov 2012,2012,11,"slice1","J01-070","days_per_month","30","Willow","Adult","StreamPower"
"277",Nov 2013,2013,11,"slice1","J01-070","days_per_month","30","Willow","Adult","StreamPower"
"278",Nov 2014,2014,11,"slice1","J01-070","days_per_month","30","Willow","Adult","StreamPower"
"279",Nov 2015,2015,11,"slice1","J01-070","days_per_month","30","Willow","Adult","StreamPower"
"280",Nov 2016,2016,11,"slice1","J01-070","days_per_month","30","Willow","Adult","StreamPower"
"281",Nov 2017,2017,11,"slice1","J01-070","days_per_month","30","Willow","Adult","StreamPower"
"282",Nov 2018,2018,11,"slice1","J01-070","days_per_month","30","Willow","Adult","StreamPower"
"283",Dec 1993,1993,12,"slice1","J01-070","days_per_month","31","Willow","Adult","StreamPower"
"284",Dec 1994,1994,12,"slice1","J01-070","days_per_month","31","Willow","Adult","StreamPower"
"285",Dec 1995,1995,12,"slice1","J01-070","days_per_month","31","Willow","Adult","StreamPower"
"286",Dec 1996,1996,12,"slice1","J01-070","days_per_month","31","Willow","Adult","StreamPower"
"287",Dec 1997,1997,12,"slice1","J01-070","days_per_month","31","Willow","Adult","StreamPower"
"288",Dec 1998,1998,12,"slice1","J01-070","days_per_month","31","Willow","Adult","StreamPower"
"289",Dec 1999,1999,12,"slice1","J01-070","days_per_month","31","Willow","Adult","StreamPower"
"290",Dec 2000,2000,12,"slice1","J01-070","days_per_month","31","Willow","Adult","StreamPower"
"291",Dec 2001,2001,12,"slice1","J01-070","days_per_month","31","Willow","Adult","StreamPower"
"292",Dec 2002,2002,12,"slice1","J01-070","days_per_month","31","Willow","Adult","StreamPower"
"293",Dec 2003,2003,12,"slice1","J01-070","days_per_month","31","Willow","Adult","StreamPower"
"294",Dec 2004,2004,12,"slice1","J01-070","days_per_month","31","Willow","Adult","StreamPower"
"295",Dec 2005,2005,12,"slice1","J01-070","days_per_month","31","Willow","Adult","StreamPower"
"296",Dec 2006,2006,12,"slice1","J01-070","days_per_month","31","Willow","Adult","StreamPower"
"297",Dec 2007,2007,12,"slice1","J01-070","days_per_month","31","Willow","Adult","StreamPower"
"298",Dec 2008,2008,12,"slice1","J01-070","days_per_month","31","Willow","Adult","StreamPower"
"299",Dec 2009,2009,12,"slice1","J01-070","days_per_month","31","Willow","Adult","StreamPower"
"300",Dec 2010,2010,12,"slice1","J01-070","days_per_month","31","Willow","Adult","StreamPower"
"301",Dec 2011,2011,12,"slice1","J01-070","days_per_month","31","Willow","Adult","StreamPower"
"302",Dec 2012,2012,12,"slice1","J01-070","days_per_month","31","Willow","Adult","StreamPower"
"303",Dec 2013,2013,12,"slice1","J01-070","days_per_month","31","Willow","Adult","StreamPower"
"304",Dec 2014,2014,12,"slice1","J01-070","days_per_month","31","Willow","Adult","StreamPower"
"305",Dec 2015,2015,12,"slice1","J01-070","days_per_month","31","Willow","Adult","StreamPower"
"306",Dec 2016,2016,12,"slice1","J01-070","days_per_month","31","Willow","Adult","StreamPower"
"307",Dec 2017,2017,12,"slice1","J01-070","days_per_month","31","Willow","Adult","StreamPower"
"308",Dec 2018,2018,12,"slice1","J01-070","days_per_month","31","Willow","Adult","StreamPower"
"309",Jan 1993,1993,1,"slice1","J01-070","season","non_critical","Willow","Adult","StreamPower"
"310",Jan 1994,1994,1,"slice1","J01-070","season","non_critical","Willow","Adult","StreamPower"
"311",Jan 1995,1995,1,"slice1","J01-070","season","non_critical","Willow","Adult","StreamPower"
"312",Jan 1996,1996,1,"slice1","J01-070","season","non_critical","Willow","Adult","StreamPower"
"313",Jan 1997,1997,1,"slice1","J01-070","season","non_critical","Willow","Adult","StreamPower"
"314",Jan 1998,1998,1,"slice1","J01-070","season","non_critical","Willow","Adult","StreamPower"
"315",Jan 1999,1999,1,"slice1","J01-070","season","non_critical","Willow","Adult","StreamPower"
"316",Jan 2000,2000,1,"slice1","J01-070","season","non_critical","Willow","Adult","StreamPower"
"317",Jan 2001,2001,1,"slice1","J01-070","season","non_critical","Willow","Adult","StreamPower"
"318",Jan 2002,2002,1,"slice1","J01-070","season","non_critical","Willow","Adult","StreamPower"
"319",Jan 2003,2003,1,"slice1","J01-070","season","non_critical","Willow","Adult","StreamPower"
"320",Jan 2004,2004,1,"slice1","J01-070","season","non_critical","Willow","Adult","StreamPower"
"321",Jan 2005,2005,1,"slice1","J01-070","season","non_critical","Willow","Adult","StreamPower"
"322",Jan 2006,2006,1,"slice1","J01-070","season","non_critical","Willow","Adult","StreamPower"
"323",Jan 2007,2007,1,"slice1","J01-070","season","non_critical","Willow","Adult","StreamPower"
"324",Jan 2008,2008,1,"slice1","J01-070","season","non_critical","Willow","Adult","StreamPower"
"325",Jan 2009,2009,1,"slice1","J01-070","season","non_critical","Willow","Adult","StreamPower"
"326",Jan 2010,2010,1,"slice1","J01-070","season","non_critical","Willow","Adult","StreamPower"
"327",Jan 2011,2011,1,"slice1","J01-070","season","non_critical","Willow","Adult","StreamPower"
"328",Jan 2012,2012,1,"slice1","J01-070","season","non_critical","Willow","Adult","StreamPower"
"329",Jan 2013,2013,1,"slice1","J01-070","season","non_critical","Willow","Adult","StreamPower"
"330",Jan 2014,2014,1,"slice1","J01-070","season","non_critical","Willow","Adult","StreamPower"
"331",Jan 2015,2015,1,"slice1","J01-070","season","non_critical","Willow","Adult","StreamPower"
"332",Jan 2016,2016,1,"slice1","J01-070","season","non_critical","Willow","Adult","StreamPower"
"333",Jan 2017,2017,1,"slice1","J01-070","season","non_critical","Willow","Adult","StreamPower"
"334",Jan 2018,2018,1,"slice1","J01-070","season","non_critical","Willow","Adult","StreamPower"
"335",Feb 1993,1993,2,"slice1","J01-070","season","non_critical","Willow","Adult","StreamPower"
"336",Feb 1994,1994,2,"slice1","J01-070","season","non_critical","Willow","Adult","StreamPower"
"337",Feb 1995,1995,2,"slice1","J01-070","season","non_critical","Willow","Adult","StreamPower"
"338",Feb 1996,1996,2,"slice1","J01-070","season","non_critical","Willow","Adult","StreamPower"
"339",Feb 1997,1997,2,"slice1","J01-070","season","non_critical","Willow","Adult","StreamPower"
"340",Feb 1998,1998,2,"slice1","J01-070","season","non_critical","Willow","Adult","StreamPower"
"341",Feb 1999,1999,2,"slice1","J01-070","season","non_critical","Willow","Adult","StreamPower"
"342",Feb 2000,2000,2,"slice1","J01-070","season","non_critical","Willow","Adult","StreamPower"
"343",Feb 2001,2001,2,"slice1","J01-070","season","non_critical","Willow","Adult","StreamPower"
"344",Feb 2002,2002,2,"slice1","J01-070","season","non_critical","Willow","Adult","StreamPower"
"345",Feb 2003,2003,2,"slice1","J01-070","season","non_critical","Willow","Adult","StreamPower"
"346",Feb 2004,2004,2,"slice1","J01-070","season","non_critical","Willow","Adult","StreamPower"
"347",Feb 2005,2005,2,"slice1","J01-070","season","non_critical","Willow","Adult","StreamPower"
"348",Feb 2006,2006,2,"slice1","J01-070","season","non_critical","Willow","Adult","StreamPower"
"349",Feb 2007,2007,2,"slice1","J01-070","season","non_critical","Willow","Adult","StreamPower"
"350",Feb 2008,2008,2,"slice1","J01-070","season","non_critical","Willow","Adult","StreamPower"
"351",Feb 2009,2009,2,"slice1","J01-070","season","non_critical","Willow","Adult","StreamPower"
"352",Feb 2010,2010,2,"slice1","J01-070","season","non_critical","Willow","Adult","StreamPower"
"353",Feb 2011,2011,2,"slice1","J01-070","season","non_critical","Willow","Adult","StreamPower"
"354",Feb 2012,2012,2,"slice1","J01-070","season","non_critical","Willow","Adult","StreamPower"
"355",Feb 2013,2013,2,"slice1","J01-070","season","non_critical","Willow","Adult","StreamPower"
"356",Feb 2014,2014,2,"slice1","J01-070","season","non_critical","Willow","Adult","StreamPower"
"357",Feb 2015,2015,2,"slice1","J01-070","season","non_critical","Willow","Adult","StreamPower"
"358",Feb 2016,2016,2,"slice1","J01-070","season","non_critical","Willow","Adult","StreamPower"
"359",Feb 2017,2017,2,"slice1","J01-070","season","non_critical","Willow","Adult","StreamPower"
"360",Feb 2018,2018,2,"slice1","J01-070","season","non_critical","Willow","Adult","StreamPower"
"361",Mar 1993,1993,3,"slice1","J01-070","season","non_critical","Willow","Adult","StreamPower"
"362",Mar 1994,1994,3,"slice1","J01-070","season","non_critical","Willow","Adult","StreamPower"
"363",Mar 1995,1995,3,"slice1","J01-070","season","non_critical","Willow","Adult","StreamPower"
"364",Mar 1996,1996,3,"slice1","J01-070","season","non_critical","Willow","Adult","StreamPower"
"365",Mar 1997,1997,3,"slice1","J01-070","season","non_critical","Willow","Adult","StreamPower"
"366",Mar 1998,1998,3,"slice1","J01-070","season","non_critical","Willow","Adult","StreamPower"
"367",Mar 1999,1999,3,"slice1","J01-070","season","non_critical","Willow","Adult","StreamPower"
"368",Mar 2000,2000,3,"slice1","J01-070","season","non_critical","Willow","Adult","StreamPower"
"369",Mar 2001,2001,3,"slice1","J01-070","season","non_critical","Willow","Adult","StreamPower"
"370",Mar 2002,2002,3,"slice1","J01-070","season","non_critical","Willow","Adult","StreamPower"
"371",Mar 2003,2003,3,"slice1","J01-070","season","non_critical","Willow","Adult","StreamPower"
"372",Mar 2004,2004,3,"slice1","J01-070","season","non_critical","Willow","Adult","StreamPower"
"373",Mar 2005,2005,3,"slice1","J01-070","season","non_critical","Willow","Adult","StreamPower"
"374",Mar 2006,2006,3,"slice1","J01-070","season","non_critical","Willow","Adult","StreamPower"
"375",Mar 2007,2007,3,"slice1","J01-070","season","non_critical","Willow","Adult","StreamPower"
"376",Mar 2008,2008,3,"slice1","J01-070","season","non_critical","Willow","Adult","StreamPower"
"377",Mar 2009,2009,3,"slice1","J01-070","season","non_critical","Willow","Adult","StreamPower"
"378",Mar 2010,2010,3,"slice1","J01-070","season","non_critical","Willow","Adult","StreamPower"
"379",Mar 2011,2011,3,"slice1","J01-070","season","non_critical","Willow","Adult","StreamPower"
"380",Mar 2012,2012,3,"slice1","J01-070","season","non_critical","Willow","Adult","StreamPower"
"381",Mar 2013,2013,3,"slice1","J01-070","season","non_critical","Willow","Adult","StreamPower"
"382",Mar 2014,2014,3,"slice1","J01-070","season","non_critical","Willow","Adult","StreamPower"
"383",Mar 2015,2015,3,"slice1","J01-070","season","non_critical","Willow","Adult","StreamPower"
"384",Mar 2016,2016,3,"slice1","J01-070","season","non_critical","Willow","Adult","StreamPower"
"385",Mar 2017,2017,3,"slice1","J01-070","season","non_critical","Willow","Adult","StreamPower"
"386",Mar 2018,2018,3,"slice1","J01-070","season","non_critical","Willow","Adult","StreamPower"
"387",Apr 1993,1993,4,"slice1","J01-070","season","critical","Willow","Adult","StreamPower"
"388",Apr 1994,1994,4,"slice1","J01-070","season","critical","Willow","Adult","StreamPower"
"389",Apr 1995,1995,4,"slice1","J01-070","season","critical","Willow","Adult","StreamPower"
"390",Apr 1996,1996,4,"slice1","J01-070","season","critical","Willow","Adult","StreamPower"
"391",Apr 1997,1997,4,"slice1","J01-070","season","critical","Willow","Adult","StreamPower"
"392",Apr 1998,1998,4,"slice1","J01-070","season","critical","Willow","Adult","StreamPower"
"393",Apr 1999,1999,4,"slice1","J01-070","season","critical","Willow","Adult","StreamPower"
"394",Apr 2000,2000,4,"slice1","J01-070","season","critical","Willow","Adult","StreamPower"
"395",Apr 2001,2001,4,"slice1","J01-070","season","critical","Willow","Adult","StreamPower"
"396",Apr 2002,2002,4,"slice1","J01-070","season","critical","Willow","Adult","StreamPower"
"397",Apr 2003,2003,4,"slice1","J01-070","season","critical","Willow","Adult","StreamPower"
"398",Apr 2004,2004,4,"slice1","J01-070","season","critical","Willow","Adult","StreamPower"
"399",Apr 2005,2005,4,"slice1","J01-070","season","critical","Willow","Adult","StreamPower"
"400",Apr 2006,2006,4,"slice1","J01-070","season","critical","Willow","Adult","StreamPower"
"401",Apr 2007,2007,4,"slice1","J01-070","season","critical","Willow","Adult","StreamPower"
"402",Apr 2008,2008,4,"slice1","J01-070","season","critical","Willow","Adult","StreamPower"
"403",Apr 2009,2009,4,"slice1","J01-070","season","critical","Willow","Adult","StreamPower"
"404",Apr 2010,2010,4,"slice1","J01-070","season","critical","Willow","Adult","StreamPower"
"405",Apr 2011,2011,4,"slice1","J01-070","season","critical","Willow","Adult","StreamPower"
"406",Apr 2012,2012,4,"slice1","J01-070","season","critical","Willow","Adult","StreamPower"
"407",Apr 2013,2013,4,"slice1","J01-070","season","critical","Willow","Adult","StreamPower"
"408",Apr 2014,2014,4,"slice1","J01-070","season","critical","Willow","Adult","StreamPower"
"409",Apr 2015,2015,4,"slice1","J01-070","season","critical","Willow","Adult","StreamPower"
"410",Apr 2016,2016,4,"slice1","J01-070","season","critical","Willow","Adult","StreamPower"
"411",Apr 2017,2017,4,"slice1","J01-070","season","critical","Willow","Adult","StreamPower"
"412",Apr 2018,2018,4,"slice1","J01-070","season","critical","Willow","Adult","StreamPower"
"413",May 1993,1993,5,"slice1","J01-070","season","critical","Willow","Adult","StreamPower"
"414",May 1994,1994,5,"slice1","J01-070","season","critical","Willow","Adult","StreamPower"
"415",May 1995,1995,5,"slice1","J01-070","season","critical","Willow","Adult","StreamPower"
"416",May 1996,1996,5,"slice1","J01-070","season","critical","Willow","Adult","StreamPower"
"417",May 1997,1997,5,"slice1","J01-070","season","critical","Willow","Adult","StreamPower"
"418",May 1998,1998,5,"slice1","J01-070","season","critical","Willow","Adult","StreamPower"
"419",May 1999,1999,5,"slice1","J01-070","season","critical","Willow","Adult","StreamPower"
"420",May 2000,2000,5,"slice1","J01-070","season","critical","Willow","Adult","StreamPower"
"421",May 2001,2001,5,"slice1","J01-070","season","critical","Willow","Adult","StreamPower"
"422",May 2002,2002,5,"slice1","J01-070","season","critical","Willow","Adult","StreamPower"
"423",May 2003,2003,5,"slice1","J01-070","season","critical","Willow","Adult","StreamPower"
"424",May 2004,2004,5,"slice1","J01-070","season","critical","Willow","Adult","StreamPower"
"425",May 2005,2005,5,"slice1","J01-070","season","critical","Willow","Adult","StreamPower"
"426",May 2006,2006,5,"slice1","J01-070","season","critical","Willow","Adult","StreamPower"
"427",May 2007,2007,5,"slice1","J01-070","season","critical","Willow","Adult","StreamPower"
"428",May 2008,2008,5,"slice1","J01-070","season","critical","Willow","Adult","StreamPower"
"429",May 2009,2009,5,"slice1","J01-070","season","critical","Willow","Adult","StreamPower"
"430",May 2010,2010,5,"slice1","J01-070","season","critical","Willow","Adult","StreamPower"
"431",May 2011,2011,5,"slice1","J01-070","season","critical","Willow","Adult","StreamPower"
"432",May 2012,2012,5,"slice1","J01-070","season","critical","Willow","Adult","StreamPower"
"433",May 2013,2013,5,"slice1","J01-070","season","critical","Willow","Adult","StreamPower"
"434",May 2014,2014,5,"slice1","J01-070","season","critical","Willow","Adult","StreamPower"
"435",May 2015,2015,5,"slice1","J01-070","season","critical","Willow","Adult","StreamPower"
"436",May 2016,2016,5,"slice1","J01-070","season","critical","Willow","Adult","StreamPower"
"437",May 2017,2017,5,"slice1","J01-070","season","critical","Willow","Adult","StreamPower"
"438",May 2018,2018,5,"slice1","J01-070","season","critical","Willow","Adult","StreamPower"
"439",Jun 1993,1993,6,"slice1","J01-070","season","critical","Willow","Adult","StreamPower"
"440",Jun 1994,1994,6,"slice1","J01-070","season","critical","Willow","Adult","StreamPower"
"441",Jun 1995,1995,6,"slice1","J01-070","season","critical","Willow","Adult","StreamPower"
"442",Jun 1996,1996,6,"slice1","J01-070","season","critical","Willow","Adult","StreamPower"
"443",Jun 1997,1997,6,"slice1","J01-070","season","critical","Willow","Adult","StreamPower"
"444",Jun 1998,1998,6,"slice1","J01-070","season","critical","Willow","Adult","StreamPower"
"445",Jun 1999,1999,6,"slice1","J01-070","season","critical","Willow","Adult","StreamPower"
"446",Jun 2000,2000,6,"slice1","J01-070","season","critical","Willow","Adult","StreamPower"
"447",Jun 2001,2001,6,"slice1","J01-070","season","critical","Willow","Adult","StreamPower"
"448",Jun 2002,2002,6,"slice1","J01-070","season","critical","Willow","Adult","StreamPower"
"449",Jun 2003,2003,6,"slice1","J01-070","season","critical","Willow","Adult","StreamPower"
"450",Jun 2004,2004,6,"slice1","J01-070","season","critical","Willow","Adult","StreamPower"
"451",Jun 2005,2005,6,"slice1","J01-070","season","critical","Willow","Adult","StreamPower"
"452",Jun 2006,2006,6,"slice1","J01-070","season","critical","Willow","Adult","StreamPower"
"453",Jun 2007,2007,6,"slice1","J01-070","season","critical","Willow","Adult","StreamPower"
"454",Jun 2008,2008,6,"slice1","J01-070","season","critical","Willow","Adult","StreamPower"
"455",Jun 2009,2009,6,"slice1","J01-070","season","critical","Willow","Adult","StreamPower"
"456",Jun 2010,2010,6,"slice1","J01-070","season","critical","Willow","Adult","StreamPower"
"457",Jun 2011,2011,6,"slice1","J01-070","season","critical","Willow","Adult","StreamPower"
"458",Jun 2012,2012,6,"slice1","J01-070","season","critical","Willow","Adult","StreamPower"
"459",Jun 2013,2013,6,"slice1","J01-070","season","critical","Willow","Adult","StreamPower"
"460",Jun 2014,2014,6,"slice1","J01-070","season","critical","Willow","Adult","StreamPower"
"461",Jun 2015,2015,6,"slice1","J01-070","season","critical","Willow","Adult","StreamPower"
"462",Jun 2016,2016,6,"slice1","J01-070","season","critical","Willow","Adult","StreamPower"
"463",Jun 2017,2017,6,"slice1","J01-070","season","critical","Willow","Adult","StreamPower"
"464",Jul 1993,1993,7,"slice1","J01-070","season","critical","Willow","Adult","StreamPower"
"465",Jul 1994,1994,7,"slice1","J01-070","season","critical","Willow","Adult","StreamPower"
"466",Jul 1995,1995,7,"slice1","J01-070","season","critical","Willow","Adult","StreamPower"
"467",Jul 1996,1996,7,"slice1","J01-070","season","critical","Willow","Adult","StreamPower"
"468",Jul 1997,1997,7,"slice1","J01-070","season","critical","Willow","Adult","StreamPower"
"469",Jul 1998,1998,7,"slice1","J01-070","season","critical","Willow","Adult","StreamPower"
"470",Jul 1999,1999,7,"slice1","J01-070","season","critical","Willow","Adult","StreamPower"
"471",Jul 2000,2000,7,"slice1","J01-070","season","critical","Willow","Adult","StreamPower"
"472",Jul 2001,2001,7,"slice1","J01-070","season","critical","Willow","Adult","StreamPower"
"473",Jul 2002,2002,7,"slice1","J01-070","season","critical","Willow","Adult","StreamPower"
"474",Jul 2003,2003,7,"slice1","J01-070","season","critical","Willow","Adult","StreamPower"
"475",Jul 2004,2004,7,"slice1","J01-070","season","critical","Willow","Adult","StreamPower"
"476",Jul 2005,2005,7,"slice1","J01-070","season","critical","Willow","Adult","StreamPower"
"477",Jul 2006,2006,7,"slice1","J01-070","season","critical","Willow","Adult","StreamPower"
"478",Jul 2007,2007,7,"slice1","J01-070","season","critical","Willow","Adult","StreamPower"
"479",Jul 2008,2008,7,"slice1","J01-070","season","critical","Willow","Adult","StreamPower"
"480",Jul 2009,2009,7,"slice1","J01-070","season","critical","Willow","Adult","StreamPower"
"481",Jul 2010,2010,7,"slice1","J01-070","season","critical","Willow","Adult","StreamPower"
"482",Jul 2011,2011,7,"slice1","J01-070","season","critical","Willow","Adult","StreamPower"
"483",Jul 2012,2012,7,"slice1","J01-070","season","critical","Willow","Adult","StreamPower"
"484",Jul 2013,2013,7,"slice1","J01-070","season","critical","Willow","Adult","StreamPower"
"485",Jul 2014,2014,7,"slice1","J01-070","season","critical","Willow","Adult","StreamPower"
"486",Jul 2015,2015,7,"slice1","J01-070","season","critical","Willow","Adult","StreamPower"
"487",Jul 2016,2016,7,"slice1","J01-070","season","critical","Willow","Adult","StreamPower"
"488",Jul 2017,2017,7,"slice1","J01-070","season","critical","Willow","Adult","StreamPower"
"489",Aug 1993,1993,8,"slice1","J01-070","season","critical","Willow","Adult","StreamPower"
"490",Aug 1994,1994,8,"slice1","J01-070","season","critical","Willow","Adult","StreamPower"
"491",Aug 1995,1995,8,"slice1","J01-070","season","critical","Willow","Adult","StreamPower"
"492",Aug 1996,1996,8,"slice1","J01-070","season","critical","Willow","Adult","StreamPower"
"493",Aug 1997,1997,8,"slice1","J01-070","season","critical","Willow","Adult","StreamPower"
"494",Aug 1998,1998,8,"slice1","J01-070","season","critical","Willow","Adult","StreamPower"
"495",Aug 1999,1999,8,"slice1","J01-070","season","critical","Willow","Adult","StreamPower"
"496",Aug 2000,2000,8,"slice1","J01-070","season","critical","Willow","Adult","StreamPower"
"497",Aug 2001,2001,8,"slice1","J01-070","season","critical","Willow","Adult","StreamPower"
"498",Aug 2002,2002,8,"slice1","J01-070","season","critical","Willow","Adult","StreamPower"
"499",Aug 2003,2003,8,"slice1","J01-070","season","critical","Willow","Adult","StreamPower"
"500",Aug 2004,2004,8,"slice1","J01-070","season","critical","Willow","Adult","StreamPower"
"501",Aug 2005,2005,8,"slice1","J01-070","season","critical","Willow","Adult","StreamPower"
"502",Aug 2006,2006,8,"slice1","J01-070","season","critical","Willow","Adult","StreamPower"
"503",Aug 2007,2007,8,"slice1","J01-070","season","critical","Willow","Adult","StreamPower"
"504",Aug 2008,2008,8,"slice1","J01-070","season","critical","Willow","Adult","StreamPower"
"505",Aug 2009,2009,8,"slice1","J01-070","season","critical","Willow","Adult","StreamPower"
"506",Aug 2010,2010,8,"slice1","J01-070","season","critical","Willow","Adult","StreamPower"
"507",Aug 2011,2011,8,"slice1","J01-070","season","critical","Willow","Adult","StreamPower"
"508",Aug 2012,2012,8,"slice1","J01-070","season","critical","Willow","Adult","StreamPower"
"509",Aug 2013,2013,8,"slice1","J01-070","season","critical","Willow","Adult","StreamPower"
"510",Aug 2014,2014,8,"slice1","J01-070","season","critical","Willow","Adult","StreamPower"
"511",Aug 2015,2015,8,"slice1","J01-070","season","critical","Willow","Adult","StreamPower"
"512",Aug 2016,2016,8,"slice1","J01-070","season","critical","Willow","Adult","StreamPower"
"513",Aug 2017,2017,8,"slice1","J01-070","season","critical","Willow","Adult","StreamPower"
"514",Sep 1993,1993,9,"slice1","J01-070","season","critical","Willow","Adult","StreamPower"
"515",Sep 1994,1994,9,"slice1","J01-070","season","critical","Willow","Adult","StreamPower"
"516",Sep 1995,1995,9,"slice1","J01-070","season","critical","Willow","Adult","StreamPower"
"517",Sep 1996,1996,9,"slice1","J01-070","season","critical","Willow","Adult","StreamPower"
"518",Sep 1997,1997,9,"slice1","J01-070","season","critical","Willow","Adult","StreamPower"
"519",Sep 1998,1998,9,"slice1","J01-070","season","critical","Willow","Adult","StreamPower"
"520",Sep 1999,1999,9,"slice1","J01-070","season","critical","Willow","Adult","StreamPower"
"521",Sep 2000,2000,9,"slice1","J01-070","season","critical","Willow","Adult","StreamPower"
"522",Sep 2001,2001,9,"slice1","J01-070","season","critical","Willow","Adult","StreamPower"
"523",Sep 2002,2002,9,"slice1","J01-070","season","critical","Willow","Adult","StreamPower"
"524",Sep 2003,2003,9,"slice1","J01-070","season","critical","Willow","Adult","StreamPower"
"525",Sep 2004,2004,9,"slice1","J01-070","season","critical","Willow","Adult","StreamPower"
"526",Sep 2005,2005,9,"slice1","J01-070","season","critical","Willow","Adult","StreamPower"
"527",Sep 2006,2006,9,"slice1","J01-070","season","critical","Willow","Adult","StreamPower"
"528",Sep 2007,2007,9,"slice1","J01-070","season","critical","Willow","Adult","StreamPower"
"529",Sep 2008,2008,9,"slice1","J01-070","season","critical","Willow","Adult","StreamPower"
"530",Sep 2009,2009,9,"slice1","J01-070","season","critical","Willow","Adult","StreamPower"
"531",Sep 2010,2010,9,"slice1","J01-070","season","critical","Willow","Adult","StreamPower"
"532",Sep 2011,2011,9,"slice1","J01-070","season","critical","Willow","Adult","StreamPower"
"533",Sep 2012,2012,9,"slice1","J01-070","season","critical","Willow","Adult","StreamPower"
"534",Sep 2013,2013,9,"slice1","J01-070","season","critical","Willow","Adult","StreamPower"
"535",Sep 2014,2014,9,"slice1","J01-070","season","critical","Willow","Adult","StreamPower"
"536",Sep 2015,2015,9,"slice1","J01-070","season","critical","Willow","Adult","StreamPower"
"537",Sep 2016,2016,9,"slice1","J01-070","season","critical","Willow","Adult","StreamPower"
"538",Sep 2017,2017,9,"slice1","J01-070","season","critical","Willow","Adult","StreamPower"
"539",Oct 1993,1993,10,"slice1","J01-070","season","non_critical","Willow","Adult","StreamPower"
"540",Oct 1994,1994,10,"slice1","J01-070","season","non_critical","Willow","Adult","StreamPower"
"541",Oct 1995,1995,10,"slice1","J01-070","season","non_critical","Willow","Adult","StreamPower"
"542",Oct 1996,1996,10,"slice1","J01-070","season","non_critical","Willow","Adult","StreamPower"
"543",Oct 1997,1997,10,"slice1","J01-070","season","non_critical","Willow","Adult","StreamPower"
"544",Oct 1998,1998,10,"slice1","J01-070","season","non_critical","Willow","Adult","StreamPower"
"545",Oct 1999,1999,10,"slice1","J01-070","season","non_critical","Willow","Adult","StreamPower"
"546",Oct 2000,2000,10,"slice1","J01-070","season","non_critical","Willow","Adult","StreamPower"
"547",Oct 2001,2001,10,"slice1","J01-070","season","non_critical","Willow","Adult","StreamPower"
"548",Oct 2002,2002,10,"slice1","J01-070","season","non_critical","Willow","Adult","StreamPower"
"549",Oct 2003,2003,10,"slice1","J01-070","season","non_critical","Willow","Adult","StreamPower"
"550",Oct 2004,2004,10,"slice1","J01-070","season","non_critical","Willow","Adult","StreamPower"
"551",Oct 2005,2005,10,"slice1","J01-070","season","non_critical","Willow","Adult","StreamPower"
"552",Oct 2006,2006,10,"slice1","J01-070","season","non_critical","Willow","Adult","StreamPower"
"553",Oct 2007,2007,10,"slice1","J01-070","season","non_critical","Willow","Adult","StreamPower"
"554",Oct 2008,2008,10,"slice1","J01-070","season","non_critical","Willow","Adult","StreamPower"
"555",Oct 2009,2009,10,"slice1","J01-070","season","non_critical","Willow","Adult","StreamPower"
"556",Oct 2010,2010,10,"slice1","J01-070","season","non_critical","Willow","Adult","StreamPower"
"557",Oct 2011,2011,10,"slice1","J01-070","season","non_critical","Willow","Adult","StreamPower"
"558",Oct 2012,2012,10,"slice1","J01-070","season","non_critical","Willow","Adult","StreamPower"
"559",Oct 2013,2013,10,"slice1","J01-070","season","non_critical","Willow","Adult","StreamPower"
"560",Oct 2014,2014,10,"slice1","J01-070","season","non_critical","Willow","Adult","StreamPower"
"561",Oct 2015,2015,10,"slice1","J01-070","season","non_critical","Willow","Adult","StreamPower"
"562",Oct 2016,2016,10,"slice1","J01-070","season","non_critical","Willow","Adult","StreamPower"
"563",Oct 2017,2017,10,"slice1","J01-070","season","non_critical","Willow","Adult","StreamPower"
"564",Oct 2018,2018,10,"slice1","J01-070","season","non_critical","Willow","Adult","StreamPower"
"565",Nov 1993,1993,11,"slice1","J01-070","season","non_critical","Willow","Adult","StreamPower"
"566",Nov 1994,1994,11,"slice1","J01-070","season","non_critical","Willow","Adult","StreamPower"
"567",Nov 1995,1995,11,"slice1","J01-070","season","non_critical","Willow","Adult","StreamPower"
"568",Nov 1996,1996,11,"slice1","J01-070","season","non_critical","Willow","Adult","StreamPower"
"569",Nov 1997,1997,11,"slice1","J01-070","season","non_critical","Willow","Adult","StreamPower"
"570",Nov 1998,1998,11,"slice1","J01-070","season","non_critical","Willow","Adult","StreamPower"
"571",Nov 1999,1999,11,"slice1","J01-070","season","non_critical","Willow","Adult","StreamPower"
"572",Nov 2000,2000,11,"slice1","J01-070","season","non_critical","Willow","Adult","StreamPower"
"573",Nov 2001,2001,11,"slice1","J01-070","season","non_critical","Willow","Adult","StreamPower"
"574",Nov 2002,2002,11,"slice1","J01-070","season","non_critical","Willow","Adult","StreamPower"
"575",Nov 2003,2003,11,"slice1","J01-070","season","non_critical","Willow","Adult","StreamPower"
"576",Nov 2004,2004,11,"slice1","J01-070","season","non_critical","Willow","Adult","StreamPower"
"577",Nov 2005,2005,11,"slice1","J01-070","season","non_critical","Willow","Adult","StreamPower"
"578",Nov 2006,2006,11,"slice1","J01-070","season","non_critical","Willow","Adult","StreamPower"
"579",Nov 2007,2007,11,"slice1","J01-070","season","non_critical","Willow","Adult","StreamPower"
"580",Nov 2008,2008,11,"slice1","J01-070","season","non_critical","Willow","Adult","StreamPower"
"581",Nov 2009,2009,11,"slice1","J01-070","season","non_critical","Willow","Adult","StreamPower"
"582",Nov 2010,2010,11,"slice1","J01-070","season","non_critical","Willow","Adult","StreamPower"
"583",Nov 2011,2011,11,"slice1","J01-070","season","non_critical","Willow","Adult","StreamPower"
"584",Nov 2012,2012,11,"slice1","J01-070","season","non_critical","Willow","Adult","StreamPower"
"585",Nov 2013,2013,11,"slice1","J01-070","season","non_critical","Willow","Adult","StreamPower"
"586",Nov 2014,2014,11,"slice1","J01-070","season","non_critical","Willow","Adult","StreamPower"
"587",Nov 2015,2015,11,"slice1","J01-070","season","non_critical","Willow","Adult","StreamPower"
"588",Nov 2016,2016,11,"slice1","J01-070","season","non_critical","Willow","Adult","StreamPower"
"589",Nov 2017,2017,11,"slice1","J01-070","season","non_critical","Willow","Adult","StreamPower"
"590",Nov 2018,2018,11,"slice1","J01-070","season","non_critical","Willow","Adult","StreamPower"
"591",Dec 1993,1993,12,"slice1","J01-070","season","non_critical","Willow","Adult","StreamPower"
"592",Dec 1994,1994,12,"slice1","J01-070","season","non_critical","Willow","Adult","StreamPower"
"593",Dec 1995,1995,12,"slice1","J01-070","season","non_critical","Willow","Adult","StreamPower"
"594",Dec 1996,1996,12,"slice1","J01-070","season","non_critical","Willow","Adult","StreamPower"
"595",Dec 1997,1997,12,"slice1","J01-070","season","non_critical","Willow","Adult","StreamPower"
"596",Dec 1998,1998,12,"slice1","J01-070","season","non_critical","Willow","Adult","StreamPower"
"597",Dec 1999,1999,12,"slice1","J01-070","season","non_critical","Willow","Adult","StreamPower"
"598",Dec 2000,2000,12,"slice1","J01-070","season","non_critical","Willow","Adult","StreamPower"
"599",Dec 2001,2001,12,"slice1","J01-070","season","non_critical","Willow","Adult","StreamPower"
"600",Dec 2002,2002,12,"slice1","J01-070","season","non_critical","Willow","Adult","StreamPower"
"601",Dec 2003,2003,12,"slice1","J01-070","season","non_critical","Willow","Adult","StreamPower"
"602",Dec 2004,2004,12,"slice1","J01-070","season","non_critical","Willow","Adult","StreamPower"
"603",Dec 2005,2005,12,"slice1","J01-070","season","non_critical","Willow","Adult","StreamPower"
"604",Dec 2006,2006,12,"slice1","J01-070","season","non_critical","Willow","Adult","StreamPower"
"605",Dec 2007,2007,12,"slice1","J01-070","season","non_critical","Willow","Adult","StreamPower"
"606",Dec 2008,2008,12,"slice1","J01-070","season","non_critical","Willow","Adult","StreamPower"
"607",Dec 2009,2009,12,"slice1","J01-070","season","non_critical","Willow","Adult","StreamPower"
"608",Dec 2010,2010,12,"slice1","J01-070","season","non_critical","Willow","Adult","StreamPower"
"609",Dec 2011,2011,12,"slice1","J01-070","season","non_critical","Willow","Adult","StreamPower"
"610",Dec 2012,2012,12,"slice1","J01-070","season","non_critical","Willow","Adult","StreamPower"
"611",Dec 2013,2013,12,"slice1","J01-070","season","non_critical","Willow","Adult","StreamPower"
"612",Dec 2014,2014,12,"slice1","J01-070","season","non_critical","Willow","Adult","StreamPower"
"613",Dec 2015,2015,12,"slice1","J01-070","season","non_critical","Willow","Adult","StreamPower"
"614",Dec 2016,2016,12,"slice1","J01-070","season","non_critical","Willow","Adult","StreamPower"
"615",Dec 2017,2017,12,"slice1","J01-070","season","non_critical","Willow","Adult","StreamPower"
"616",Dec 2018,2018,12,"slice1","J01-070","season","non_critical","Willow","Adult","StreamPower"
