"","Species","Life_Stage","Hydraulic","TimePeriod","position","Node","Overall_Class"
"1","Chub","Adult","Depth","Annual","slice1","J01-010","Low"
"2","Chub","Adult","Depth","Annual","slice1","J01-020","Low"
"3","Chub","Adult","Depth","Annual","slice1","J01-030","Low"
"4","Chub","Adult","Depth","Annual","slice1","J01-031","Low"
"5","Chub","Adult","Depth","Annual","slice1","J01-040","Low"
"6","Chub","Adult","Depth","Annual","slice1","J01-041","Low"
"7","Chub","Adult","Depth","Annual","slice1","J01-060","Low"
"8","Chub","Adult","Depth","Annual","slice1","J01-061","Low"
"9","Chub","Adult","Depth","Annual","slice1","J01-062","Low"
"10","Chub","Adult","Depth","Annual","slice1","J01-070","Low"
"11","Chub","Adult","Depth","Annual","slice1","J01-080","Low"
"12","Chub","Adult","Depth","Annual","slice1","J01-090","Low"
"13","Chub","Adult","Depth","Annual","slice1","J01-091","Low"
"14","Chub","Adult","Depth","Annual","slice1","J01-100","Low"
"15","Chub","Adult","Depth","Annual","slice1","J03-010","Low"
"16","Chub","Adult","Depth","Annual","slice1","J04-010","Low"
"17","Chub","Adult","Depth","Annual","slice1","J05-010","Low"
"18","Chub","Adult","Depth","Annual","slice1","J07-010","Low"
"19","Chub","Adult","Depth","Annual","slice1","L01-060","Low"
"20","Chub","Adult","Depth","Annual","slice1","L01-080","Low"
"21","Chub","Adult","Depth","Annual","slice1","L01-100","Low"
"22","Chub","Adult","Depth","Annual","slice1","L02-010","Low"
"23","Chub","Adult","Depth","Annual","slice1","L02-020","Low"
"24","Chub","Adult","Depth","Annual","slice1","L02-021","Low"
"25","Chub","Adult","Depth","Annual","slice1","L02-022","Low"
"26","Chub","Adult","Depth","Annual","slice1","L02-023","Low"
"27","Chub","Adult","Depth","Annual","slice1","L02-030","Low"
"28","Chub","Adult","Depth","Annual","slice1","L02-031","Low"
"29","Chub","Adult","Depth","Annual","slice1","L02-040","Low"
"30","Chub","Adult","Depth","Annual","slice1","L02-041","Low"
"31","Chub","Adult","Depth","Annual","slice1","L02-050","Low"
"32","Chub","Adult","Depth","Annual","slice1","L02-051","Low"
"33","Chub","Adult","Depth","Annual","slice2","J01-010","Low"
"34","Chub","Adult","Depth","Annual","slice2","J01-020","Low"
"35","Chub","Adult","Depth","Annual","slice2","J01-030","Low"
"36","Chub","Adult","Depth","Annual","slice2","J01-031","Low"
"37","Chub","Adult","Depth","Annual","slice2","J01-040","Low"
"38","Chub","Adult","Depth","Annual","slice2","J01-041","Low"
"39","Chub","Adult","Depth","Annual","slice2","J01-060","Low"
"40","Chub","Adult","Depth","Annual","slice2","J01-061","Low"
"41","Chub","Adult","Depth","Annual","slice2","J01-080","Low"
"42","Chub","Adult","Depth","Annual","slice2","J01-090","Low"
"43","Chub","Adult","Depth","Annual","slice2","J01-091","Low"
"44","Chub","Adult","Depth","Annual","slice2","J01-100","Low"
"45","Chub","Adult","Depth","Annual","slice2","J03-010","Low"
"46","Chub","Adult","Depth","Annual","slice2","J04-010","Low"
"47","Chub","Adult","Depth","Annual","slice2","J05-010","Low"
"48","Chub","Adult","Depth","Annual","slice2","J07-010","Low"
"49","Chub","Adult","Depth","Annual","slice2","L01-060","Low"
"50","Chub","Adult","Depth","Annual","slice2","L01-080","Low"
"51","Chub","Adult","Depth","Annual","slice2","L01-100","Low"
"52","Chub","Adult","Depth","Annual","slice2","L02-010","Low"
"53","Chub","Adult","Depth","Annual","slice2","L02-020","Low"
"54","Chub","Adult","Depth","Annual","slice2","L02-021","Low"
"55","Chub","Adult","Depth","Annual","slice2","L02-022","Low"
"56","Chub","Adult","Depth","Annual","slice2","L02-023","Low"
"57","Chub","Adult","Depth","Annual","slice2","L02-030","Low"
"58","Chub","Adult","Depth","Annual","slice2","L02-031","Low"
"59","Chub","Adult","Depth","Annual","slice2","L02-040","Low"
"60","Chub","Adult","Depth","Annual","slice2","L02-041","Low"
"61","Chub","Adult","Depth","Annual","slice2","L02-050","Low"
"62","Chub","Adult","Depth","Annual","slice2","L02-051","Low"
"63","Chub","Adult","Depth","Annual","slice3","J01-010","Low"
"64","Chub","Adult","Depth","Annual","slice3","J01-020","Low"
"65","Chub","Adult","Depth","Annual","slice3","J01-030","Low"
"66","Chub","Adult","Depth","Annual","slice3","J01-031","Low"
"67","Chub","Adult","Depth","Annual","slice3","J01-040","Low"
"68","Chub","Adult","Depth","Annual","slice3","J01-041","Low"
"69","Chub","Adult","Depth","Annual","slice3","J01-060","Low"
"70","Chub","Adult","Depth","Annual","slice3","J01-061","Low"
"71","Chub","Adult","Depth","Annual","slice3","J01-080","Low"
"72","Chub","Adult","Depth","Annual","slice3","J01-091","Low"
"73","Chub","Adult","Depth","Annual","slice3","J01-100","Low"
"74","Chub","Adult","Depth","Annual","slice3","J03-010","Low"
"75","Chub","Adult","Depth","Annual","slice3","J04-010","Low"
"76","Chub","Adult","Depth","Annual","slice3","J05-010","Low"
"77","Chub","Adult","Depth","Annual","slice3","J07-010","Low"
"78","Chub","Adult","Depth","Annual","slice3","L01-060","Low"
"79","Chub","Adult","Depth","Annual","slice3","L01-080","Low"
"80","Chub","Adult","Depth","Annual","slice3","L01-100","Low"
"81","Chub","Adult","Depth","Annual","slice3","L02-010","Low"
"82","Chub","Adult","Depth","Annual","slice3","L02-020","Low"
"83","Chub","Adult","Depth","Annual","slice3","L02-021","Low"
"84","Chub","Adult","Depth","Annual","slice3","L02-022","Low"
"85","Chub","Adult","Depth","Annual","slice3","L02-023","Low"
"86","Chub","Adult","Depth","Annual","slice3","L02-030","Low"
"87","Chub","Adult","Depth","Annual","slice3","L02-031","Low"
"88","Chub","Adult","Depth","Annual","slice3","L02-040","Low"
"89","Chub","Adult","Depth","Annual","slice3","L02-041","Low"
"90","Chub","Adult","Depth","Annual","slice3","L02-050","Low"
"91","Chub","Adult","Depth","Annual","slice3","L02-051","Low"
"92","Chub","Adult","Depth","Annual","slice4","J01-020","Low"
"93","Chub","Adult","Depth","Annual","slice4","J01-030","Low"
"94","Chub","Adult","Depth","Annual","slice4","J01-040","Low"
"95","Chub","Adult","Depth","Annual","slice4","J04-010","Low"
"96","Chub","Adult","Depth","Annual","slice4","J05-010","Low"
"97","Chub","Adult","Depth","Annual","slice4","L01-100","Low"
"98","Chub","Adult","Depth","Annual","slice4","L02-021","Low"
"99","Chub","Adult","Depth","Annual","slice4","L02-022","Low"
"100","Chub","Adult","Depth","Annual","slice4","L02-023","Low"
"101","Chub","Adult","Depth","Annual","slice4","L02-031","Low"
"102","Chub","Adult","Depth","Annual","slice4","L02-040","Low"
"103","Chub","Adult","Depth","Annual","slice5","J01-030","Low"
"104","Chub","Adult","Depth","Annual","slice5","J01-040","Low"
"105","Chub","Adult","Depth","Annual","slice5","L02-022","Low"
"106","Chub","Adult","Depth","Annual","slice6","L02-022","Low"
"107","Chub","Adult","Velocity","Annual","slice1","J01-010","Low"
"108","Chub","Adult","Velocity","Annual","slice1","J01-020","Low"
"109","Chub","Adult","Velocity","Annual","slice1","J01-030","Low"
"110","Chub","Adult","Velocity","Annual","slice1","J01-031","Low"
"111","Chub","Adult","Velocity","Annual","slice1","J01-040","Low"
"112","Chub","Adult","Velocity","Annual","slice1","J01-041","Low"
"113","Chub","Adult","Velocity","Annual","slice1","J01-060","Low"
"114","Chub","Adult","Velocity","Annual","slice1","J01-061","Low"
"115","Chub","Adult","Velocity","Annual","slice1","J01-062","Low"
"116","Chub","Adult","Velocity","Annual","slice1","J01-070","High"
"117","Chub","Adult","Velocity","Annual","slice1","J01-080","Low"
"118","Chub","Adult","Velocity","Annual","slice1","J01-090","Low"
"119","Chub","Adult","Velocity","Annual","slice1","J01-091","Low"
"120","Chub","Adult","Velocity","Annual","slice1","J01-100","Low"
"121","Chub","Adult","Velocity","Annual","slice1","J03-010","Low"
"122","Chub","Adult","Velocity","Annual","slice1","J04-010","Low"
"123","Chub","Adult","Velocity","Annual","slice1","J05-010","High"
"124","Chub","Adult","Velocity","Annual","slice1","J07-010","Low"
"125","Chub","Adult","Velocity","Annual","slice1","L01-060","Low"
"126","Chub","Adult","Velocity","Annual","slice1","L01-080","Low"
"127","Chub","Adult","Velocity","Annual","slice1","L01-100","Low"
"128","Chub","Adult","Velocity","Annual","slice1","L02-010","Low"
"129","Chub","Adult","Velocity","Annual","slice1","L02-020","Partial"
"130","Chub","Adult","Velocity","Annual","slice1","L02-021","Low"
"131","Chub","Adult","Velocity","Annual","slice1","L02-022","Low"
"132","Chub","Adult","Velocity","Annual","slice1","L02-023","Low"
"133","Chub","Adult","Velocity","Annual","slice1","L02-030","Low"
"134","Chub","Adult","Velocity","Annual","slice1","L02-031","Low"
"135","Chub","Adult","Velocity","Annual","slice1","L02-040","Low"
"136","Chub","Adult","Velocity","Annual","slice1","L02-041","Low"
"137","Chub","Adult","Velocity","Annual","slice1","L02-050","Low"
"138","Chub","Adult","Velocity","Annual","slice1","L02-051","Low"
"139","Chub","Adult","Velocity","Annual","slice2","J01-010","Low"
"140","Chub","Adult","Velocity","Annual","slice2","J01-020","Low"
"141","Chub","Adult","Velocity","Annual","slice2","J01-030","Low"
"142","Chub","Adult","Velocity","Annual","slice2","J01-031","Low"
"143","Chub","Adult","Velocity","Annual","slice2","J01-040","Low"
"144","Chub","Adult","Velocity","Annual","slice2","J01-041","High"
"145","Chub","Adult","Velocity","Annual","slice2","J01-060","Low"
"146","Chub","Adult","Velocity","Annual","slice2","J01-061","Low"
"147","Chub","Adult","Velocity","Annual","slice2","J01-080","High"
"148","Chub","Adult","Velocity","Annual","slice2","J01-090","High"
"149","Chub","Adult","Velocity","Annual","slice2","J01-091","High"
"150","Chub","Adult","Velocity","Annual","slice2","J01-100","High"
"151","Chub","Adult","Velocity","Annual","slice2","J03-010","High"
"152","Chub","Adult","Velocity","Annual","slice2","J04-010","Low"
"153","Chub","Adult","Velocity","Annual","slice2","J05-010","Low"
"154","Chub","Adult","Velocity","Annual","slice2","J07-010","Low"
"155","Chub","Adult","Velocity","Annual","slice2","L01-060","Low"
"156","Chub","Adult","Velocity","Annual","slice2","L01-080","Low"
"157","Chub","Adult","Velocity","Annual","slice2","L01-100","Low"
"158","Chub","Adult","Velocity","Annual","slice2","L02-010","High"
"159","Chub","Adult","Velocity","Annual","slice2","L02-020","Low"
"160","Chub","Adult","Velocity","Annual","slice2","L02-021","Low"
"161","Chub","Adult","Velocity","Annual","slice2","L02-022","Low"
"162","Chub","Adult","Velocity","Annual","slice2","L02-023","Low"
"163","Chub","Adult","Velocity","Annual","slice2","L02-030","Partial"
"164","Chub","Adult","Velocity","Annual","slice2","L02-031","Partial"
"165","Chub","Adult","Velocity","Annual","slice2","L02-040","Low"
"166","Chub","Adult","Velocity","Annual","slice2","L02-041","Low"
"167","Chub","Adult","Velocity","Annual","slice2","L02-050","Low"
"168","Chub","Adult","Velocity","Annual","slice2","L02-051","Low"
"169","Chub","Adult","Velocity","Annual","slice3","J01-010","Low"
"170","Chub","Adult","Velocity","Annual","slice3","J01-020","High"
"171","Chub","Adult","Velocity","Annual","slice3","J01-030","High"
"172","Chub","Adult","Velocity","Annual","slice3","J01-031","Low"
"173","Chub","Adult","Velocity","Annual","slice3","J01-040","Low"
"174","Chub","Adult","Velocity","Annual","slice3","J01-041","Low"
"175","Chub","Adult","Velocity","Annual","slice3","J01-060","Low"
"176","Chub","Adult","Velocity","Annual","slice3","J01-061","Low"
"177","Chub","Adult","Velocity","Annual","slice3","J01-080","Low"
"178","Chub","Adult","Velocity","Annual","slice3","J01-091","Low"
"179","Chub","Adult","Velocity","Annual","slice3","J01-100","Low"
"180","Chub","Adult","Velocity","Annual","slice3","J03-010","Low"
"181","Chub","Adult","Velocity","Annual","slice3","J04-010","High"
"182","Chub","Adult","Velocity","Annual","slice3","J05-010","Low"
"183","Chub","Adult","Velocity","Annual","slice3","J07-010","Low"
"184","Chub","Adult","Velocity","Annual","slice3","L01-060","Low"
"185","Chub","Adult","Velocity","Annual","slice3","L01-080","High"
"186","Chub","Adult","Velocity","Annual","slice3","L01-100","Low"
"187","Chub","Adult","Velocity","Annual","slice3","L02-010","Partial"
"188","Chub","Adult","Velocity","Annual","slice3","L02-020","Low"
"189","Chub","Adult","Velocity","Annual","slice3","L02-021","Partial"
"190","Chub","Adult","Velocity","Annual","slice3","L02-022","Low"
"191","Chub","Adult","Velocity","Annual","slice3","L02-023","Low"
"192","Chub","Adult","Velocity","Annual","slice3","L02-030","Low"
"193","Chub","Adult","Velocity","Annual","slice3","L02-031","Low"
"194","Chub","Adult","Velocity","Annual","slice3","L02-040","Low"
"195","Chub","Adult","Velocity","Annual","slice3","L02-041","Low"
"196","Chub","Adult","Velocity","Annual","slice3","L02-050","Partial"
"197","Chub","Adult","Velocity","Annual","slice3","L02-051","Low"
"198","Chub","Adult","Velocity","Annual","slice4","J01-020","Low"
"199","Chub","Adult","Velocity","Annual","slice4","J01-030","Low"
"200","Chub","Adult","Velocity","Annual","slice4","J01-040","High"
"201","Chub","Adult","Velocity","Annual","slice4","J04-010","Low"
"202","Chub","Adult","Velocity","Annual","slice4","J05-010","Low"
"203","Chub","Adult","Velocity","Annual","slice4","L01-100","Low"
"204","Chub","Adult","Velocity","Annual","slice4","L02-021","Low"
"205","Chub","Adult","Velocity","Annual","slice4","L02-022","Low"
"206","Chub","Adult","Velocity","Annual","slice4","L02-023","Partial"
"207","Chub","Adult","Velocity","Annual","slice4","L02-031","Partial"
"208","Chub","Adult","Velocity","Annual","slice4","L02-040","Partial"
"209","Chub","Adult","Velocity","Annual","slice5","J01-030","Low"
"210","Chub","Adult","Velocity","Annual","slice5","J01-040","Low"
"211","Chub","Adult","Velocity","Annual","slice5","L02-022","Low"
"212","Chub","Adult","Velocity","Annual","slice6","L02-022","Partial"
"213","Toad","Breeding/Eggs","Depth","Seasonal","slice1","J01-010","High"
"214","Toad","Breeding/Eggs","Depth","Seasonal","slice1","J01-020","High"
"215","Toad","Breeding/Eggs","Depth","Seasonal","slice1","J01-030","High"
"216","Toad","Breeding/Eggs","Depth","Seasonal","slice1","J01-031","High"
"217","Toad","Breeding/Eggs","Depth","Seasonal","slice1","J01-040","High"
"218","Toad","Breeding/Eggs","Depth","Seasonal","slice1","J01-041","High"
"219","Toad","Breeding/Eggs","Depth","Seasonal","slice1","J01-060","High"
"220","Toad","Breeding/Eggs","Depth","Seasonal","slice1","J01-061","High"
"221","Toad","Breeding/Eggs","Depth","Seasonal","slice1","J01-062","High"
"222","Toad","Breeding/Eggs","Depth","Seasonal","slice1","J01-070","High"
"223","Toad","Breeding/Eggs","Depth","Seasonal","slice1","J01-080","High"
"224","Toad","Breeding/Eggs","Depth","Seasonal","slice1","J01-090","High"
"225","Toad","Breeding/Eggs","Depth","Seasonal","slice1","J01-091","High"
"226","Toad","Breeding/Eggs","Depth","Seasonal","slice1","J01-100","High"
"227","Toad","Breeding/Eggs","Depth","Seasonal","slice1","J03-010","High"
"228","Toad","Breeding/Eggs","Depth","Seasonal","slice1","J04-010","High"
"229","Toad","Breeding/Eggs","Depth","Seasonal","slice1","J05-010","High"
"230","Toad","Breeding/Eggs","Depth","Seasonal","slice1","J07-010","High"
"231","Toad","Breeding/Eggs","Depth","Seasonal","slice1","L01-060","Partial"
"232","Toad","Breeding/Eggs","Depth","Seasonal","slice1","L01-080","High"
"233","Toad","Breeding/Eggs","Depth","Seasonal","slice1","L01-100","Low"
"234","Toad","Breeding/Eggs","Depth","Seasonal","slice1","L02-010","High"
"235","Toad","Breeding/Eggs","Depth","Seasonal","slice1","L02-020","Partial"
"236","Toad","Breeding/Eggs","Depth","Seasonal","slice1","L02-021","Partial"
"237","Toad","Breeding/Eggs","Depth","Seasonal","slice1","L02-022","Partial"
"238","Toad","Breeding/Eggs","Depth","Seasonal","slice1","L02-023","High"
"239","Toad","Breeding/Eggs","Depth","Seasonal","slice1","L02-030","Partial"
"240","Toad","Breeding/Eggs","Depth","Seasonal","slice1","L02-031","High"
"241","Toad","Breeding/Eggs","Depth","Seasonal","slice1","L02-040","Partial"
"242","Toad","Breeding/Eggs","Depth","Seasonal","slice1","L02-041","Low"
"243","Toad","Breeding/Eggs","Depth","Seasonal","slice1","L02-050","Low"
"244","Toad","Breeding/Eggs","Depth","Seasonal","slice1","L02-051","Low"
"245","Toad","Breeding/Eggs","Depth","Seasonal","slice2","J01-010","High"
"246","Toad","Breeding/Eggs","Depth","Seasonal","slice2","J01-020","High"
"247","Toad","Breeding/Eggs","Depth","Seasonal","slice2","J01-030","High"
"248","Toad","Breeding/Eggs","Depth","Seasonal","slice2","J01-031","High"
"249","Toad","Breeding/Eggs","Depth","Seasonal","slice2","J01-040","High"
"250","Toad","Breeding/Eggs","Depth","Seasonal","slice2","J01-041","High"
"251","Toad","Breeding/Eggs","Depth","Seasonal","slice2","J01-060","High"
"252","Toad","Breeding/Eggs","Depth","Seasonal","slice2","J01-061","High"
"253","Toad","Breeding/Eggs","Depth","Seasonal","slice2","J01-080","High"
"254","Toad","Breeding/Eggs","Depth","Seasonal","slice2","J01-090","High"
"255","Toad","Breeding/Eggs","Depth","Seasonal","slice2","J01-091","High"
"256","Toad","Breeding/Eggs","Depth","Seasonal","slice2","J01-100","High"
"257","Toad","Breeding/Eggs","Depth","Seasonal","slice2","J03-010","High"
"258","Toad","Breeding/Eggs","Depth","Seasonal","slice2","J04-010","High"
"259","Toad","Breeding/Eggs","Depth","Seasonal","slice2","J05-010","High"
"260","Toad","Breeding/Eggs","Depth","Seasonal","slice2","J07-010","High"
"261","Toad","Breeding/Eggs","Depth","Seasonal","slice2","L01-060","Partial"
"262","Toad","Breeding/Eggs","Depth","Seasonal","slice2","L01-080","High"
"263","Toad","Breeding/Eggs","Depth","Seasonal","slice2","L01-100","Low"
"264","Toad","Breeding/Eggs","Depth","Seasonal","slice2","L02-010","High"
"265","Toad","Breeding/Eggs","Depth","Seasonal","slice2","L02-020","Partial"
"266","Toad","Breeding/Eggs","Depth","Seasonal","slice2","L02-021","Partial"
"267","Toad","Breeding/Eggs","Depth","Seasonal","slice2","L02-022","Partial"
"268","Toad","Breeding/Eggs","Depth","Seasonal","slice2","L02-023","High"
"269","Toad","Breeding/Eggs","Depth","Seasonal","slice2","L02-030","Partial"
"270","Toad","Breeding/Eggs","Depth","Seasonal","slice2","L02-031","High"
"271","Toad","Breeding/Eggs","Depth","Seasonal","slice2","L02-040","Partial"
"272","Toad","Breeding/Eggs","Depth","Seasonal","slice2","L02-041","Low"
"273","Toad","Breeding/Eggs","Depth","Seasonal","slice2","L02-050","Low"
"274","Toad","Breeding/Eggs","Depth","Seasonal","slice2","L02-051","Low"
"275","Toad","Breeding/Eggs","Depth","Seasonal","slice3","J01-010","High"
"276","Toad","Breeding/Eggs","Depth","Seasonal","slice3","J01-020","High"
"277","Toad","Breeding/Eggs","Depth","Seasonal","slice3","J01-030","High"
"278","Toad","Breeding/Eggs","Depth","Seasonal","slice3","J01-031","High"
"279","Toad","Breeding/Eggs","Depth","Seasonal","slice3","J01-040","High"
"280","Toad","Breeding/Eggs","Depth","Seasonal","slice3","J01-041","High"
"281","Toad","Breeding/Eggs","Depth","Seasonal","slice3","J01-060","High"
"282","Toad","Breeding/Eggs","Depth","Seasonal","slice3","J01-061","High"
"283","Toad","Breeding/Eggs","Depth","Seasonal","slice3","J01-080","High"
"284","Toad","Breeding/Eggs","Depth","Seasonal","slice3","J01-091","High"
"285","Toad","Breeding/Eggs","Depth","Seasonal","slice3","J01-100","High"
"286","Toad","Breeding/Eggs","Depth","Seasonal","slice3","J03-010","High"
"287","Toad","Breeding/Eggs","Depth","Seasonal","slice3","J04-010","High"
"288","Toad","Breeding/Eggs","Depth","Seasonal","slice3","J05-010","High"
"289","Toad","Breeding/Eggs","Depth","Seasonal","slice3","J07-010","High"
"290","Toad","Breeding/Eggs","Depth","Seasonal","slice3","L01-060","Partial"
"291","Toad","Breeding/Eggs","Depth","Seasonal","slice3","L01-080","High"
"292","Toad","Breeding/Eggs","Depth","Seasonal","slice3","L01-100","Low"
"293","Toad","Breeding/Eggs","Depth","Seasonal","slice3","L02-010","High"
"294","Toad","Breeding/Eggs","Depth","Seasonal","slice3","L02-020","Partial"
"295","Toad","Breeding/Eggs","Depth","Seasonal","slice3","L02-021","Partial"
"296","Toad","Breeding/Eggs","Depth","Seasonal","slice3","L02-022","Partial"
"297","Toad","Breeding/Eggs","Depth","Seasonal","slice3","L02-023","High"
"298","Toad","Breeding/Eggs","Depth","Seasonal","slice3","L02-030","Partial"
"299","Toad","Breeding/Eggs","Depth","Seasonal","slice3","L02-031","High"
"300","Toad","Breeding/Eggs","Depth","Seasonal","slice3","L02-040","Partial"
"301","Toad","Breeding/Eggs","Depth","Seasonal","slice3","L02-041","Low"
"302","Toad","Breeding/Eggs","Depth","Seasonal","slice3","L02-050","Low"
"303","Toad","Breeding/Eggs","Depth","Seasonal","slice3","L02-051","Low"
"304","Toad","Breeding/Eggs","Depth","Seasonal","slice4","J01-020","High"
"305","Toad","Breeding/Eggs","Depth","Seasonal","slice4","J01-030","High"
"306","Toad","Breeding/Eggs","Depth","Seasonal","slice4","J01-040","High"
"307","Toad","Breeding/Eggs","Depth","Seasonal","slice4","J04-010","High"
"308","Toad","Breeding/Eggs","Depth","Seasonal","slice4","J05-010","High"
"309","Toad","Breeding/Eggs","Depth","Seasonal","slice4","L01-100","Low"
"310","Toad","Breeding/Eggs","Depth","Seasonal","slice4","L02-021","Partial"
"311","Toad","Breeding/Eggs","Depth","Seasonal","slice4","L02-022","Partial"
"312","Toad","Breeding/Eggs","Depth","Seasonal","slice4","L02-023","High"
"313","Toad","Breeding/Eggs","Depth","Seasonal","slice4","L02-031","High"
"314","Toad","Breeding/Eggs","Depth","Seasonal","slice4","L02-040","Partial"
"315","Toad","Breeding/Eggs","Depth","Seasonal","slice5","J01-030","High"
"316","Toad","Breeding/Eggs","Depth","Seasonal","slice5","J01-040","High"
"317","Toad","Breeding/Eggs","Depth","Seasonal","slice5","L02-022","Partial"
"318","Toad","Breeding/Eggs","Depth","Seasonal","slice6","L02-022","Partial"
"319","Toad","Breeding/Eggs","Velocity","Seasonal","slice1","J01-010","Low"
"320","Toad","Breeding/Eggs","Velocity","Seasonal","slice1","J01-020","High"
"321","Toad","Breeding/Eggs","Velocity","Seasonal","slice1","J01-030","High"
"322","Toad","Breeding/Eggs","Velocity","Seasonal","slice1","J01-031","High"
"323","Toad","Breeding/Eggs","Velocity","Seasonal","slice1","J01-040","High"
"324","Toad","Breeding/Eggs","Velocity","Seasonal","slice1","J01-041","High"
"325","Toad","Breeding/Eggs","Velocity","Seasonal","slice1","J01-060","High"
"326","Toad","Breeding/Eggs","Velocity","Seasonal","slice1","J01-061","High"
"327","Toad","Breeding/Eggs","Velocity","Seasonal","slice1","J01-062","High"
"328","Toad","Breeding/Eggs","Velocity","Seasonal","slice1","J01-070","Low"
"329","Toad","Breeding/Eggs","Velocity","Seasonal","slice1","J01-080","High"
"330","Toad","Breeding/Eggs","Velocity","Seasonal","slice1","J01-090","High"
"331","Toad","Breeding/Eggs","Velocity","Seasonal","slice1","J01-091","High"
"332","Toad","Breeding/Eggs","Velocity","Seasonal","slice1","J01-100","High"
"333","Toad","Breeding/Eggs","Velocity","Seasonal","slice1","J03-010","High"
"334","Toad","Breeding/Eggs","Velocity","Seasonal","slice1","J04-010","High"
"335","Toad","Breeding/Eggs","Velocity","Seasonal","slice1","J05-010","Low"
"336","Toad","Breeding/Eggs","Velocity","Seasonal","slice1","J07-010","Low"
"337","Toad","Breeding/Eggs","Velocity","Seasonal","slice1","L01-060","Partial"
"338","Toad","Breeding/Eggs","Velocity","Seasonal","slice1","L01-080","High"
"339","Toad","Breeding/Eggs","Velocity","Seasonal","slice1","L01-100","Low"
"340","Toad","Breeding/Eggs","Velocity","Seasonal","slice1","L02-010","High"
"341","Toad","Breeding/Eggs","Velocity","Seasonal","slice1","L02-020","Low"
"342","Toad","Breeding/Eggs","Velocity","Seasonal","slice1","L02-021","Partial"
"343","Toad","Breeding/Eggs","Velocity","Seasonal","slice1","L02-022","Partial"
"344","Toad","Breeding/Eggs","Velocity","Seasonal","slice1","L02-023","High"
"345","Toad","Breeding/Eggs","Velocity","Seasonal","slice1","L02-030","Partial"
"346","Toad","Breeding/Eggs","Velocity","Seasonal","slice1","L02-031","High"
"347","Toad","Breeding/Eggs","Velocity","Seasonal","slice1","L02-040","Partial"
"348","Toad","Breeding/Eggs","Velocity","Seasonal","slice1","L02-041","Low"
"349","Toad","Breeding/Eggs","Velocity","Seasonal","slice1","L02-050","Low"
"350","Toad","Breeding/Eggs","Velocity","Seasonal","slice1","L02-051","Low"
"351","Toad","Breeding/Eggs","Velocity","Seasonal","slice2","J01-010","Low"
"352","Toad","Breeding/Eggs","Velocity","Seasonal","slice2","J01-020","High"
"353","Toad","Breeding/Eggs","Velocity","Seasonal","slice2","J01-030","High"
"354","Toad","Breeding/Eggs","Velocity","Seasonal","slice2","J01-031","Low"
"355","Toad","Breeding/Eggs","Velocity","Seasonal","slice2","J01-040","Low"
"356","Toad","Breeding/Eggs","Velocity","Seasonal","slice2","J01-041","Low"
"357","Toad","Breeding/Eggs","Velocity","Seasonal","slice2","J01-060","Low"
"358","Toad","Breeding/Eggs","Velocity","Seasonal","slice2","J01-061","Low"
"359","Toad","Breeding/Eggs","Velocity","Seasonal","slice2","J01-080","Low"
"360","Toad","Breeding/Eggs","Velocity","Seasonal","slice2","J01-090","Low"
"361","Toad","Breeding/Eggs","Velocity","Seasonal","slice2","J01-091","Low"
"362","Toad","Breeding/Eggs","Velocity","Seasonal","slice2","J01-100","Low"
"363","Toad","Breeding/Eggs","Velocity","Seasonal","slice2","J03-010","Low"
"364","Toad","Breeding/Eggs","Velocity","Seasonal","slice2","J04-010","High"
"365","Toad","Breeding/Eggs","Velocity","Seasonal","slice2","J05-010","High"
"366","Toad","Breeding/Eggs","Velocity","Seasonal","slice2","J07-010","High"
"367","Toad","Breeding/Eggs","Velocity","Seasonal","slice2","L01-060","Low"
"368","Toad","Breeding/Eggs","Velocity","Seasonal","slice2","L01-080","High"
"369","Toad","Breeding/Eggs","Velocity","Seasonal","slice2","L01-100","Low"
"370","Toad","Breeding/Eggs","Velocity","Seasonal","slice2","L02-010","Low"
"371","Toad","Breeding/Eggs","Velocity","Seasonal","slice2","L02-020","Partial"
"372","Toad","Breeding/Eggs","Velocity","Seasonal","slice2","L02-021","Partial"
"373","Toad","Breeding/Eggs","Velocity","Seasonal","slice2","L02-022","Partial"
"374","Toad","Breeding/Eggs","Velocity","Seasonal","slice2","L02-023","High"
"375","Toad","Breeding/Eggs","Velocity","Seasonal","slice2","L02-030","Low"
"376","Toad","Breeding/Eggs","Velocity","Seasonal","slice2","L02-031","Partial"
"377","Toad","Breeding/Eggs","Velocity","Seasonal","slice2","L02-040","Partial"
"378","Toad","Breeding/Eggs","Velocity","Seasonal","slice2","L02-041","Low"
"379","Toad","Breeding/Eggs","Velocity","Seasonal","slice2","L02-050","Low"
"380","Toad","Breeding/Eggs","Velocity","Seasonal","slice2","L02-051","Low"
"381","Toad","Breeding/Eggs","Velocity","Seasonal","slice3","J01-010","Partial"
"382","Toad","Breeding/Eggs","Velocity","Seasonal","slice3","J01-020","Low"
"383","Toad","Breeding/Eggs","Velocity","Seasonal","slice3","J01-030","Low"
"384","Toad","Breeding/Eggs","Velocity","Seasonal","slice3","J01-031","High"
"385","Toad","Breeding/Eggs","Velocity","Seasonal","slice3","J01-040","Partial"
"386","Toad","Breeding/Eggs","Velocity","Seasonal","slice3","J01-041","High"
"387","Toad","Breeding/Eggs","Velocity","Seasonal","slice3","J01-060","High"
"388","Toad","Breeding/Eggs","Velocity","Seasonal","slice3","J01-061","High"
"389","Toad","Breeding/Eggs","Velocity","Seasonal","slice3","J01-080","High"
"390","Toad","Breeding/Eggs","Velocity","Seasonal","slice3","J01-091","High"
"391","Toad","Breeding/Eggs","Velocity","Seasonal","slice3","J01-100","High"
"392","Toad","Breeding/Eggs","Velocity","Seasonal","slice3","J03-010","High"
"393","Toad","Breeding/Eggs","Velocity","Seasonal","slice3","J04-010","Low"
"394","Toad","Breeding/Eggs","Velocity","Seasonal","slice3","J05-010","High"
"395","Toad","Breeding/Eggs","Velocity","Seasonal","slice3","J07-010","High"
"396","Toad","Breeding/Eggs","Velocity","Seasonal","slice3","L01-060","Partial"
"397","Toad","Breeding/Eggs","Velocity","Seasonal","slice3","L01-080","Low"
"398","Toad","Breeding/Eggs","Velocity","Seasonal","slice3","L01-100","Low"
"399","Toad","Breeding/Eggs","Velocity","Seasonal","slice3","L02-010","Low"
"400","Toad","Breeding/Eggs","Velocity","Seasonal","slice3","L02-020","Partial"
"401","Toad","Breeding/Eggs","Velocity","Seasonal","slice3","L02-021","Low"
"402","Toad","Breeding/Eggs","Velocity","Seasonal","slice3","L02-022","Partial"
"403","Toad","Breeding/Eggs","Velocity","Seasonal","slice3","L02-023","High"
"404","Toad","Breeding/Eggs","Velocity","Seasonal","slice3","L02-030","Partial"
"405","Toad","Breeding/Eggs","Velocity","Seasonal","slice3","L02-031","High"
"406","Toad","Breeding/Eggs","Velocity","Seasonal","slice3","L02-040","Partial"
"407","Toad","Breeding/Eggs","Velocity","Seasonal","slice3","L02-041","Low"
"408","Toad","Breeding/Eggs","Velocity","Seasonal","slice3","L02-050","Low"
"409","Toad","Breeding/Eggs","Velocity","Seasonal","slice3","L02-051","Low"
"410","Toad","Breeding/Eggs","Velocity","Seasonal","slice4","J01-020","Partial"
"411","Toad","Breeding/Eggs","Velocity","Seasonal","slice4","J01-030","High"
"412","Toad","Breeding/Eggs","Velocity","Seasonal","slice4","J01-040","Low"
"413","Toad","Breeding/Eggs","Velocity","Seasonal","slice4","J04-010","High"
"414","Toad","Breeding/Eggs","Velocity","Seasonal","slice4","J05-010","High"
"415","Toad","Breeding/Eggs","Velocity","Seasonal","slice4","L01-100","Low"
"416","Toad","Breeding/Eggs","Velocity","Seasonal","slice4","L02-021","Partial"
"417","Toad","Breeding/Eggs","Velocity","Seasonal","slice4","L02-022","Partial"
"418","Toad","Breeding/Eggs","Velocity","Seasonal","slice4","L02-023","Low"
"419","Toad","Breeding/Eggs","Velocity","Seasonal","slice4","L02-031","Partial"
"420","Toad","Breeding/Eggs","Velocity","Seasonal","slice4","L02-040","Low"
"421","Toad","Breeding/Eggs","Velocity","Seasonal","slice5","J01-030","High"
"422","Toad","Breeding/Eggs","Velocity","Seasonal","slice5","J01-040","High"
"423","Toad","Breeding/Eggs","Velocity","Seasonal","slice5","L02-022","Partial"
"424","Toad","Breeding/Eggs","Velocity","Seasonal","slice6","L02-022","Low"
"425","Toad","Tadpole","Depth","Seasonal","slice1","J01-010","High"
"426","Toad","Tadpole","Depth","Seasonal","slice1","J01-020","High"
"427","Toad","Tadpole","Depth","Seasonal","slice1","J01-030","High"
"428","Toad","Tadpole","Depth","Seasonal","slice1","J01-031","High"
"429","Toad","Tadpole","Depth","Seasonal","slice1","J01-040","High"
"430","Toad","Tadpole","Depth","Seasonal","slice1","J01-041","High"
"431","Toad","Tadpole","Depth","Seasonal","slice1","J01-060","High"
"432","Toad","Tadpole","Depth","Seasonal","slice1","J01-061","High"
"433","Toad","Tadpole","Depth","Seasonal","slice1","J01-062","High"
"434","Toad","Tadpole","Depth","Seasonal","slice1","J01-070","High"
"435","Toad","Tadpole","Depth","Seasonal","slice1","J01-080","High"
"436","Toad","Tadpole","Depth","Seasonal","slice1","J01-090","High"
"437","Toad","Tadpole","Depth","Seasonal","slice1","J01-091","High"
"438","Toad","Tadpole","Depth","Seasonal","slice1","J01-100","High"
"439","Toad","Tadpole","Depth","Seasonal","slice1","J03-010","High"
"440","Toad","Tadpole","Depth","Seasonal","slice1","J04-010","High"
"441","Toad","Tadpole","Depth","Seasonal","slice1","J05-010","High"
"442","Toad","Tadpole","Depth","Seasonal","slice1","J07-010","High"
"443","Toad","Tadpole","Depth","Seasonal","slice1","L01-060","Partial"
"444","Toad","Tadpole","Depth","Seasonal","slice1","L01-080","High"
"445","Toad","Tadpole","Depth","Seasonal","slice1","L01-100","Low"
"446","Toad","Tadpole","Depth","Seasonal","slice1","L02-010","High"
"447","Toad","Tadpole","Depth","Seasonal","slice1","L02-020","Partial"
"448","Toad","Tadpole","Depth","Seasonal","slice1","L02-021","Partial"
"449","Toad","Tadpole","Depth","Seasonal","slice1","L02-022","Partial"
"450","Toad","Tadpole","Depth","Seasonal","slice1","L02-023","High"
"451","Toad","Tadpole","Depth","Seasonal","slice1","L02-030","Partial"
"452","Toad","Tadpole","Depth","Seasonal","slice1","L02-031","High"
"453","Toad","Tadpole","Depth","Seasonal","slice1","L02-040","Partial"
"454","Toad","Tadpole","Depth","Seasonal","slice1","L02-041","Low"
"455","Toad","Tadpole","Depth","Seasonal","slice1","L02-050","Low"
"456","Toad","Tadpole","Depth","Seasonal","slice1","L02-051","Low"
"457","Toad","Tadpole","Depth","Seasonal","slice2","J01-010","High"
"458","Toad","Tadpole","Depth","Seasonal","slice2","J01-020","High"
"459","Toad","Tadpole","Depth","Seasonal","slice2","J01-030","High"
"460","Toad","Tadpole","Depth","Seasonal","slice2","J01-031","High"
"461","Toad","Tadpole","Depth","Seasonal","slice2","J01-040","High"
"462","Toad","Tadpole","Depth","Seasonal","slice2","J01-041","High"
"463","Toad","Tadpole","Depth","Seasonal","slice2","J01-060","High"
"464","Toad","Tadpole","Depth","Seasonal","slice2","J01-061","High"
"465","Toad","Tadpole","Depth","Seasonal","slice2","J01-080","High"
"466","Toad","Tadpole","Depth","Seasonal","slice2","J01-090","High"
"467","Toad","Tadpole","Depth","Seasonal","slice2","J01-091","High"
"468","Toad","Tadpole","Depth","Seasonal","slice2","J01-100","High"
"469","Toad","Tadpole","Depth","Seasonal","slice2","J03-010","High"
"470","Toad","Tadpole","Depth","Seasonal","slice2","J04-010","High"
"471","Toad","Tadpole","Depth","Seasonal","slice2","J05-010","High"
"472","Toad","Tadpole","Depth","Seasonal","slice2","J07-010","High"
"473","Toad","Tadpole","Depth","Seasonal","slice2","L01-060","Partial"
"474","Toad","Tadpole","Depth","Seasonal","slice2","L01-080","High"
"475","Toad","Tadpole","Depth","Seasonal","slice2","L01-100","Low"
"476","Toad","Tadpole","Depth","Seasonal","slice2","L02-010","High"
"477","Toad","Tadpole","Depth","Seasonal","slice2","L02-020","Partial"
"478","Toad","Tadpole","Depth","Seasonal","slice2","L02-021","Partial"
"479","Toad","Tadpole","Depth","Seasonal","slice2","L02-022","Partial"
"480","Toad","Tadpole","Depth","Seasonal","slice2","L02-023","High"
"481","Toad","Tadpole","Depth","Seasonal","slice2","L02-030","Partial"
"482","Toad","Tadpole","Depth","Seasonal","slice2","L02-031","High"
"483","Toad","Tadpole","Depth","Seasonal","slice2","L02-040","Partial"
"484","Toad","Tadpole","Depth","Seasonal","slice2","L02-041","Low"
"485","Toad","Tadpole","Depth","Seasonal","slice2","L02-050","Low"
"486","Toad","Tadpole","Depth","Seasonal","slice2","L02-051","Low"
"487","Toad","Tadpole","Depth","Seasonal","slice3","J01-010","High"
"488","Toad","Tadpole","Depth","Seasonal","slice3","J01-020","High"
"489","Toad","Tadpole","Depth","Seasonal","slice3","J01-030","High"
"490","Toad","Tadpole","Depth","Seasonal","slice3","J01-031","High"
"491","Toad","Tadpole","Depth","Seasonal","slice3","J01-040","High"
"492","Toad","Tadpole","Depth","Seasonal","slice3","J01-041","High"
"493","Toad","Tadpole","Depth","Seasonal","slice3","J01-060","High"
"494","Toad","Tadpole","Depth","Seasonal","slice3","J01-061","High"
"495","Toad","Tadpole","Depth","Seasonal","slice3","J01-080","High"
"496","Toad","Tadpole","Depth","Seasonal","slice3","J01-091","High"
"497","Toad","Tadpole","Depth","Seasonal","slice3","J01-100","High"
"498","Toad","Tadpole","Depth","Seasonal","slice3","J03-010","High"
"499","Toad","Tadpole","Depth","Seasonal","slice3","J04-010","High"
"500","Toad","Tadpole","Depth","Seasonal","slice3","J05-010","High"
"501","Toad","Tadpole","Depth","Seasonal","slice3","J07-010","High"
"502","Toad","Tadpole","Depth","Seasonal","slice3","L01-060","Partial"
"503","Toad","Tadpole","Depth","Seasonal","slice3","L01-080","High"
"504","Toad","Tadpole","Depth","Seasonal","slice3","L01-100","Low"
"505","Toad","Tadpole","Depth","Seasonal","slice3","L02-010","High"
"506","Toad","Tadpole","Depth","Seasonal","slice3","L02-020","Partial"
"507","Toad","Tadpole","Depth","Seasonal","slice3","L02-021","Partial"
"508","Toad","Tadpole","Depth","Seasonal","slice3","L02-022","Partial"
"509","Toad","Tadpole","Depth","Seasonal","slice3","L02-023","High"
"510","Toad","Tadpole","Depth","Seasonal","slice3","L02-030","Partial"
"511","Toad","Tadpole","Depth","Seasonal","slice3","L02-031","High"
"512","Toad","Tadpole","Depth","Seasonal","slice3","L02-040","Partial"
"513","Toad","Tadpole","Depth","Seasonal","slice3","L02-041","Low"
"514","Toad","Tadpole","Depth","Seasonal","slice3","L02-050","Low"
"515","Toad","Tadpole","Depth","Seasonal","slice3","L02-051","Low"
"516","Toad","Tadpole","Depth","Seasonal","slice4","J01-020","High"
"517","Toad","Tadpole","Depth","Seasonal","slice4","J01-030","High"
"518","Toad","Tadpole","Depth","Seasonal","slice4","J01-040","High"
"519","Toad","Tadpole","Depth","Seasonal","slice4","J04-010","High"
"520","Toad","Tadpole","Depth","Seasonal","slice4","J05-010","High"
"521","Toad","Tadpole","Depth","Seasonal","slice4","L01-100","Low"
"522","Toad","Tadpole","Depth","Seasonal","slice4","L02-021","Partial"
"523","Toad","Tadpole","Depth","Seasonal","slice4","L02-022","Partial"
"524","Toad","Tadpole","Depth","Seasonal","slice4","L02-023","High"
"525","Toad","Tadpole","Depth","Seasonal","slice4","L02-031","High"
"526","Toad","Tadpole","Depth","Seasonal","slice4","L02-040","Partial"
"527","Toad","Tadpole","Depth","Seasonal","slice5","J01-030","High"
"528","Toad","Tadpole","Depth","Seasonal","slice5","J01-040","High"
"529","Toad","Tadpole","Depth","Seasonal","slice5","L02-022","Partial"
"530","Toad","Tadpole","Depth","Seasonal","slice6","L02-022","Partial"
"531","Toad","Tadpole","Velocity","Seasonal","slice1","J01-010","High"
"532","Toad","Tadpole","Velocity","Seasonal","slice1","J01-020","High"
"533","Toad","Tadpole","Velocity","Seasonal","slice1","J01-030","High"
"534","Toad","Tadpole","Velocity","Seasonal","slice1","J01-031","High"
"535","Toad","Tadpole","Velocity","Seasonal","slice1","J01-040","High"
"536","Toad","Tadpole","Velocity","Seasonal","slice1","J01-041","High"
"537","Toad","Tadpole","Velocity","Seasonal","slice1","J01-060","High"
"538","Toad","Tadpole","Velocity","Seasonal","slice1","J01-061","High"
"539","Toad","Tadpole","Velocity","Seasonal","slice1","J01-062","High"
"540","Toad","Tadpole","Velocity","Seasonal","slice1","J01-070","Partial"
"541","Toad","Tadpole","Velocity","Seasonal","slice1","J01-080","High"
"542","Toad","Tadpole","Velocity","Seasonal","slice1","J01-090","High"
"543","Toad","Tadpole","Velocity","Seasonal","slice1","J01-091","High"
"544","Toad","Tadpole","Velocity","Seasonal","slice1","J01-100","High"
"545","Toad","Tadpole","Velocity","Seasonal","slice1","J03-010","High"
"546","Toad","Tadpole","Velocity","Seasonal","slice1","J04-010","High"
"547","Toad","Tadpole","Velocity","Seasonal","slice1","J05-010","High"
"548","Toad","Tadpole","Velocity","Seasonal","slice1","J07-010","High"
"549","Toad","Tadpole","Velocity","Seasonal","slice1","L01-060","Partial"
"550","Toad","Tadpole","Velocity","Seasonal","slice1","L01-080","High"
"551","Toad","Tadpole","Velocity","Seasonal","slice1","L01-100","Low"
"552","Toad","Tadpole","Velocity","Seasonal","slice1","L02-010","High"
"553","Toad","Tadpole","Velocity","Seasonal","slice1","L02-020","Partial"
"554","Toad","Tadpole","Velocity","Seasonal","slice1","L02-021","Partial"
"555","Toad","Tadpole","Velocity","Seasonal","slice1","L02-022","Partial"
"556","Toad","Tadpole","Velocity","Seasonal","slice1","L02-023","High"
"557","Toad","Tadpole","Velocity","Seasonal","slice1","L02-030","Partial"
"558","Toad","Tadpole","Velocity","Seasonal","slice1","L02-031","High"
"559","Toad","Tadpole","Velocity","Seasonal","slice1","L02-040","Partial"
"560","Toad","Tadpole","Velocity","Seasonal","slice1","L02-041","Low"
"561","Toad","Tadpole","Velocity","Seasonal","slice1","L02-050","Low"
"562","Toad","Tadpole","Velocity","Seasonal","slice1","L02-051","Low"
"563","Toad","Tadpole","Velocity","Seasonal","slice2","J01-010","High"
"564","Toad","Tadpole","Velocity","Seasonal","slice2","J01-020","High"
"565","Toad","Tadpole","Velocity","Seasonal","slice2","J01-030","High"
"566","Toad","Tadpole","Velocity","Seasonal","slice2","J01-031","High"
"567","Toad","Tadpole","Velocity","Seasonal","slice2","J01-040","High"
"568","Toad","Tadpole","Velocity","Seasonal","slice2","J01-041","High"
"569","Toad","Tadpole","Velocity","Seasonal","slice2","J01-060","Partial"
"570","Toad","Tadpole","Velocity","Seasonal","slice2","J01-061","High"
"571","Toad","Tadpole","Velocity","Seasonal","slice2","J01-080","Low"
"572","Toad","Tadpole","Velocity","Seasonal","slice2","J01-090","High"
"573","Toad","Tadpole","Velocity","Seasonal","slice2","J01-091","High"
"574","Toad","Tadpole","Velocity","Seasonal","slice2","J01-100","High"
"575","Toad","Tadpole","Velocity","Seasonal","slice2","J03-010","High"
"576","Toad","Tadpole","Velocity","Seasonal","slice2","J04-010","High"
"577","Toad","Tadpole","Velocity","Seasonal","slice2","J05-010","High"
"578","Toad","Tadpole","Velocity","Seasonal","slice2","J07-010","High"
"579","Toad","Tadpole","Velocity","Seasonal","slice2","L01-060","Partial"
"580","Toad","Tadpole","Velocity","Seasonal","slice2","L01-080","High"
"581","Toad","Tadpole","Velocity","Seasonal","slice2","L01-100","Low"
"582","Toad","Tadpole","Velocity","Seasonal","slice2","L02-010","Low"
"583","Toad","Tadpole","Velocity","Seasonal","slice2","L02-020","Partial"
"584","Toad","Tadpole","Velocity","Seasonal","slice2","L02-021","Partial"
"585","Toad","Tadpole","Velocity","Seasonal","slice2","L02-022","Partial"
"586","Toad","Tadpole","Velocity","Seasonal","slice2","L02-023","High"
"587","Toad","Tadpole","Velocity","Seasonal","slice2","L02-030","Partial"
"588","Toad","Tadpole","Velocity","Seasonal","slice2","L02-031","Partial"
"589","Toad","Tadpole","Velocity","Seasonal","slice2","L02-040","Partial"
"590","Toad","Tadpole","Velocity","Seasonal","slice2","L02-041","Low"
"591","Toad","Tadpole","Velocity","Seasonal","slice2","L02-050","Low"
"592","Toad","Tadpole","Velocity","Seasonal","slice2","L02-051","Low"
"593","Toad","Tadpole","Velocity","Seasonal","slice3","J01-010","High"
"594","Toad","Tadpole","Velocity","Seasonal","slice3","J01-020","Low"
"595","Toad","Tadpole","Velocity","Seasonal","slice3","J01-030","Partial"
"596","Toad","Tadpole","Velocity","Seasonal","slice3","J01-031","High"
"597","Toad","Tadpole","Velocity","Seasonal","slice3","J01-040","High"
"598","Toad","Tadpole","Velocity","Seasonal","slice3","J01-041","High"
"599","Toad","Tadpole","Velocity","Seasonal","slice3","J01-060","High"
"600","Toad","Tadpole","Velocity","Seasonal","slice3","J01-061","High"
"601","Toad","Tadpole","Velocity","Seasonal","slice3","J01-080","High"
"602","Toad","Tadpole","Velocity","Seasonal","slice3","J01-091","High"
"603","Toad","Tadpole","Velocity","Seasonal","slice3","J01-100","High"
"604","Toad","Tadpole","Velocity","Seasonal","slice3","J03-010","High"
"605","Toad","Tadpole","Velocity","Seasonal","slice3","J04-010","High"
"606","Toad","Tadpole","Velocity","Seasonal","slice3","J05-010","High"
"607","Toad","Tadpole","Velocity","Seasonal","slice3","J07-010","High"
"608","Toad","Tadpole","Velocity","Seasonal","slice3","L01-060","Partial"
"609","Toad","Tadpole","Velocity","Seasonal","slice3","L01-080","High"
"610","Toad","Tadpole","Velocity","Seasonal","slice3","L01-100","Low"
"611","Toad","Tadpole","Velocity","Seasonal","slice3","L02-010","High"
"612","Toad","Tadpole","Velocity","Seasonal","slice3","L02-020","Partial"
"613","Toad","Tadpole","Velocity","Seasonal","slice3","L02-021","Partial"
"614","Toad","Tadpole","Velocity","Seasonal","slice3","L02-022","Partial"
"615","Toad","Tadpole","Velocity","Seasonal","slice3","L02-023","High"
"616","Toad","Tadpole","Velocity","Seasonal","slice3","L02-030","Partial"
"617","Toad","Tadpole","Velocity","Seasonal","slice3","L02-031","High"
"618","Toad","Tadpole","Velocity","Seasonal","slice3","L02-040","Partial"
"619","Toad","Tadpole","Velocity","Seasonal","slice3","L02-041","Low"
"620","Toad","Tadpole","Velocity","Seasonal","slice3","L02-050","Low"
"621","Toad","Tadpole","Velocity","Seasonal","slice3","L02-051","Low"
"622","Toad","Tadpole","Velocity","Seasonal","slice4","J01-020","High"
"623","Toad","Tadpole","Velocity","Seasonal","slice4","J01-030","High"
"624","Toad","Tadpole","Velocity","Seasonal","slice4","J01-040","High"
"625","Toad","Tadpole","Velocity","Seasonal","slice4","J04-010","High"
"626","Toad","Tadpole","Velocity","Seasonal","slice4","J05-010","High"
"627","Toad","Tadpole","Velocity","Seasonal","slice4","L01-100","Low"
"628","Toad","Tadpole","Velocity","Seasonal","slice4","L02-021","Partial"
"629","Toad","Tadpole","Velocity","Seasonal","slice4","L02-022","Partial"
"630","Toad","Tadpole","Velocity","Seasonal","slice4","L02-023","Partial"
"631","Toad","Tadpole","Velocity","Seasonal","slice4","L02-031","Partial"
"632","Toad","Tadpole","Velocity","Seasonal","slice4","L02-040","Partial"
"633","Toad","Tadpole","Velocity","Seasonal","slice5","J01-030","High"
"634","Toad","Tadpole","Velocity","Seasonal","slice5","J01-040","High"
"635","Toad","Tadpole","Velocity","Seasonal","slice5","L02-022","Partial"
"636","Toad","Tadpole","Velocity","Seasonal","slice6","L02-022","Partial"
"637","Willow","Adult","StreamPower","Annual","slice1","J01-010","High"
"638","Willow","Adult","StreamPower","Annual","slice1","J01-020","High"
"639","Willow","Adult","StreamPower","Annual","slice1","J01-030","High"
"640","Willow","Adult","StreamPower","Annual","slice1","J01-031","High"
"641","Willow","Adult","StreamPower","Annual","slice1","J01-040","High"
"642","Willow","Adult","StreamPower","Annual","slice1","J01-041","High"
"643","Willow","Adult","StreamPower","Annual","slice1","J01-060","High"
"644","Willow","Adult","StreamPower","Annual","slice1","J01-061","High"
"645","Willow","Adult","StreamPower","Annual","slice1","J01-062","High"
"646","Willow","Adult","StreamPower","Annual","slice1","J01-070","High"
"647","Willow","Adult","StreamPower","Annual","slice1","J01-080","High"
"648","Willow","Adult","StreamPower","Annual","slice1","J01-090","High"
"649","Willow","Adult","StreamPower","Annual","slice1","J01-091","High"
"650","Willow","Adult","StreamPower","Annual","slice1","J01-100","High"
"651","Willow","Adult","StreamPower","Annual","slice1","J03-010","High"
"652","Willow","Adult","StreamPower","Annual","slice1","J04-010","High"
"653","Willow","Adult","StreamPower","Annual","slice1","J05-010","High"
"654","Willow","Adult","StreamPower","Annual","slice1","J07-010","High"
"655","Willow","Adult","StreamPower","Annual","slice1","L01-060","High"
"656","Willow","Adult","StreamPower","Annual","slice1","L01-080","High"
"657","Willow","Adult","StreamPower","Annual","slice1","L01-100","High"
"658","Willow","Adult","StreamPower","Annual","slice1","L02-010","High"
"659","Willow","Adult","StreamPower","Annual","slice1","L02-020","High"
"660","Willow","Adult","StreamPower","Annual","slice1","L02-021","High"
"661","Willow","Adult","StreamPower","Annual","slice1","L02-022","High"
"662","Willow","Adult","StreamPower","Annual","slice1","L02-023","High"
"663","Willow","Adult","StreamPower","Annual","slice1","L02-030","High"
"664","Willow","Adult","StreamPower","Annual","slice1","L02-031","High"
"665","Willow","Adult","StreamPower","Annual","slice1","L02-040","High"
"666","Willow","Adult","StreamPower","Annual","slice1","L02-041","High"
"667","Willow","Adult","StreamPower","Annual","slice1","L02-050","High"
"668","Willow","Adult","StreamPower","Annual","slice1","L02-051","High"
"669","Willow","Adult","StreamPower","Annual","slice2","J01-010","High"
"670","Willow","Adult","StreamPower","Annual","slice2","J01-020","High"
"671","Willow","Adult","StreamPower","Annual","slice2","J01-030","High"
"672","Willow","Adult","StreamPower","Annual","slice2","J01-031","High"
"673","Willow","Adult","StreamPower","Annual","slice2","J01-040","High"
"674","Willow","Adult","StreamPower","Annual","slice2","J01-041","High"
"675","Willow","Adult","StreamPower","Annual","slice2","J01-060","High"
"676","Willow","Adult","StreamPower","Annual","slice2","J01-061","High"
"677","Willow","Adult","StreamPower","Annual","slice2","J01-080","High"
"678","Willow","Adult","StreamPower","Annual","slice2","J01-090","High"
"679","Willow","Adult","StreamPower","Annual","slice2","J01-091","High"
"680","Willow","Adult","StreamPower","Annual","slice2","J01-100","High"
"681","Willow","Adult","StreamPower","Annual","slice2","J03-010","High"
"682","Willow","Adult","StreamPower","Annual","slice2","J04-010","High"
"683","Willow","Adult","StreamPower","Annual","slice2","J05-010","High"
"684","Willow","Adult","StreamPower","Annual","slice2","J07-010","High"
"685","Willow","Adult","StreamPower","Annual","slice2","L01-060","High"
"686","Willow","Adult","StreamPower","Annual","slice2","L01-080","High"
"687","Willow","Adult","StreamPower","Annual","slice2","L01-100","High"
"688","Willow","Adult","StreamPower","Annual","slice2","L02-010","High"
"689","Willow","Adult","StreamPower","Annual","slice2","L02-020","High"
"690","Willow","Adult","StreamPower","Annual","slice2","L02-021","High"
"691","Willow","Adult","StreamPower","Annual","slice2","L02-022","High"
"692","Willow","Adult","StreamPower","Annual","slice2","L02-023","High"
"693","Willow","Adult","StreamPower","Annual","slice2","L02-030","High"
"694","Willow","Adult","StreamPower","Annual","slice2","L02-031","High"
"695","Willow","Adult","StreamPower","Annual","slice2","L02-040","High"
"696","Willow","Adult","StreamPower","Annual","slice2","L02-041","High"
"697","Willow","Adult","StreamPower","Annual","slice2","L02-050","High"
"698","Willow","Adult","StreamPower","Annual","slice2","L02-051","High"
"699","Willow","Adult","StreamPower","Annual","slice3","J01-010","High"
"700","Willow","Adult","StreamPower","Annual","slice3","J01-020","High"
"701","Willow","Adult","StreamPower","Annual","slice3","J01-030","High"
"702","Willow","Adult","StreamPower","Annual","slice3","J01-031","High"
"703","Willow","Adult","StreamPower","Annual","slice3","J01-040","High"
"704","Willow","Adult","StreamPower","Annual","slice3","J01-041","High"
"705","Willow","Adult","StreamPower","Annual","slice3","J01-060","High"
"706","Willow","Adult","StreamPower","Annual","slice3","J01-061","High"
"707","Willow","Adult","StreamPower","Annual","slice3","J01-080","High"
"708","Willow","Adult","StreamPower","Annual","slice3","J01-091","High"
"709","Willow","Adult","StreamPower","Annual","slice3","J01-100","High"
"710","Willow","Adult","StreamPower","Annual","slice3","J03-010","High"
"711","Willow","Adult","StreamPower","Annual","slice3","J04-010","High"
"712","Willow","Adult","StreamPower","Annual","slice3","J05-010","High"
"713","Willow","Adult","StreamPower","Annual","slice3","J07-010","High"
"714","Willow","Adult","StreamPower","Annual","slice3","L01-060","High"
"715","Willow","Adult","StreamPower","Annual","slice3","L01-080","High"
"716","Willow","Adult","StreamPower","Annual","slice3","L01-100","High"
"717","Willow","Adult","StreamPower","Annual","slice3","L02-010","High"
"718","Willow","Adult","StreamPower","Annual","slice3","L02-020","High"
"719","Willow","Adult","StreamPower","Annual","slice3","L02-021","High"
"720","Willow","Adult","StreamPower","Annual","slice3","L02-022","High"
"721","Willow","Adult","StreamPower","Annual","slice3","L02-023","High"
"722","Willow","Adult","StreamPower","Annual","slice3","L02-030","High"
"723","Willow","Adult","StreamPower","Annual","slice3","L02-031","High"
"724","Willow","Adult","StreamPower","Annual","slice3","L02-040","High"
"725","Willow","Adult","StreamPower","Annual","slice3","L02-041","High"
"726","Willow","Adult","StreamPower","Annual","slice3","L02-050","High"
"727","Willow","Adult","StreamPower","Annual","slice3","L02-051","High"
"728","Willow","Adult","StreamPower","Annual","slice4","J01-020","High"
"729","Willow","Adult","StreamPower","Annual","slice4","J01-030","High"
"730","Willow","Adult","StreamPower","Annual","slice4","J01-040","High"
"731","Willow","Adult","StreamPower","Annual","slice4","J04-010","High"
"732","Willow","Adult","StreamPower","Annual","slice4","J05-010","High"
"733","Willow","Adult","StreamPower","Annual","slice4","L01-100","High"
"734","Willow","Adult","StreamPower","Annual","slice4","L02-021","High"
"735","Willow","Adult","StreamPower","Annual","slice4","L02-022","High"
"736","Willow","Adult","StreamPower","Annual","slice4","L02-023","High"
"737","Willow","Adult","StreamPower","Annual","slice4","L02-031","High"
"738","Willow","Adult","StreamPower","Annual","slice4","L02-040","High"
"739","Willow","Adult","StreamPower","Annual","slice5","J01-030","High"
"740","Willow","Adult","StreamPower","Annual","slice5","J01-040","High"
"741","Willow","Adult","StreamPower","Annual","slice5","L02-022","High"
"742","Willow","Adult","StreamPower","Annual","slice6","L02-022","High"
"743","Willow","Germination","Depth","critical","slice1","J01-010","Low"
"744","Willow","Germination","Depth","critical","slice1","J01-020","Low"
"745","Willow","Germination","Depth","critical","slice1","J01-030","Low"
"746","Willow","Germination","Depth","critical","slice1","J01-031","Low"
"747","Willow","Germination","Depth","critical","slice1","J01-040","Low"
"748","Willow","Germination","Depth","critical","slice1","J01-041","Low"
"749","Willow","Germination","Depth","critical","slice1","J01-060","Low"
"750","Willow","Germination","Depth","critical","slice1","J01-061","Low"
"751","Willow","Germination","Depth","critical","slice1","J01-062","Low"
"752","Willow","Germination","Depth","critical","slice1","J01-070","Low"
"753","Willow","Germination","Depth","critical","slice1","J01-080","Low"
"754","Willow","Germination","Depth","critical","slice1","J01-090","Low"
"755","Willow","Germination","Depth","critical","slice1","J01-091","Low"
"756","Willow","Germination","Depth","critical","slice1","J01-100","Low"
"757","Willow","Germination","Depth","critical","slice1","J03-010","Low"
"758","Willow","Germination","Depth","critical","slice1","J04-010","Low"
"759","Willow","Germination","Depth","critical","slice1","J05-010","Low"
"760","Willow","Germination","Depth","critical","slice1","J07-010","Low"
"761","Willow","Germination","Depth","critical","slice1","L01-060","Low"
"762","Willow","Germination","Depth","critical","slice1","L01-080","Low"
"763","Willow","Germination","Depth","critical","slice1","L01-100","Low"
"764","Willow","Germination","Depth","critical","slice1","L02-010","Low"
"765","Willow","Germination","Depth","critical","slice1","L02-020","Low"
"766","Willow","Germination","Depth","critical","slice1","L02-021","Low"
"767","Willow","Germination","Depth","critical","slice1","L02-022","Low"
"768","Willow","Germination","Depth","critical","slice1","L02-023","Low"
"769","Willow","Germination","Depth","critical","slice1","L02-030","Low"
"770","Willow","Germination","Depth","critical","slice1","L02-031","Low"
"771","Willow","Germination","Depth","critical","slice1","L02-040","Low"
"772","Willow","Germination","Depth","critical","slice1","L02-041","Low"
"773","Willow","Germination","Depth","critical","slice1","L02-050","Low"
"774","Willow","Germination","Depth","critical","slice1","L02-051","Low"
"775","Willow","Germination","Depth","critical","slice2","J01-010","Low"
"776","Willow","Germination","Depth","critical","slice2","J01-020","Low"
"777","Willow","Germination","Depth","critical","slice2","J01-030","Low"
"778","Willow","Germination","Depth","critical","slice2","J01-031","Low"
"779","Willow","Germination","Depth","critical","slice2","J01-040","Low"
"780","Willow","Germination","Depth","critical","slice2","J01-041","Low"
"781","Willow","Germination","Depth","critical","slice2","J01-060","High"
"782","Willow","Germination","Depth","critical","slice2","J01-061","Low"
"783","Willow","Germination","Depth","critical","slice2","J01-080","Low"
"784","Willow","Germination","Depth","critical","slice2","J01-090","Low"
"785","Willow","Germination","Depth","critical","slice2","J01-091","Low"
"786","Willow","Germination","Depth","critical","slice2","J01-100","Low"
"787","Willow","Germination","Depth","critical","slice2","J03-010","High"
"788","Willow","Germination","Depth","critical","slice2","J04-010","Low"
"789","Willow","Germination","Depth","critical","slice2","J05-010","Low"
"790","Willow","Germination","Depth","critical","slice2","J07-010","Low"
"791","Willow","Germination","Depth","critical","slice2","L01-060","Low"
"792","Willow","Germination","Depth","critical","slice2","L01-080","Low"
"793","Willow","Germination","Depth","critical","slice2","L01-100","Low"
"794","Willow","Germination","Depth","critical","slice2","L02-010","Low"
"795","Willow","Germination","Depth","critical","slice2","L02-020","Low"
"796","Willow","Germination","Depth","critical","slice2","L02-021","Low"
"797","Willow","Germination","Depth","critical","slice2","L02-022","Low"
"798","Willow","Germination","Depth","critical","slice2","L02-023","Low"
"799","Willow","Germination","Depth","critical","slice2","L02-030","Low"
"800","Willow","Germination","Depth","critical","slice2","L02-031","Low"
"801","Willow","Germination","Depth","critical","slice2","L02-040","Low"
"802","Willow","Germination","Depth","critical","slice2","L02-041","Low"
"803","Willow","Germination","Depth","critical","slice2","L02-050","Low"
"804","Willow","Germination","Depth","critical","slice2","L02-051","Low"
"805","Willow","Germination","Depth","critical","slice3","J01-010","Low"
"806","Willow","Germination","Depth","critical","slice3","J01-020","Low"
"807","Willow","Germination","Depth","critical","slice3","J01-030","Low"
"808","Willow","Germination","Depth","critical","slice3","J01-031","Low"
"809","Willow","Germination","Depth","critical","slice3","J01-040","Low"
"810","Willow","Germination","Depth","critical","slice3","J01-041","Low"
"811","Willow","Germination","Depth","critical","slice3","J01-060","Low"
"812","Willow","Germination","Depth","critical","slice3","J01-061","Low"
"813","Willow","Germination","Depth","critical","slice3","J01-080","Low"
"814","Willow","Germination","Depth","critical","slice3","J01-091","Low"
"815","Willow","Germination","Depth","critical","slice3","J01-100","Low"
"816","Willow","Germination","Depth","critical","slice3","J03-010","Low"
"817","Willow","Germination","Depth","critical","slice3","J04-010","Low"
"818","Willow","Germination","Depth","critical","slice3","J05-010","Low"
"819","Willow","Germination","Depth","critical","slice3","J07-010","Low"
"820","Willow","Germination","Depth","critical","slice3","L01-060","Low"
"821","Willow","Germination","Depth","critical","slice3","L01-080","Low"
"822","Willow","Germination","Depth","critical","slice3","L01-100","Low"
"823","Willow","Germination","Depth","critical","slice3","L02-010","Low"
"824","Willow","Germination","Depth","critical","slice3","L02-020","Low"
"825","Willow","Germination","Depth","critical","slice3","L02-021","Low"
"826","Willow","Germination","Depth","critical","slice3","L02-022","Low"
"827","Willow","Germination","Depth","critical","slice3","L02-023","Low"
"828","Willow","Germination","Depth","critical","slice3","L02-030","Low"
"829","Willow","Germination","Depth","critical","slice3","L02-031","Low"
"830","Willow","Germination","Depth","critical","slice3","L02-040","Low"
"831","Willow","Germination","Depth","critical","slice3","L02-041","Low"
"832","Willow","Germination","Depth","critical","slice3","L02-050","Low"
"833","Willow","Germination","Depth","critical","slice3","L02-051","Low"
"834","Willow","Germination","Depth","critical","slice4","J01-020","Low"
"835","Willow","Germination","Depth","critical","slice4","J01-030","Low"
"836","Willow","Germination","Depth","critical","slice4","J01-040","Low"
"837","Willow","Germination","Depth","critical","slice4","J04-010","Low"
"838","Willow","Germination","Depth","critical","slice4","J05-010","Low"
"839","Willow","Germination","Depth","critical","slice4","L01-100","Low"
"840","Willow","Germination","Depth","critical","slice4","L02-021","Low"
"841","Willow","Germination","Depth","critical","slice4","L02-022","Low"
"842","Willow","Germination","Depth","critical","slice4","L02-023","Low"
"843","Willow","Germination","Depth","critical","slice4","L02-031","Low"
"844","Willow","Germination","Depth","critical","slice4","L02-040","Low"
"845","Willow","Germination","Depth","critical","slice5","J01-030","Low"
"846","Willow","Germination","Depth","critical","slice5","J01-040","Low"
"847","Willow","Germination","Depth","critical","slice5","L02-022","Low"
"848","Willow","Germination","Depth","critical","slice6","L02-022","Low"
"849","Willow","Seedling","Depth","critical","slice1","J01-010","High"
"850","Willow","Seedling","Depth","critical","slice1","J01-020","High"
"851","Willow","Seedling","Depth","critical","slice1","J01-030","High"
"852","Willow","Seedling","Depth","critical","slice1","J01-031","High"
"853","Willow","Seedling","Depth","critical","slice1","J01-040","High"
"854","Willow","Seedling","Depth","critical","slice1","J01-041","High"
"855","Willow","Seedling","Depth","critical","slice1","J01-060","High"
"856","Willow","Seedling","Depth","critical","slice1","J01-061","High"
"857","Willow","Seedling","Depth","critical","slice1","J01-062","High"
"858","Willow","Seedling","Depth","critical","slice1","J01-070","High"
"859","Willow","Seedling","Depth","critical","slice1","J01-080","High"
"860","Willow","Seedling","Depth","critical","slice1","J01-090","High"
"861","Willow","Seedling","Depth","critical","slice1","J01-091","High"
"862","Willow","Seedling","Depth","critical","slice1","J01-100","High"
"863","Willow","Seedling","Depth","critical","slice1","J03-010","High"
"864","Willow","Seedling","Depth","critical","slice1","J04-010","High"
"865","Willow","Seedling","Depth","critical","slice1","J05-010","High"
"866","Willow","Seedling","Depth","critical","slice1","J07-010","High"
"867","Willow","Seedling","Depth","critical","slice1","L01-060","High"
"868","Willow","Seedling","Depth","critical","slice1","L01-080","High"
"869","Willow","Seedling","Depth","critical","slice1","L01-100","High"
"870","Willow","Seedling","Depth","critical","slice1","L02-010","High"
"871","Willow","Seedling","Depth","critical","slice1","L02-020","High"
"872","Willow","Seedling","Depth","critical","slice1","L02-021","High"
"873","Willow","Seedling","Depth","critical","slice1","L02-022","High"
"874","Willow","Seedling","Depth","critical","slice1","L02-023","High"
"875","Willow","Seedling","Depth","critical","slice1","L02-030","High"
"876","Willow","Seedling","Depth","critical","slice1","L02-031","High"
"877","Willow","Seedling","Depth","critical","slice1","L02-040","High"
"878","Willow","Seedling","Depth","critical","slice1","L02-041","High"
"879","Willow","Seedling","Depth","critical","slice1","L02-050","High"
"880","Willow","Seedling","Depth","critical","slice1","L02-051","High"
"881","Willow","Seedling","Depth","critical","slice2","J01-010","High"
"882","Willow","Seedling","Depth","critical","slice2","J01-020","High"
"883","Willow","Seedling","Depth","critical","slice2","J01-030","High"
"884","Willow","Seedling","Depth","critical","slice2","J01-031","High"
"885","Willow","Seedling","Depth","critical","slice2","J01-040","High"
"886","Willow","Seedling","Depth","critical","slice2","J01-041","High"
"887","Willow","Seedling","Depth","critical","slice2","J01-060","High"
"888","Willow","Seedling","Depth","critical","slice2","J01-061","High"
"889","Willow","Seedling","Depth","critical","slice2","J01-080","High"
"890","Willow","Seedling","Depth","critical","slice2","J01-090","High"
"891","Willow","Seedling","Depth","critical","slice2","J01-091","High"
"892","Willow","Seedling","Depth","critical","slice2","J01-100","High"
"893","Willow","Seedling","Depth","critical","slice2","J03-010","High"
"894","Willow","Seedling","Depth","critical","slice2","J04-010","High"
"895","Willow","Seedling","Depth","critical","slice2","J05-010","High"
"896","Willow","Seedling","Depth","critical","slice2","J07-010","High"
"897","Willow","Seedling","Depth","critical","slice2","L01-060","High"
"898","Willow","Seedling","Depth","critical","slice2","L01-080","High"
"899","Willow","Seedling","Depth","critical","slice2","L01-100","High"
"900","Willow","Seedling","Depth","critical","slice2","L02-010","High"
"901","Willow","Seedling","Depth","critical","slice2","L02-020","High"
"902","Willow","Seedling","Depth","critical","slice2","L02-021","High"
"903","Willow","Seedling","Depth","critical","slice2","L02-022","High"
"904","Willow","Seedling","Depth","critical","slice2","L02-023","High"
"905","Willow","Seedling","Depth","critical","slice2","L02-030","High"
"906","Willow","Seedling","Depth","critical","slice2","L02-031","High"
"907","Willow","Seedling","Depth","critical","slice2","L02-040","High"
"908","Willow","Seedling","Depth","critical","slice2","L02-041","High"
"909","Willow","Seedling","Depth","critical","slice2","L02-050","High"
"910","Willow","Seedling","Depth","critical","slice2","L02-051","High"
"911","Willow","Seedling","Depth","critical","slice3","J01-010","High"
"912","Willow","Seedling","Depth","critical","slice3","J01-020","High"
"913","Willow","Seedling","Depth","critical","slice3","J01-030","High"
"914","Willow","Seedling","Depth","critical","slice3","J01-031","High"
"915","Willow","Seedling","Depth","critical","slice3","J01-040","High"
"916","Willow","Seedling","Depth","critical","slice3","J01-041","High"
"917","Willow","Seedling","Depth","critical","slice3","J01-060","High"
"918","Willow","Seedling","Depth","critical","slice3","J01-061","High"
"919","Willow","Seedling","Depth","critical","slice3","J01-080","High"
"920","Willow","Seedling","Depth","critical","slice3","J01-091","High"
"921","Willow","Seedling","Depth","critical","slice3","J01-100","High"
"922","Willow","Seedling","Depth","critical","slice3","J03-010","High"
"923","Willow","Seedling","Depth","critical","slice3","J04-010","High"
"924","Willow","Seedling","Depth","critical","slice3","J05-010","High"
"925","Willow","Seedling","Depth","critical","slice3","J07-010","High"
"926","Willow","Seedling","Depth","critical","slice3","L01-060","High"
"927","Willow","Seedling","Depth","critical","slice3","L01-080","High"
"928","Willow","Seedling","Depth","critical","slice3","L01-100","High"
"929","Willow","Seedling","Depth","critical","slice3","L02-010","High"
"930","Willow","Seedling","Depth","critical","slice3","L02-020","High"
"931","Willow","Seedling","Depth","critical","slice3","L02-021","High"
"932","Willow","Seedling","Depth","critical","slice3","L02-022","High"
"933","Willow","Seedling","Depth","critical","slice3","L02-023","High"
"934","Willow","Seedling","Depth","critical","slice3","L02-030","High"
"935","Willow","Seedling","Depth","critical","slice3","L02-031","High"
"936","Willow","Seedling","Depth","critical","slice3","L02-040","High"
"937","Willow","Seedling","Depth","critical","slice3","L02-041","High"
"938","Willow","Seedling","Depth","critical","slice3","L02-050","High"
"939","Willow","Seedling","Depth","critical","slice3","L02-051","High"
"940","Willow","Seedling","Depth","critical","slice4","J01-020","High"
"941","Willow","Seedling","Depth","critical","slice4","J01-030","High"
"942","Willow","Seedling","Depth","critical","slice4","J01-040","High"
"943","Willow","Seedling","Depth","critical","slice4","J04-010","High"
"944","Willow","Seedling","Depth","critical","slice4","J05-010","High"
"945","Willow","Seedling","Depth","critical","slice4","L01-100","High"
"946","Willow","Seedling","Depth","critical","slice4","L02-021","High"
"947","Willow","Seedling","Depth","critical","slice4","L02-022","High"
"948","Willow","Seedling","Depth","critical","slice4","L02-023","High"
"949","Willow","Seedling","Depth","critical","slice4","L02-031","High"
"950","Willow","Seedling","Depth","critical","slice4","L02-040","High"
"951","Willow","Seedling","Depth","critical","slice5","J01-030","High"
"952","Willow","Seedling","Depth","critical","slice5","J01-040","High"
"953","Willow","Seedling","Depth","critical","slice5","L02-022","High"
"954","Willow","Seedling","Depth","critical","slice6","L02-022","High"
"955","Willow","Seedling","Shear Stress","critical","slice1","J01-010","High"
"956","Willow","Seedling","Shear Stress","critical","slice1","J01-020","High"
"957","Willow","Seedling","Shear Stress","critical","slice1","J01-030","High"
"958","Willow","Seedling","Shear Stress","critical","slice1","J01-031","High"
"959","Willow","Seedling","Shear Stress","critical","slice1","J01-040","High"
"960","Willow","Seedling","Shear Stress","critical","slice1","J01-041","High"
"961","Willow","Seedling","Shear Stress","critical","slice1","J01-060","High"
"962","Willow","Seedling","Shear Stress","critical","slice1","J01-061","High"
"963","Willow","Seedling","Shear Stress","critical","slice1","J01-062","High"
"964","Willow","Seedling","Shear Stress","critical","slice1","J01-070","High"
"965","Willow","Seedling","Shear Stress","critical","slice1","J01-080","High"
"966","Willow","Seedling","Shear Stress","critical","slice1","J01-090","High"
"967","Willow","Seedling","Shear Stress","critical","slice1","J01-091","High"
"968","Willow","Seedling","Shear Stress","critical","slice1","J01-100","High"
"969","Willow","Seedling","Shear Stress","critical","slice1","J03-010","High"
"970","Willow","Seedling","Shear Stress","critical","slice1","J04-010","High"
"971","Willow","Seedling","Shear Stress","critical","slice1","J05-010","High"
"972","Willow","Seedling","Shear Stress","critical","slice1","J07-010","High"
"973","Willow","Seedling","Shear Stress","critical","slice1","L01-060","High"
"974","Willow","Seedling","Shear Stress","critical","slice1","L01-080","High"
"975","Willow","Seedling","Shear Stress","critical","slice1","L01-100","High"
"976","Willow","Seedling","Shear Stress","critical","slice1","L02-010","High"
"977","Willow","Seedling","Shear Stress","critical","slice1","L02-020","High"
"978","Willow","Seedling","Shear Stress","critical","slice1","L02-021","High"
"979","Willow","Seedling","Shear Stress","critical","slice1","L02-022","High"
"980","Willow","Seedling","Shear Stress","critical","slice1","L02-023","High"
"981","Willow","Seedling","Shear Stress","critical","slice1","L02-030","High"
"982","Willow","Seedling","Shear Stress","critical","slice1","L02-031","High"
"983","Willow","Seedling","Shear Stress","critical","slice1","L02-040","High"
"984","Willow","Seedling","Shear Stress","critical","slice1","L02-041","High"
"985","Willow","Seedling","Shear Stress","critical","slice1","L02-050","High"
"986","Willow","Seedling","Shear Stress","critical","slice1","L02-051","High"
"987","Willow","Seedling","Shear Stress","critical","slice2","J01-010","High"
"988","Willow","Seedling","Shear Stress","critical","slice2","J01-020","High"
"989","Willow","Seedling","Shear Stress","critical","slice2","J01-030","High"
"990","Willow","Seedling","Shear Stress","critical","slice2","J01-031","High"
"991","Willow","Seedling","Shear Stress","critical","slice2","J01-040","High"
"992","Willow","Seedling","Shear Stress","critical","slice2","J01-041","High"
"993","Willow","Seedling","Shear Stress","critical","slice2","J01-060","High"
"994","Willow","Seedling","Shear Stress","critical","slice2","J01-061","High"
"995","Willow","Seedling","Shear Stress","critical","slice2","J01-080","High"
"996","Willow","Seedling","Shear Stress","critical","slice2","J01-090","High"
"997","Willow","Seedling","Shear Stress","critical","slice2","J01-091","High"
"998","Willow","Seedling","Shear Stress","critical","slice2","J01-100","High"
"999","Willow","Seedling","Shear Stress","critical","slice2","J03-010","High"
"1000","Willow","Seedling","Shear Stress","critical","slice2","J04-010","High"
"1001","Willow","Seedling","Shear Stress","critical","slice2","J05-010","High"
"1002","Willow","Seedling","Shear Stress","critical","slice2","J07-010","High"
"1003","Willow","Seedling","Shear Stress","critical","slice2","L01-060","High"
"1004","Willow","Seedling","Shear Stress","critical","slice2","L01-080","High"
"1005","Willow","Seedling","Shear Stress","critical","slice2","L01-100","High"
"1006","Willow","Seedling","Shear Stress","critical","slice2","L02-010","High"
"1007","Willow","Seedling","Shear Stress","critical","slice2","L02-020","High"
"1008","Willow","Seedling","Shear Stress","critical","slice2","L02-021","High"
"1009","Willow","Seedling","Shear Stress","critical","slice2","L02-022","High"
"1010","Willow","Seedling","Shear Stress","critical","slice2","L02-023","High"
"1011","Willow","Seedling","Shear Stress","critical","slice2","L02-030","High"
"1012","Willow","Seedling","Shear Stress","critical","slice2","L02-031","High"
"1013","Willow","Seedling","Shear Stress","critical","slice2","L02-040","High"
"1014","Willow","Seedling","Shear Stress","critical","slice2","L02-041","High"
"1015","Willow","Seedling","Shear Stress","critical","slice2","L02-050","High"
"1016","Willow","Seedling","Shear Stress","critical","slice2","L02-051","High"
"1017","Willow","Seedling","Shear Stress","critical","slice3","J01-010","High"
"1018","Willow","Seedling","Shear Stress","critical","slice3","J01-020","High"
"1019","Willow","Seedling","Shear Stress","critical","slice3","J01-030","High"
"1020","Willow","Seedling","Shear Stress","critical","slice3","J01-031","High"
"1021","Willow","Seedling","Shear Stress","critical","slice3","J01-040","High"
"1022","Willow","Seedling","Shear Stress","critical","slice3","J01-041","High"
"1023","Willow","Seedling","Shear Stress","critical","slice3","J01-060","High"
"1024","Willow","Seedling","Shear Stress","critical","slice3","J01-061","High"
"1025","Willow","Seedling","Shear Stress","critical","slice3","J01-080","High"
"1026","Willow","Seedling","Shear Stress","critical","slice3","J01-091","High"
"1027","Willow","Seedling","Shear Stress","critical","slice3","J01-100","High"
"1028","Willow","Seedling","Shear Stress","critical","slice3","J03-010","High"
"1029","Willow","Seedling","Shear Stress","critical","slice3","J04-010","High"
"1030","Willow","Seedling","Shear Stress","critical","slice3","J05-010","High"
"1031","Willow","Seedling","Shear Stress","critical","slice3","J07-010","High"
"1032","Willow","Seedling","Shear Stress","critical","slice3","L01-060","High"
"1033","Willow","Seedling","Shear Stress","critical","slice3","L01-080","High"
"1034","Willow","Seedling","Shear Stress","critical","slice3","L01-100","High"
"1035","Willow","Seedling","Shear Stress","critical","slice3","L02-010","High"
"1036","Willow","Seedling","Shear Stress","critical","slice3","L02-020","High"
"1037","Willow","Seedling","Shear Stress","critical","slice3","L02-021","High"
"1038","Willow","Seedling","Shear Stress","critical","slice3","L02-022","High"
"1039","Willow","Seedling","Shear Stress","critical","slice3","L02-023","High"
"1040","Willow","Seedling","Shear Stress","critical","slice3","L02-030","High"
"1041","Willow","Seedling","Shear Stress","critical","slice3","L02-031","High"
"1042","Willow","Seedling","Shear Stress","critical","slice3","L02-040","High"
"1043","Willow","Seedling","Shear Stress","critical","slice3","L02-041","High"
"1044","Willow","Seedling","Shear Stress","critical","slice3","L02-050","High"
"1045","Willow","Seedling","Shear Stress","critical","slice3","L02-051","High"
"1046","Willow","Seedling","Shear Stress","critical","slice4","J01-020","High"
"1047","Willow","Seedling","Shear Stress","critical","slice4","J01-030","High"
"1048","Willow","Seedling","Shear Stress","critical","slice4","J01-040","High"
"1049","Willow","Seedling","Shear Stress","critical","slice4","J04-010","High"
"1050","Willow","Seedling","Shear Stress","critical","slice4","J05-010","High"
"1051","Willow","Seedling","Shear Stress","critical","slice4","L01-100","High"
"1052","Willow","Seedling","Shear Stress","critical","slice4","L02-021","High"
"1053","Willow","Seedling","Shear Stress","critical","slice4","L02-022","High"
"1054","Willow","Seedling","Shear Stress","critical","slice4","L02-023","High"
"1055","Willow","Seedling","Shear Stress","critical","slice4","L02-031","High"
"1056","Willow","Seedling","Shear Stress","critical","slice4","L02-040","High"
"1057","Willow","Seedling","Shear Stress","critical","slice5","J01-030","High"
"1058","Willow","Seedling","Shear Stress","critical","slice5","J01-040","High"
"1059","Willow","Seedling","Shear Stress","critical","slice5","L02-022","High"
"1060","Willow","Seedling","Shear Stress","critical","slice6","L02-022","High"
