"","TimePeriod","position","Node","Species","Life_Stage","Hydraulic","MaxPercentage"
"1","Annual","slice1","J01-010","Chub","Adult","Depth",4.0948275862069
"2","Annual","slice2","J01-010","Chub","Adult","Depth",5.17241379310345
"3","Annual","slice3","J01-010","Chub","Adult","Depth",3.95114942528736
"4","Annual","slice1","J01-020","Chub","Adult","Depth",1.50684931506849
"5","Annual","slice2","J01-020","Chub","Adult","Depth",2.89152298850575
"6","Annual","slice3","J01-020","Chub","Adult","Depth",8.96118721461187
"7","Annual","slice4","J01-020","Chub","Adult","Depth",4.58904109589041
"8","Annual","slice1","J01-030","Chub","Adult","Depth",0.285388127853881
"9","Annual","slice2","J01-030","Chub","Adult","Depth",0.479452054794521
"10","Annual","slice3","J01-030","Chub","Adult","Depth",1.54109589041096
"11","Annual","slice4","J01-030","Chub","Adult","Depth",0.513698630136986
"12","Annual","slice5","J01-030","Chub","Adult","Depth",0.091324200913242
"13","Annual","slice1","J01-031","Chub","Adult","Depth",0.171232876712329
"14","Annual","slice2","J01-031","Chub","Adult","Depth",0.365296803652968
"15","Annual","slice3","J01-031","Chub","Adult","Depth",0.0570776255707763
"16","Annual","slice1","J01-040","Chub","Adult","Depth",0.901826484018265
"17","Annual","slice2","J01-040","Chub","Adult","Depth",5
"18","Annual","slice3","J01-040","Chub","Adult","Depth",3.75359195402299
"19","Annual","slice4","J01-040","Chub","Adult","Depth",5.94748858447489
"20","Annual","slice5","J01-040","Chub","Adult","Depth",0.93607305936073
"21","Annual","slice1","J01-041","Chub","Adult","Depth",1.27853881278539
"22","Annual","slice2","J01-041","Chub","Adult","Depth",4.52586206896552
"23","Annual","slice3","J01-041","Chub","Adult","Depth",1.42694063926941
"24","Annual","slice1","J01-060","Chub","Adult","Depth",2.34018264840183
"25","Annual","slice2","J01-060","Chub","Adult","Depth",4.9389367816092
"26","Annual","slice3","J01-060","Chub","Adult","Depth",2.03196347031963
"27","Annual","slice1","J01-061","Chub","Adult","Depth",0.513698630136986
"28","Annual","slice2","J01-061","Chub","Adult","Depth",1.92922374429224
"29","Annual","slice3","J01-061","Chub","Adult","Depth",1.31278538812785
"30","Annual","slice1","J01-062","Chub","Adult","Depth",0.285388127853881
"31","Annual","slice1","J01-070","Chub","Adult","Depth",2.23744292237443
"32","Annual","slice1","J01-080","Chub","Adult","Depth",0.251436781609195
"33","Annual","slice2","J01-080","Chub","Adult","Depth",2.45433789954338
"34","Annual","slice3","J01-080","Chub","Adult","Depth",0.269396551724138
"35","Annual","slice1","J01-090","Chub","Adult","Depth",0
"36","Annual","slice2","J01-090","Chub","Adult","Depth",2.62557077625571
"37","Annual","slice1","J01-091","Chub","Adult","Depth",0.0538793103448276
"38","Annual","slice2","J01-091","Chub","Adult","Depth",0.821917808219178
"39","Annual","slice3","J01-091","Chub","Adult","Depth",0.0359195402298851
"40","Annual","slice1","J01-100","Chub","Adult","Depth",0.194063926940639
"41","Annual","slice2","J01-100","Chub","Adult","Depth",0.262557077625571
"42","Annual","slice3","J01-100","Chub","Adult","Depth",0.161637931034483
"43","Annual","slice1","J03-010","Chub","Adult","Depth",1.27853881278539
"44","Annual","slice2","J03-010","Chub","Adult","Depth",3.162100456621
"45","Annual","slice3","J03-010","Chub","Adult","Depth",1.1986301369863
"46","Annual","slice1","J04-010","Chub","Adult","Depth",3.61872146118721
"47","Annual","slice2","J04-010","Chub","Adult","Depth",3.12785388127854
"48","Annual","slice3","J04-010","Chub","Adult","Depth",5.51369863013699
"49","Annual","slice4","J04-010","Chub","Adult","Depth",2.89954337899543
"50","Annual","slice1","J05-010","Chub","Adult","Depth",2.13470319634703
"51","Annual","slice2","J05-010","Chub","Adult","Depth",0.958904109589041
"52","Annual","slice3","J05-010","Chub","Adult","Depth",0
"53","Annual","slice4","J05-010","Chub","Adult","Depth",0
"54","Annual","slice1","J07-010","Chub","Adult","Depth",0.308219178082192
"55","Annual","slice2","J07-010","Chub","Adult","Depth",0.125570776255708
"56","Annual","slice3","J07-010","Chub","Adult","Depth",0.21689497716895
"57","Annual","slice1","L01-060","Chub","Adult","Depth",0
"58","Annual","slice2","L01-060","Chub","Adult","Depth",8.76712328767123
"59","Annual","slice3","L01-060","Chub","Adult","Depth",0
"60","Annual","slice1","L01-080","Chub","Adult","Depth",0
"61","Annual","slice2","L01-080","Chub","Adult","Depth",0.821917808219178
"62","Annual","slice3","L01-080","Chub","Adult","Depth",6.02739726027397
"63","Annual","slice1","L01-100","Chub","Adult","Depth",0
"64","Annual","slice2","L01-100","Chub","Adult","Depth",0
"65","Annual","slice3","L01-100","Chub","Adult","Depth",1.91780821917808
"66","Annual","slice4","L01-100","Chub","Adult","Depth",0
"67","Annual","slice1","L02-010","Chub","Adult","Depth",4.93150684931507
"68","Annual","slice2","L02-010","Chub","Adult","Depth",11.2328767123288
"69","Annual","slice3","L02-010","Chub","Adult","Depth",9.04109589041096
"70","Annual","slice1","L02-020","Chub","Adult","Depth",17.8082191780822
"71","Annual","slice2","L02-020","Chub","Adult","Depth",3.83561643835616
"72","Annual","slice3","L02-020","Chub","Adult","Depth",0.273972602739726
"73","Annual","slice1","L02-021","Chub","Adult","Depth",0
"74","Annual","slice2","L02-021","Chub","Adult","Depth",0
"75","Annual","slice3","L02-021","Chub","Adult","Depth",15.3424657534247
"76","Annual","slice4","L02-021","Chub","Adult","Depth",0
"77","Annual","slice1","L02-022","Chub","Adult","Depth",0
"78","Annual","slice2","L02-022","Chub","Adult","Depth",4.38356164383562
"79","Annual","slice3","L02-022","Chub","Adult","Depth",0
"80","Annual","slice4","L02-022","Chub","Adult","Depth",0.273972602739726
"81","Annual","slice5","L02-022","Chub","Adult","Depth",0
"82","Annual","slice6","L02-022","Chub","Adult","Depth",11.5068493150685
"83","Annual","slice1","L02-023","Chub","Adult","Depth",0
"84","Annual","slice2","L02-023","Chub","Adult","Depth",0
"85","Annual","slice3","L02-023","Chub","Adult","Depth",0
"86","Annual","slice4","L02-023","Chub","Adult","Depth",16.4383561643836
"87","Annual","slice1","L02-030","Chub","Adult","Depth",0
"88","Annual","slice2","L02-030","Chub","Adult","Depth",13.4246575342466
"89","Annual","slice3","L02-030","Chub","Adult","Depth",0
"90","Annual","slice1","L02-031","Chub","Adult","Depth",4.93150684931507
"91","Annual","slice2","L02-031","Chub","Adult","Depth",21.0958904109589
"92","Annual","slice3","L02-031","Chub","Adult","Depth",0
"93","Annual","slice4","L02-031","Chub","Adult","Depth",16.1643835616438
"94","Annual","slice1","L02-040","Chub","Adult","Depth",0
"95","Annual","slice2","L02-040","Chub","Adult","Depth",2.73972602739726
"96","Annual","slice3","L02-040","Chub","Adult","Depth",0
"97","Annual","slice4","L02-040","Chub","Adult","Depth",16.1643835616438
"98","Annual","slice1","L02-041","Chub","Adult","Depth",0
"99","Annual","slice2","L02-041","Chub","Adult","Depth",18.9041095890411
"100","Annual","slice3","L02-041","Chub","Adult","Depth",0
"101","Annual","slice1","L02-050","Chub","Adult","Depth",0
"102","Annual","slice2","L02-050","Chub","Adult","Depth",2.73972602739726
"103","Annual","slice3","L02-050","Chub","Adult","Depth",2.73972602739726
"104","Annual","slice1","L02-051","Chub","Adult","Depth",0
"105","Annual","slice2","L02-051","Chub","Adult","Depth",0
"106","Annual","slice3","L02-051","Chub","Adult","Depth",0
"107","Annual","slice1","J01-010","Chub","Adult","Velocity",7.36301369863014
"108","Annual","slice2","J01-010","Chub","Adult","Velocity",36.62100456621
"109","Annual","slice3","J01-010","Chub","Adult","Velocity",11.5068493150685
"110","Annual","slice1","J01-020","Chub","Adult","Velocity",2.9992816091954
"111","Annual","slice2","J01-020","Chub","Adult","Velocity",4.68036529680365
"112","Annual","slice3","J01-020","Chub","Adult","Velocity",99.3607305936073
"113","Annual","slice4","J01-020","Chub","Adult","Velocity",59.1780821917808
"114","Annual","slice1","J01-030","Chub","Adult","Velocity",2.67123287671233
"115","Annual","slice2","J01-030","Chub","Adult","Velocity",3.27625570776256
"116","Annual","slice3","J01-030","Chub","Adult","Velocity",99.5547945205479
"117","Annual","slice4","J01-030","Chub","Adult","Velocity",3.52739726027397
"118","Annual","slice5","J01-030","Chub","Adult","Velocity",0.091324200913242
"119","Annual","slice1","J01-031","Chub","Adult","Velocity",4.00684931506849
"120","Annual","slice2","J01-031","Chub","Adult","Velocity",35.4908675799087
"121","Annual","slice3","J01-031","Chub","Adult","Velocity",1.01598173515982
"122","Annual","slice1","J01-040","Chub","Adult","Velocity",2.32876712328767
"123","Annual","slice2","J01-040","Chub","Adult","Velocity",50.9018264840183
"124","Annual","slice3","J01-040","Chub","Adult","Velocity",17.3744292237443
"125","Annual","slice4","J01-040","Chub","Adult","Velocity",99.9429223744292
"126","Annual","slice5","J01-040","Chub","Adult","Velocity",2.43150684931507
"127","Annual","slice1","J01-041","Chub","Adult","Velocity",2.75114155251142
"128","Annual","slice2","J01-041","Chub","Adult","Velocity",99.7602739726027
"129","Annual","slice3","J01-041","Chub","Adult","Velocity",2.47844827586207
"130","Annual","slice1","J01-060","Chub","Adult","Velocity",5.92465753424658
"131","Annual","slice2","J01-060","Chub","Adult","Velocity",99.337899543379
"132","Annual","slice3","J01-060","Chub","Adult","Velocity",3.20776255707763
"133","Annual","slice1","J01-061","Chub","Adult","Velocity",1.7351598173516
"134","Annual","slice2","J01-061","Chub","Adult","Velocity",8.75570776255708
"135","Annual","slice3","J01-061","Chub","Adult","Velocity",3.25342465753425
"136","Annual","slice1","J01-062","Chub","Adult","Velocity",0.684931506849315
"137","Annual","slice1","J01-070","Chub","Adult","Velocity",99.6803652968037
"138","Annual","slice1","J01-080","Chub","Adult","Velocity",0.468036529680365
"139","Annual","slice2","J01-080","Chub","Adult","Velocity",95.9927140255009
"140","Annual","slice3","J01-080","Chub","Adult","Velocity",0.479452054794521
"141","Annual","slice1","J01-090","Chub","Adult","Velocity",0
"142","Annual","slice2","J01-090","Chub","Adult","Velocity",99.851598173516
"143","Annual","slice1","J01-091","Chub","Adult","Velocity",0.161637931034483
"144","Annual","slice2","J01-091","Chub","Adult","Velocity",99.8173515981735
"145","Annual","slice3","J01-091","Chub","Adult","Velocity",0.0718390804597701
"146","Annual","slice1","J01-100","Chub","Adult","Velocity",4.06392694063927
"147","Annual","slice2","J01-100","Chub","Adult","Velocity",99.9885844748858
"148","Annual","slice3","J01-100","Chub","Adult","Velocity",1.39269406392694
"149","Annual","slice1","J03-010","Chub","Adult","Velocity",3.84703196347032
"150","Annual","slice2","J03-010","Chub","Adult","Velocity",99.8744292237443
"151","Annual","slice3","J03-010","Chub","Adult","Velocity",3.8433908045977
"152","Annual","slice1","J04-010","Chub","Adult","Velocity",16.4497716894977
"153","Annual","slice2","J04-010","Chub","Adult","Velocity",6.08447488584475
"154","Annual","slice3","J04-010","Chub","Adult","Velocity",99.3264840182648
"155","Annual","slice4","J04-010","Chub","Adult","Velocity",5.21689497716895
"156","Annual","slice1","J05-010","Chub","Adult","Velocity",99.7374429223744
"157","Annual","slice2","J05-010","Chub","Adult","Velocity",3.6986301369863
"158","Annual","slice3","J05-010","Chub","Adult","Velocity",0.251436781609195
"159","Annual","slice4","J05-010","Chub","Adult","Velocity",0.23972602739726
"160","Annual","slice1","J07-010","Chub","Adult","Velocity",57.0205479452055
"161","Annual","slice2","J07-010","Chub","Adult","Velocity",1.35844748858447
"162","Annual","slice3","J07-010","Chub","Adult","Velocity",4.38356164383562
"163","Annual","slice1","L01-060","Chub","Adult","Velocity",0.273972602739726
"164","Annual","slice2","L01-060","Chub","Adult","Velocity",39.4520547945205
"165","Annual","slice3","L01-060","Chub","Adult","Velocity",0.547945205479452
"166","Annual","slice1","L01-080","Chub","Adult","Velocity",1.64383561643836
"167","Annual","slice2","L01-080","Chub","Adult","Velocity",8.76712328767123
"168","Annual","slice3","L01-080","Chub","Adult","Velocity",98.9130434782609
"169","Annual","slice1","L01-100","Chub","Adult","Velocity",0
"170","Annual","slice2","L01-100","Chub","Adult","Velocity",0
"171","Annual","slice3","L01-100","Chub","Adult","Velocity",6.3013698630137
"172","Annual","slice4","L01-100","Chub","Adult","Velocity",4.10958904109589
"173","Annual","slice1","L02-010","Chub","Adult","Velocity",20.8219178082192
"174","Annual","slice2","L02-010","Chub","Adult","Velocity",100
"175","Annual","slice3","L02-010","Chub","Adult","Velocity",61.9178082191781
"176","Annual","slice1","L02-020","Chub","Adult","Velocity",64.9315068493151
"177","Annual","slice2","L02-020","Chub","Adult","Velocity",6.3013698630137
"178","Annual","slice3","L02-020","Chub","Adult","Velocity",3.83561643835616
"179","Annual","slice1","L02-021","Chub","Adult","Velocity",0
"180","Annual","slice2","L02-021","Chub","Adult","Velocity",0
"181","Annual","slice3","L02-021","Chub","Adult","Velocity",67.1232876712329
"182","Annual","slice4","L02-021","Chub","Adult","Velocity",0
"183","Annual","slice1","L02-022","Chub","Adult","Velocity",0
"184","Annual","slice2","L02-022","Chub","Adult","Velocity",31.7808219178082
"185","Annual","slice3","L02-022","Chub","Adult","Velocity",0
"186","Annual","slice4","L02-022","Chub","Adult","Velocity",11.2328767123288
"187","Annual","slice5","L02-022","Chub","Adult","Velocity",6.02739726027397
"188","Annual","slice6","L02-022","Chub","Adult","Velocity",80.8219178082192
"189","Annual","slice1","L02-023","Chub","Adult","Velocity",0
"190","Annual","slice2","L02-023","Chub","Adult","Velocity",0
"191","Annual","slice3","L02-023","Chub","Adult","Velocity",0
"192","Annual","slice4","L02-023","Chub","Adult","Velocity",71.7808219178082
"193","Annual","slice1","L02-030","Chub","Adult","Velocity",0
"194","Annual","slice2","L02-030","Chub","Adult","Velocity",72.0547945205479
"195","Annual","slice3","L02-030","Chub","Adult","Velocity",0
"196","Annual","slice1","L02-031","Chub","Adult","Velocity",14.7945205479452
"197","Annual","slice2","L02-031","Chub","Adult","Velocity",80.8219178082192
"198","Annual","slice3","L02-031","Chub","Adult","Velocity",0
"199","Annual","slice4","L02-031","Chub","Adult","Velocity",74.2465753424657
"200","Annual","slice1","L02-040","Chub","Adult","Velocity",2.46575342465753
"201","Annual","slice2","L02-040","Chub","Adult","Velocity",10.6849315068493
"202","Annual","slice3","L02-040","Chub","Adult","Velocity",2.73972602739726
"203","Annual","slice4","L02-040","Chub","Adult","Velocity",74.7945205479452
"204","Annual","slice1","L02-041","Chub","Adult","Velocity",0
"205","Annual","slice2","L02-041","Chub","Adult","Velocity",21.9178082191781
"206","Annual","slice3","L02-041","Chub","Adult","Velocity",0
"207","Annual","slice1","L02-050","Chub","Adult","Velocity",2.73972602739726
"208","Annual","slice2","L02-050","Chub","Adult","Velocity",43.013698630137
"209","Annual","slice3","L02-050","Chub","Adult","Velocity",53.4246575342466
"210","Annual","slice1","L02-051","Chub","Adult","Velocity",0
"211","Annual","slice2","L02-051","Chub","Adult","Velocity",35.3424657534247
"212","Annual","slice3","L02-051","Chub","Adult","Velocity",0
"213","Annual","slice1","J01-010","Willow","Adult","StreamPower",100
"214","Annual","slice2","J01-010","Willow","Adult","StreamPower",100
"215","Annual","slice3","J01-010","Willow","Adult","StreamPower",100
"216","Annual","slice1","J01-020","Willow","Adult","StreamPower",100
"217","Annual","slice2","J01-020","Willow","Adult","StreamPower",100
"218","Annual","slice3","J01-020","Willow","Adult","StreamPower",100
"219","Annual","slice4","J01-020","Willow","Adult","StreamPower",100
"220","Annual","slice1","J01-030","Willow","Adult","StreamPower",100
"221","Annual","slice2","J01-030","Willow","Adult","StreamPower",100
"222","Annual","slice3","J01-030","Willow","Adult","StreamPower",100
"223","Annual","slice4","J01-030","Willow","Adult","StreamPower",100
"224","Annual","slice5","J01-030","Willow","Adult","StreamPower",100
"225","Annual","slice1","J01-031","Willow","Adult","StreamPower",100
"226","Annual","slice2","J01-031","Willow","Adult","StreamPower",100
"227","Annual","slice3","J01-031","Willow","Adult","StreamPower",100
"228","Annual","slice1","J01-040","Willow","Adult","StreamPower",100
"229","Annual","slice2","J01-040","Willow","Adult","StreamPower",100
"230","Annual","slice3","J01-040","Willow","Adult","StreamPower",100
"231","Annual","slice4","J01-040","Willow","Adult","StreamPower",100
"232","Annual","slice5","J01-040","Willow","Adult","StreamPower",100
"233","Annual","slice1","J01-041","Willow","Adult","StreamPower",100
"234","Annual","slice2","J01-041","Willow","Adult","StreamPower",100
"235","Annual","slice3","J01-041","Willow","Adult","StreamPower",100
"236","Annual","slice1","J01-060","Willow","Adult","StreamPower",100
"237","Annual","slice2","J01-060","Willow","Adult","StreamPower",100
"238","Annual","slice3","J01-060","Willow","Adult","StreamPower",100
"239","Annual","slice1","J01-061","Willow","Adult","StreamPower",100
"240","Annual","slice2","J01-061","Willow","Adult","StreamPower",100
"241","Annual","slice3","J01-061","Willow","Adult","StreamPower",100
"242","Annual","slice1","J01-062","Willow","Adult","StreamPower",100
"243","Annual","slice1","J01-070","Willow","Adult","StreamPower",100
"244","Annual","slice1","J01-080","Willow","Adult","StreamPower",100
"245","Annual","slice2","J01-080","Willow","Adult","StreamPower",100
"246","Annual","slice3","J01-080","Willow","Adult","StreamPower",100
"247","Annual","slice1","J01-090","Willow","Adult","StreamPower",100
"248","Annual","slice2","J01-090","Willow","Adult","StreamPower",100
"249","Annual","slice1","J01-091","Willow","Adult","StreamPower",100
"250","Annual","slice2","J01-091","Willow","Adult","StreamPower",100
"251","Annual","slice3","J01-091","Willow","Adult","StreamPower",100
"252","Annual","slice1","J01-100","Willow","Adult","StreamPower",100
"253","Annual","slice2","J01-100","Willow","Adult","StreamPower",100
"254","Annual","slice3","J01-100","Willow","Adult","StreamPower",100
"255","Annual","slice1","J03-010","Willow","Adult","StreamPower",100
"256","Annual","slice2","J03-010","Willow","Adult","StreamPower",100
"257","Annual","slice3","J03-010","Willow","Adult","StreamPower",100
"258","Annual","slice1","J04-010","Willow","Adult","StreamPower",100
"259","Annual","slice2","J04-010","Willow","Adult","StreamPower",100
"260","Annual","slice3","J04-010","Willow","Adult","StreamPower",100
"261","Annual","slice4","J04-010","Willow","Adult","StreamPower",100
"262","Annual","slice1","J05-010","Willow","Adult","StreamPower",100
"263","Annual","slice2","J05-010","Willow","Adult","StreamPower",100
"264","Annual","slice3","J05-010","Willow","Adult","StreamPower",100
"265","Annual","slice4","J05-010","Willow","Adult","StreamPower",100
"266","Annual","slice1","J07-010","Willow","Adult","StreamPower",100
"267","Annual","slice2","J07-010","Willow","Adult","StreamPower",100
"268","Annual","slice3","J07-010","Willow","Adult","StreamPower",100
"269","Annual","slice1","L01-060","Willow","Adult","StreamPower",100
"270","Annual","slice2","L01-060","Willow","Adult","StreamPower",100
"271","Annual","slice3","L01-060","Willow","Adult","StreamPower",100
"272","Annual","slice1","L01-080","Willow","Adult","StreamPower",100
"273","Annual","slice2","L01-080","Willow","Adult","StreamPower",100
"274","Annual","slice3","L01-080","Willow","Adult","StreamPower",100
"275","Annual","slice1","L01-100","Willow","Adult","StreamPower",100
"276","Annual","slice2","L01-100","Willow","Adult","StreamPower",100
"277","Annual","slice3","L01-100","Willow","Adult","StreamPower",100
"278","Annual","slice4","L01-100","Willow","Adult","StreamPower",100
"279","Annual","slice1","L02-010","Willow","Adult","StreamPower",100
"280","Annual","slice2","L02-010","Willow","Adult","StreamPower",100
"281","Annual","slice3","L02-010","Willow","Adult","StreamPower",100
"282","Annual","slice1","L02-020","Willow","Adult","StreamPower",100
"283","Annual","slice2","L02-020","Willow","Adult","StreamPower",100
"284","Annual","slice3","L02-020","Willow","Adult","StreamPower",100
"285","Annual","slice1","L02-021","Willow","Adult","StreamPower",100
"286","Annual","slice2","L02-021","Willow","Adult","StreamPower",100
"287","Annual","slice3","L02-021","Willow","Adult","StreamPower",100
"288","Annual","slice4","L02-021","Willow","Adult","StreamPower",100
"289","Annual","slice1","L02-022","Willow","Adult","StreamPower",100
"290","Annual","slice2","L02-022","Willow","Adult","StreamPower",100
"291","Annual","slice3","L02-022","Willow","Adult","StreamPower",100
"292","Annual","slice4","L02-022","Willow","Adult","StreamPower",100
"293","Annual","slice5","L02-022","Willow","Adult","StreamPower",100
"294","Annual","slice6","L02-022","Willow","Adult","StreamPower",100
"295","Annual","slice1","L02-023","Willow","Adult","StreamPower",100
"296","Annual","slice2","L02-023","Willow","Adult","StreamPower",100
"297","Annual","slice3","L02-023","Willow","Adult","StreamPower",100
"298","Annual","slice4","L02-023","Willow","Adult","StreamPower",100
"299","Annual","slice1","L02-030","Willow","Adult","StreamPower",100
"300","Annual","slice2","L02-030","Willow","Adult","StreamPower",100
"301","Annual","slice3","L02-030","Willow","Adult","StreamPower",100
"302","Annual","slice1","L02-031","Willow","Adult","StreamPower",100
"303","Annual","slice2","L02-031","Willow","Adult","StreamPower",100
"304","Annual","slice3","L02-031","Willow","Adult","StreamPower",100
"305","Annual","slice4","L02-031","Willow","Adult","StreamPower",100
"306","Annual","slice1","L02-040","Willow","Adult","StreamPower",100
"307","Annual","slice2","L02-040","Willow","Adult","StreamPower",100
"308","Annual","slice3","L02-040","Willow","Adult","StreamPower",100
"309","Annual","slice4","L02-040","Willow","Adult","StreamPower",100
"310","Annual","slice1","L02-041","Willow","Adult","StreamPower",100
"311","Annual","slice2","L02-041","Willow","Adult","StreamPower",100
"312","Annual","slice3","L02-041","Willow","Adult","StreamPower",100
"313","Annual","slice1","L02-050","Willow","Adult","StreamPower",100
"314","Annual","slice2","L02-050","Willow","Adult","StreamPower",100
"315","Annual","slice3","L02-050","Willow","Adult","StreamPower",100
"316","Annual","slice1","L02-051","Willow","Adult","StreamPower",100
"317","Annual","slice2","L02-051","Willow","Adult","StreamPower",100
"318","Annual","slice3","L02-051","Willow","Adult","StreamPower",100
"319","critical","slice1","J01-010","Willow","Seedling","Depth",0.796903460837887
"320","critical","slice2","J01-010","Willow","Seedling","Depth",1.77595628415301
"321","critical","slice3","J01-010","Willow","Seedling","Depth",1.1384335154827
"322","critical","slice1","J01-020","Willow","Seedling","Depth",0.11384335154827
"323","critical","slice2","J01-020","Willow","Seedling","Depth",0.591985428051002
"324","critical","slice3","J01-020","Willow","Seedling","Depth",2.98269581056466
"325","critical","slice4","J01-020","Willow","Seedling","Depth",1.45719489981785
"326","critical","slice1","J01-030","Willow","Seedling","Depth",0.0227686703096539
"327","critical","slice2","J01-030","Willow","Seedling","Depth",0.0455373406193078
"328","critical","slice3","J01-030","Willow","Seedling","Depth",0.159380692167577
"329","critical","slice4","J01-030","Willow","Seedling","Depth",0.0455373406193078
"330","critical","slice5","J01-030","Willow","Seedling","Depth",0
"331","critical","slice1","J01-031","Willow","Seedling","Depth",0
"332","critical","slice2","J01-031","Willow","Seedling","Depth",0.0455373406193078
"333","critical","slice3","J01-031","Willow","Seedling","Depth",0
"334","critical","slice1","J01-040","Willow","Seedling","Depth",0.0455373406193078
"335","critical","slice2","J01-040","Willow","Seedling","Depth",1.91256830601093
"336","critical","slice3","J01-040","Willow","Seedling","Depth",1.61657559198543
"337","critical","slice4","J01-040","Willow","Seedling","Depth",2.41347905282332
"338","critical","slice5","J01-040","Willow","Seedling","Depth",0.0455373406193078
"339","critical","slice1","J01-041","Willow","Seedling","Depth",0.0683060109289618
"340","critical","slice2","J01-041","Willow","Seedling","Depth",1.1384335154827
"341","critical","slice3","J01-041","Willow","Seedling","Depth",0.11384335154827
"342","critical","slice1","J01-060","Willow","Seedling","Depth",0.318761384335155
"343","critical","slice2","J01-060","Willow","Seedling","Depth",1.11566484517304
"344","critical","slice3","J01-060","Willow","Seedling","Depth",0.295992714025501
"345","critical","slice1","J01-061","Willow","Seedling","Depth",0.136612021857924
"346","critical","slice2","J01-061","Willow","Seedling","Depth",0.478142076502732
"347","critical","slice3","J01-061","Willow","Seedling","Depth",0.182149362477231
"348","critical","slice1","J01-062","Willow","Seedling","Depth",0.0455373406193078
"349","critical","slice1","J01-070","Willow","Seedling","Depth",0.295992714025501
"350","critical","slice1","J01-080","Willow","Seedling","Depth",0
"351","critical","slice2","J01-080","Willow","Seedling","Depth",0.204918032786885
"352","critical","slice3","J01-080","Willow","Seedling","Depth",0
"353","critical","slice1","J01-090","Willow","Seedling","Depth",0
"354","critical","slice2","J01-090","Willow","Seedling","Depth",0.546448087431694
"355","critical","slice1","J01-091","Willow","Seedling","Depth",0
"356","critical","slice2","J01-091","Willow","Seedling","Depth",0.11384335154827
"357","critical","slice3","J01-091","Willow","Seedling","Depth",0
"358","critical","slice1","J01-100","Willow","Seedling","Depth",0.0227686703096539
"359","critical","slice2","J01-100","Willow","Seedling","Depth",0.0227686703096539
"360","critical","slice3","J01-100","Willow","Seedling","Depth",0
"361","critical","slice1","J03-010","Willow","Seedling","Depth",0.341530054644809
"362","critical","slice2","J03-010","Willow","Seedling","Depth",0.842440801457195
"363","critical","slice3","J03-010","Willow","Seedling","Depth",0.11384335154827
"364","critical","slice1","J04-010","Willow","Seedling","Depth",0.842440801457195
"365","critical","slice2","J04-010","Willow","Seedling","Depth",0.751366120218579
"366","critical","slice3","J04-010","Willow","Seedling","Depth",1.00182149362477
"367","critical","slice4","J04-010","Willow","Seedling","Depth",0.500910746812386
"368","critical","slice1","J05-010","Willow","Seedling","Depth",0.159380692167577
"369","critical","slice2","J05-010","Willow","Seedling","Depth",0.0683060109289618
"370","critical","slice3","J05-010","Willow","Seedling","Depth",0
"371","critical","slice4","J05-010","Willow","Seedling","Depth",0
"372","critical","slice1","J07-010","Willow","Seedling","Depth",0.0455373406193078
"373","critical","slice2","J07-010","Willow","Seedling","Depth",0
"374","critical","slice3","J07-010","Willow","Seedling","Depth",0.0455373406193078
"375","critical","slice1","L01-060","Willow","Seedling","Depth",0
"376","critical","slice2","L01-060","Willow","Seedling","Depth",1.63934426229508
"377","critical","slice3","L01-060","Willow","Seedling","Depth",0
"378","critical","slice1","L01-080","Willow","Seedling","Depth",0
"379","critical","slice2","L01-080","Willow","Seedling","Depth",0
"380","critical","slice3","L01-080","Willow","Seedling","Depth",1.09289617486339
"381","critical","slice1","L01-100","Willow","Seedling","Depth",0
"382","critical","slice2","L01-100","Willow","Seedling","Depth",0
"383","critical","slice3","L01-100","Willow","Seedling","Depth",0
"384","critical","slice4","L01-100","Willow","Seedling","Depth",0
"385","critical","slice1","L02-010","Willow","Seedling","Depth",0
"386","critical","slice2","L02-010","Willow","Seedling","Depth",1.63934426229508
"387","critical","slice3","L02-010","Willow","Seedling","Depth",1.09289617486339
"388","critical","slice1","L02-020","Willow","Seedling","Depth",2.18579234972678
"389","critical","slice2","L02-020","Willow","Seedling","Depth",0
"390","critical","slice3","L02-020","Willow","Seedling","Depth",0
"391","critical","slice1","L02-021","Willow","Seedling","Depth",0
"392","critical","slice2","L02-021","Willow","Seedling","Depth",0
"393","critical","slice3","L02-021","Willow","Seedling","Depth",2.73224043715847
"394","critical","slice4","L02-021","Willow","Seedling","Depth",0
"395","critical","slice1","L02-022","Willow","Seedling","Depth",0
"396","critical","slice2","L02-022","Willow","Seedling","Depth",0
"397","critical","slice3","L02-022","Willow","Seedling","Depth",0
"398","critical","slice4","L02-022","Willow","Seedling","Depth",0
"399","critical","slice5","L02-022","Willow","Seedling","Depth",0
"400","critical","slice6","L02-022","Willow","Seedling","Depth",0
"401","critical","slice1","L02-023","Willow","Seedling","Depth",0
"402","critical","slice2","L02-023","Willow","Seedling","Depth",0
"403","critical","slice3","L02-023","Willow","Seedling","Depth",0
"404","critical","slice4","L02-023","Willow","Seedling","Depth",2.18579234972678
"405","critical","slice1","L02-030","Willow","Seedling","Depth",0
"406","critical","slice2","L02-030","Willow","Seedling","Depth",0.546448087431694
"407","critical","slice3","L02-030","Willow","Seedling","Depth",0
"408","critical","slice1","L02-031","Willow","Seedling","Depth",0
"409","critical","slice2","L02-031","Willow","Seedling","Depth",0
"410","critical","slice3","L02-031","Willow","Seedling","Depth",0
"411","critical","slice4","L02-031","Willow","Seedling","Depth",0.546448087431694
"412","critical","slice1","L02-040","Willow","Seedling","Depth",0
"413","critical","slice2","L02-040","Willow","Seedling","Depth",0
"414","critical","slice3","L02-040","Willow","Seedling","Depth",0
"415","critical","slice4","L02-040","Willow","Seedling","Depth",0.546448087431694
"416","critical","slice1","L02-041","Willow","Seedling","Depth",0
"417","critical","slice2","L02-041","Willow","Seedling","Depth",0
"418","critical","slice3","L02-041","Willow","Seedling","Depth",0
"419","critical","slice1","L02-050","Willow","Seedling","Depth",0
"420","critical","slice2","L02-050","Willow","Seedling","Depth",0.546448087431694
"421","critical","slice3","L02-050","Willow","Seedling","Depth",1.09289617486339
"422","critical","slice1","L02-051","Willow","Seedling","Depth",0
"423","critical","slice2","L02-051","Willow","Seedling","Depth",0
"424","critical","slice3","L02-051","Willow","Seedling","Depth",0
"425","critical","slice1","J01-010","Willow","Seedling","Shear Stress",6.23861566484517
"426","critical","slice2","J01-010","Willow","Seedling","Shear Stress",100
"427","critical","slice3","J01-010","Willow","Seedling","Shear Stress",8.26502732240437
"428","critical","slice1","J01-020","Willow","Seedling","Shear Stress",0.751366120218579
"429","critical","slice2","J01-020","Willow","Seedling","Shear Stress",2.04918032786885
"430","critical","slice3","J01-020","Willow","Seedling","Shear Stress",0
"431","critical","slice4","J01-020","Willow","Seedling","Shear Stress",85.9744990892532
"432","critical","slice1","J01-030","Willow","Seedling","Shear Stress",0.478142076502732
"433","critical","slice2","J01-030","Willow","Seedling","Shear Stress",0.865209471766849
"434","critical","slice3","J01-030","Willow","Seedling","Shear Stress",0
"435","critical","slice4","J01-030","Willow","Seedling","Shear Stress",0.910746812386157
"436","critical","slice5","J01-030","Willow","Seedling","Shear Stress",0.0227686703096539
"437","critical","slice1","J01-031","Willow","Seedling","Shear Stress",0.796903460837887
"438","critical","slice2","J01-031","Willow","Seedling","Shear Stress",0
"439","critical","slice3","J01-031","Willow","Seedling","Shear Stress",0.159380692167577
"440","critical","slice1","J01-040","Willow","Seedling","Shear Stress",0.318761384335155
"441","critical","slice2","J01-040","Willow","Seedling","Shear Stress",100
"442","critical","slice3","J01-040","Willow","Seedling","Shear Stress",24.1803278688525
"443","critical","slice4","J01-040","Willow","Seedling","Shear Stress",0
"444","critical","slice5","J01-040","Willow","Seedling","Shear Stress",0.409836065573771
"445","critical","slice1","J01-041","Willow","Seedling","Shear Stress",0.546448087431694
"446","critical","slice2","J01-041","Willow","Seedling","Shear Stress",0
"447","critical","slice3","J01-041","Willow","Seedling","Shear Stress",0.591985428051002
"448","critical","slice1","J01-060","Willow","Seedling","Shear Stress",2.3224043715847
"449","critical","slice2","J01-060","Willow","Seedling","Shear Stress",0
"450","critical","slice3","J01-060","Willow","Seedling","Shear Stress",1.61657559198543
"451","critical","slice1","J01-061","Willow","Seedling","Shear Stress",0.295992714025501
"452","critical","slice2","J01-061","Willow","Seedling","Shear Stress",57.9007285974499
"453","critical","slice3","J01-061","Willow","Seedling","Shear Stress",0.546448087431694
"454","critical","slice1","J01-062","Willow","Seedling","Shear Stress",0.182149362477231
"455","critical","slice1","J01-070","Willow","Seedling","Shear Stress",0
"456","critical","slice1","J01-080","Willow","Seedling","Shear Stress",0.136612021857924
"457","critical","slice2","J01-080","Willow","Seedling","Shear Stress",0
"458","critical","slice3","J01-080","Willow","Seedling","Shear Stress",0.136612021857924
"459","critical","slice1","J01-090","Willow","Seedling","Shear Stress",0
"460","critical","slice2","J01-090","Willow","Seedling","Shear Stress",0
"461","critical","slice1","J01-091","Willow","Seedling","Shear Stress",0
"462","critical","slice2","J01-091","Willow","Seedling","Shear Stress",0
"463","critical","slice3","J01-091","Willow","Seedling","Shear Stress",0
"464","critical","slice1","J01-100","Willow","Seedling","Shear Stress",1.4344262295082
"465","critical","slice2","J01-100","Willow","Seedling","Shear Stress",0
"466","critical","slice3","J01-100","Willow","Seedling","Shear Stress",0.136612021857924
"467","critical","slice1","J03-010","Willow","Seedling","Shear Stress",0.933515482695811
"468","critical","slice2","J03-010","Willow","Seedling","Shear Stress",0
"469","critical","slice3","J03-010","Willow","Seedling","Shear Stress",0.933515482695811
"470","critical","slice1","J04-010","Willow","Seedling","Shear Stress",19.7176684881603
"471","critical","slice2","J04-010","Willow","Seedling","Shear Stress",4.3488160291439
"472","critical","slice3","J04-010","Willow","Seedling","Shear Stress",0
"473","critical","slice4","J04-010","Willow","Seedling","Shear Stress",2.48178506375228
"474","critical","slice1","J05-010","Willow","Seedling","Shear Stress",0
"475","critical","slice2","J05-010","Willow","Seedling","Shear Stress",0.683060109289617
"476","critical","slice3","J05-010","Willow","Seedling","Shear Stress",0.0227686703096539
"477","critical","slice4","J05-010","Willow","Seedling","Shear Stress",0.0227686703096539
"478","critical","slice1","J07-010","Willow","Seedling","Shear Stress",0
"479","critical","slice2","J07-010","Willow","Seedling","Shear Stress",0.318761384335155
"480","critical","slice3","J07-010","Willow","Seedling","Shear Stress",0.819672131147541
"481","critical","slice1","L01-060","Willow","Seedling","Shear Stress",0
"482","critical","slice2","L01-060","Willow","Seedling","Shear Stress",59.0163934426229
"483","critical","slice3","L01-060","Willow","Seedling","Shear Stress",0
"484","critical","slice1","L01-080","Willow","Seedling","Shear Stress",0.546448087431694
"485","critical","slice2","L01-080","Willow","Seedling","Shear Stress",2.73224043715847
"486","critical","slice3","L01-080","Willow","Seedling","Shear Stress",0
"487","critical","slice1","L01-100","Willow","Seedling","Shear Stress",0
"488","critical","slice2","L01-100","Willow","Seedling","Shear Stress",0
"489","critical","slice3","L01-100","Willow","Seedling","Shear Stress",26.2295081967213
"490","critical","slice4","L01-100","Willow","Seedling","Shear Stress",0
"491","critical","slice1","L02-010","Willow","Seedling","Shear Stress",15.3005464480874
"492","critical","slice2","L02-010","Willow","Seedling","Shear Stress",100
"493","critical","slice3","L02-010","Willow","Seedling","Shear Stress",79.7814207650273
"494","critical","slice1","L02-020","Willow","Seedling","Shear Stress",89.0710382513661
"495","critical","slice2","L02-020","Willow","Seedling","Shear Stress",1.09289617486339
"496","critical","slice3","L02-020","Willow","Seedling","Shear Stress",0.546448087431694
"497","critical","slice1","L02-021","Willow","Seedling","Shear Stress",0
"498","critical","slice2","L02-021","Willow","Seedling","Shear Stress",0
"499","critical","slice3","L02-021","Willow","Seedling","Shear Stress",90.7103825136612
"500","critical","slice4","L02-021","Willow","Seedling","Shear Stress",0
"501","critical","slice1","L02-022","Willow","Seedling","Shear Stress",0
"502","critical","slice2","L02-022","Willow","Seedling","Shear Stress",34.9726775956284
"503","critical","slice3","L02-022","Willow","Seedling","Shear Stress",0
"504","critical","slice4","L02-022","Willow","Seedling","Shear Stress",2.18579234972678
"505","critical","slice5","L02-022","Willow","Seedling","Shear Stress",0.546448087431694
"506","critical","slice6","L02-022","Willow","Seedling","Shear Stress",93.9890710382514
"507","critical","slice1","L02-023","Willow","Seedling","Shear Stress",0
"508","critical","slice2","L02-023","Willow","Seedling","Shear Stress",0
"509","critical","slice3","L02-023","Willow","Seedling","Shear Stress",0
"510","critical","slice4","L02-023","Willow","Seedling","Shear Stress",97.8142076502732
"511","critical","slice1","L02-030","Willow","Seedling","Shear Stress",0
"512","critical","slice2","L02-030","Willow","Seedling","Shear Stress",92.896174863388
"513","critical","slice3","L02-030","Willow","Seedling","Shear Stress",0
"514","critical","slice1","L02-031","Willow","Seedling","Shear Stress",2.18579234972678
"515","critical","slice2","L02-031","Willow","Seedling","Shear Stress",100
"516","critical","slice3","L02-031","Willow","Seedling","Shear Stress",0
"517","critical","slice4","L02-031","Willow","Seedling","Shear Stress",92.3497267759563
"518","critical","slice1","L02-040","Willow","Seedling","Shear Stress",0
"519","critical","slice2","L02-040","Willow","Seedling","Shear Stress",2.18579234972678
"520","critical","slice3","L02-040","Willow","Seedling","Shear Stress",0
"521","critical","slice4","L02-040","Willow","Seedling","Shear Stress",94.5355191256831
"522","critical","slice1","L02-041","Willow","Seedling","Shear Stress",0
"523","critical","slice2","L02-041","Willow","Seedling","Shear Stress",2.18579234972678
"524","critical","slice3","L02-041","Willow","Seedling","Shear Stress",0
"525","critical","slice1","L02-050","Willow","Seedling","Shear Stress",0.546448087431694
"526","critical","slice2","L02-050","Willow","Seedling","Shear Stress",80.8743169398907
"527","critical","slice3","L02-050","Willow","Seedling","Shear Stress",80.8743169398907
"528","critical","slice1","L02-051","Willow","Seedling","Shear Stress",0
"529","critical","slice2","L02-051","Willow","Seedling","Shear Stress",53.551912568306
"530","critical","slice3","L02-051","Willow","Seedling","Shear Stress",0
"531","critical","slice1","J01-010","Willow","Germination","Depth",5.91985428051002
"532","critical","slice2","J01-010","Willow","Germination","Depth",100
"533","critical","slice3","J01-010","Willow","Germination","Depth",6.98998178506375
"534","critical","slice1","J01-020","Willow","Germination","Depth",0.63752276867031
"535","critical","slice2","J01-020","Willow","Germination","Depth",1.07012750455373
"536","critical","slice3","J01-020","Willow","Germination","Depth",100
"537","critical","slice4","J01-020","Willow","Germination","Depth",8.37887067395264
"538","critical","slice1","J01-030","Willow","Germination","Depth",0.0683060109289618
"539","critical","slice2","J01-030","Willow","Germination","Depth",0.250455373406193
"540","critical","slice3","J01-030","Willow","Germination","Depth",2.3224043715847
"541","critical","slice4","J01-030","Willow","Germination","Depth",0.432604735883424
"542","critical","slice5","J01-030","Willow","Germination","Depth",0
"543","critical","slice1","J01-031","Willow","Germination","Depth",0.341530054644809
"544","critical","slice2","J01-031","Willow","Germination","Depth",0.683060109289617
"545","critical","slice3","J01-031","Willow","Germination","Depth",0.0455373406193078
"546","critical","slice1","J01-040","Willow","Germination","Depth",0.318761384335155
"547","critical","slice2","J01-040","Willow","Germination","Depth",38.615664845173
"548","critical","slice3","J01-040","Willow","Germination","Depth",4.28051001821494
"549","critical","slice4","J01-040","Willow","Germination","Depth",100
"550","critical","slice5","J01-040","Willow","Germination","Depth",0.364298724954463
"551","critical","slice1","J01-041","Willow","Germination","Depth",0.364298724954463
"552","critical","slice2","J01-041","Willow","Germination","Depth",59.7905282331512
"553","critical","slice3","J01-041","Willow","Germination","Depth",0.546448087431694
"554","critical","slice1","J01-060","Willow","Germination","Depth",1.70765027322404
"555","critical","slice2","J01-060","Willow","Germination","Depth",100
"556","critical","slice3","J01-060","Willow","Germination","Depth",0.933515482695811
"557","critical","slice1","J01-061","Willow","Germination","Depth",0.250455373406193
"558","critical","slice2","J01-061","Willow","Germination","Depth",1.79872495446266
"559","critical","slice3","J01-061","Willow","Germination","Depth",0.52367941712204
"560","critical","slice1","J01-062","Willow","Germination","Depth",0.11384335154827
"561","critical","slice1","J01-070","Willow","Germination","Depth",3.5063752276867
"562","critical","slice1","J01-080","Willow","Germination","Depth",0.0910746812386157
"563","critical","slice2","J01-080","Willow","Germination","Depth",3.32422586520947
"564","critical","slice3","J01-080","Willow","Germination","Depth",0.0910746812386157
"565","critical","slice1","J01-090","Willow","Germination","Depth",0
"566","critical","slice2","J01-090","Willow","Germination","Depth",4.73588342440801
"567","critical","slice1","J01-091","Willow","Germination","Depth",0
"568","critical","slice2","J01-091","Willow","Germination","Depth",1.68488160291439
"569","critical","slice3","J01-091","Willow","Germination","Depth",0
"570","critical","slice1","J01-100","Willow","Germination","Depth",0.0910746812386157
"571","critical","slice2","J01-100","Willow","Germination","Depth",0.865209471766849
"572","critical","slice3","J01-100","Willow","Germination","Depth",0.0455373406193078
"573","critical","slice1","J03-010","Willow","Germination","Depth",0.887978142076503
"574","critical","slice2","J03-010","Willow","Germination","Depth",100
"575","critical","slice3","J03-010","Willow","Germination","Depth",0.796903460837887
"576","critical","slice1","J04-010","Willow","Germination","Depth",5.96539162112933
"577","critical","slice2","J04-010","Willow","Germination","Depth",1.4344262295082
"578","critical","slice3","J04-010","Willow","Germination","Depth",100
"579","critical","slice4","J04-010","Willow","Germination","Depth",1.11566484517304
"580","critical","slice1","J05-010","Willow","Germination","Depth",2.04918032786885
"581","critical","slice2","J05-010","Willow","Germination","Depth",0.478142076502732
"582","critical","slice3","J05-010","Willow","Germination","Depth",0.0227686703096539
"583","critical","slice4","J05-010","Willow","Germination","Depth",0.0227686703096539
"584","critical","slice1","J07-010","Willow","Germination","Depth",0.546448087431694
"585","critical","slice2","J07-010","Willow","Germination","Depth",0.11384335154827
"586","critical","slice3","J07-010","Willow","Germination","Depth",0.318761384335155
"587","critical","slice1","L01-060","Willow","Germination","Depth",0
"588","critical","slice2","L01-060","Willow","Germination","Depth",4.37158469945355
"589","critical","slice3","L01-060","Willow","Germination","Depth",0
"590","critical","slice1","L01-080","Willow","Germination","Depth",0.546448087431694
"591","critical","slice2","L01-080","Willow","Germination","Depth",1.09289617486339
"592","critical","slice3","L01-080","Willow","Germination","Depth",3.27868852459016
"593","critical","slice1","L01-100","Willow","Germination","Depth",0
"594","critical","slice2","L01-100","Willow","Germination","Depth",0
"595","critical","slice3","L01-100","Willow","Germination","Depth",1.09289617486339
"596","critical","slice4","L01-100","Willow","Germination","Depth",0
"597","critical","slice1","L02-010","Willow","Germination","Depth",2.18579234972678
"598","critical","slice2","L02-010","Willow","Germination","Depth",18.5792349726776
"599","critical","slice3","L02-010","Willow","Germination","Depth",14.7540983606557
"600","critical","slice1","L02-020","Willow","Germination","Depth",74.3169398907104
"601","critical","slice2","L02-020","Willow","Germination","Depth",0.546448087431694
"602","critical","slice3","L02-020","Willow","Germination","Depth",0
"603","critical","slice1","L02-021","Willow","Germination","Depth",0
"604","critical","slice2","L02-021","Willow","Germination","Depth",0
"605","critical","slice3","L02-021","Willow","Germination","Depth",61.2021857923497
"606","critical","slice4","L02-021","Willow","Germination","Depth",0
"607","critical","slice1","L02-022","Willow","Germination","Depth",0
"608","critical","slice2","L02-022","Willow","Germination","Depth",2.73224043715847
"609","critical","slice3","L02-022","Willow","Germination","Depth",0
"610","critical","slice4","L02-022","Willow","Germination","Depth",0.546448087431694
"611","critical","slice5","L02-022","Willow","Germination","Depth",0
"612","critical","slice6","L02-022","Willow","Germination","Depth",14.207650273224
"613","critical","slice1","L02-023","Willow","Germination","Depth",0
"614","critical","slice2","L02-023","Willow","Germination","Depth",0
"615","critical","slice3","L02-023","Willow","Germination","Depth",0
"616","critical","slice4","L02-023","Willow","Germination","Depth",51.9125683060109
"617","critical","slice1","L02-030","Willow","Germination","Depth",0
"618","critical","slice2","L02-030","Willow","Germination","Depth",18.0327868852459
"619","critical","slice3","L02-030","Willow","Germination","Depth",0
"620","critical","slice1","L02-031","Willow","Germination","Depth",2.18579234972678
"621","critical","slice2","L02-031","Willow","Germination","Depth",71.5846994535519
"622","critical","slice3","L02-031","Willow","Germination","Depth",0
"623","critical","slice4","L02-031","Willow","Germination","Depth",34.9726775956284
"624","critical","slice1","L02-040","Willow","Germination","Depth",0
"625","critical","slice2","L02-040","Willow","Germination","Depth",0.546448087431694
"626","critical","slice3","L02-040","Willow","Germination","Depth",0
"627","critical","slice4","L02-040","Willow","Germination","Depth",27.3224043715847
"628","critical","slice1","L02-041","Willow","Germination","Depth",0
"629","critical","slice2","L02-041","Willow","Germination","Depth",1.63934426229508
"630","critical","slice3","L02-041","Willow","Germination","Depth",0
"631","critical","slice1","L02-050","Willow","Germination","Depth",0.546448087431694
"632","critical","slice2","L02-050","Willow","Germination","Depth",3.27868852459016
"633","critical","slice3","L02-050","Willow","Germination","Depth",34.9726775956284
"634","critical","slice1","L02-051","Willow","Germination","Depth",0
"635","critical","slice2","L02-051","Willow","Germination","Depth",2.18579234972678
"636","critical","slice3","L02-051","Willow","Germination","Depth",0
