"","month_year","water_year","month","season","position","Node","Probability_Threshold","n_days","Species","Life_Stage","Hydraulic"
"1",Jan 1993,1993,1,"non_critical","slice1","J01-060","days_per_month",31,"Willow","Seedling","Depth"
"2",Jan 1993,1993,1,"non_critical","slice2","J01-060","days_per_month",31,"Willow","Seedling","Depth"
"3",Jan 1993,1993,1,"non_critical","slice3","J01-060","days_per_month",31,"Willow","Seedling","Depth"
"4",Jan 1994,1994,1,"non_critical","slice1","J01-060","days_per_month",31,"Willow","Seedling","Depth"
"5",Jan 1994,1994,1,"non_critical","slice2","J01-060","days_per_month",31,"Willow","Seedling","Depth"
"6",Jan 1994,1994,1,"non_critical","slice3","J01-060","days_per_month",31,"Willow","Seedling","Depth"
"7",Jan 1995,1995,1,"non_critical","slice1","J01-060","days_per_month",31,"Willow","Seedling","Depth"
"8",Jan 1995,1995,1,"non_critical","slice2","J01-060","days_per_month",31,"Willow","Seedling","Depth"
"9",Jan 1995,1995,1,"non_critical","slice3","J01-060","days_per_month",31,"Willow","Seedling","Depth"
"10",Jan 1996,1996,1,"non_critical","slice1","J01-060","days_per_month",31,"Willow","Seedling","Depth"
"11",Jan 1996,1996,1,"non_critical","slice2","J01-060","days_per_month",31,"Willow","Seedling","Depth"
"12",Jan 1996,1996,1,"non_critical","slice3","J01-060","days_per_month",31,"Willow","Seedling","Depth"
"13",Jan 1997,1997,1,"non_critical","slice1","J01-060","days_per_month",31,"Willow","Seedling","Depth"
"14",Jan 1997,1997,1,"non_critical","slice2","J01-060","days_per_month",31,"Willow","Seedling","Depth"
"15",Jan 1997,1997,1,"non_critical","slice3","J01-060","days_per_month",31,"Willow","Seedling","Depth"
"16",Jan 1998,1998,1,"non_critical","slice1","J01-060","days_per_month",31,"Willow","Seedling","Depth"
"17",Jan 1998,1998,1,"non_critical","slice2","J01-060","days_per_month",31,"Willow","Seedling","Depth"
"18",Jan 1998,1998,1,"non_critical","slice3","J01-060","days_per_month",31,"Willow","Seedling","Depth"
"19",Jan 1999,1999,1,"non_critical","slice1","J01-060","days_per_month",31,"Willow","Seedling","Depth"
"20",Jan 1999,1999,1,"non_critical","slice2","J01-060","days_per_month",31,"Willow","Seedling","Depth"
"21",Jan 1999,1999,1,"non_critical","slice3","J01-060","days_per_month",31,"Willow","Seedling","Depth"
"22",Jan 2000,2000,1,"non_critical","slice1","J01-060","days_per_month",31,"Willow","Seedling","Depth"
"23",Jan 2000,2000,1,"non_critical","slice2","J01-060","days_per_month",31,"Willow","Seedling","Depth"
"24",Jan 2000,2000,1,"non_critical","slice3","J01-060","days_per_month",31,"Willow","Seedling","Depth"
"25",Jan 2001,2001,1,"non_critical","slice1","J01-060","days_per_month",31,"Willow","Seedling","Depth"
"26",Jan 2001,2001,1,"non_critical","slice2","J01-060","days_per_month",31,"Willow","Seedling","Depth"
"27",Jan 2001,2001,1,"non_critical","slice3","J01-060","days_per_month",31,"Willow","Seedling","Depth"
"28",Jan 2002,2002,1,"non_critical","slice1","J01-060","days_per_month",31,"Willow","Seedling","Depth"
"29",Jan 2002,2002,1,"non_critical","slice2","J01-060","days_per_month",31,"Willow","Seedling","Depth"
"30",Jan 2002,2002,1,"non_critical","slice3","J01-060","days_per_month",31,"Willow","Seedling","Depth"
"31",Jan 2003,2003,1,"non_critical","slice1","J01-060","days_per_month",31,"Willow","Seedling","Depth"
"32",Jan 2003,2003,1,"non_critical","slice2","J01-060","days_per_month",31,"Willow","Seedling","Depth"
"33",Jan 2003,2003,1,"non_critical","slice3","J01-060","days_per_month",31,"Willow","Seedling","Depth"
"34",Jan 2004,2004,1,"non_critical","slice1","J01-060","days_per_month",31,"Willow","Seedling","Depth"
"35",Jan 2004,2004,1,"non_critical","slice2","J01-060","days_per_month",31,"Willow","Seedling","Depth"
"36",Jan 2004,2004,1,"non_critical","slice3","J01-060","days_per_month",31,"Willow","Seedling","Depth"
"37",Jan 2005,2005,1,"non_critical","slice1","J01-060","days_per_month",31,"Willow","Seedling","Depth"
"38",Jan 2005,2005,1,"non_critical","slice2","J01-060","days_per_month",31,"Willow","Seedling","Depth"
"39",Jan 2005,2005,1,"non_critical","slice3","J01-060","days_per_month",31,"Willow","Seedling","Depth"
"40",Jan 2006,2006,1,"non_critical","slice1","J01-060","days_per_month",31,"Willow","Seedling","Depth"
"41",Jan 2006,2006,1,"non_critical","slice2","J01-060","days_per_month",31,"Willow","Seedling","Depth"
"42",Jan 2006,2006,1,"non_critical","slice3","J01-060","days_per_month",31,"Willow","Seedling","Depth"
"43",Jan 2007,2007,1,"non_critical","slice1","J01-060","days_per_month",31,"Willow","Seedling","Depth"
"44",Jan 2007,2007,1,"non_critical","slice2","J01-060","days_per_month",31,"Willow","Seedling","Depth"
"45",Jan 2007,2007,1,"non_critical","slice3","J01-060","days_per_month",31,"Willow","Seedling","Depth"
"46",Jan 2008,2008,1,"non_critical","slice1","J01-060","days_per_month",31,"Willow","Seedling","Depth"
"47",Jan 2008,2008,1,"non_critical","slice2","J01-060","days_per_month",31,"Willow","Seedling","Depth"
"48",Jan 2008,2008,1,"non_critical","slice3","J01-060","days_per_month",31,"Willow","Seedling","Depth"
"49",Jan 2009,2009,1,"non_critical","slice1","J01-060","days_per_month",31,"Willow","Seedling","Depth"
"50",Jan 2009,2009,1,"non_critical","slice2","J01-060","days_per_month",31,"Willow","Seedling","Depth"
"51",Jan 2009,2009,1,"non_critical","slice3","J01-060","days_per_month",31,"Willow","Seedling","Depth"
"52",Jan 2010,2010,1,"non_critical","slice1","J01-060","days_per_month",31,"Willow","Seedling","Depth"
"53",Jan 2010,2010,1,"non_critical","slice2","J01-060","days_per_month",31,"Willow","Seedling","Depth"
"54",Jan 2010,2010,1,"non_critical","slice3","J01-060","days_per_month",31,"Willow","Seedling","Depth"
"55",Jan 2011,2011,1,"non_critical","slice1","J01-060","days_per_month",31,"Willow","Seedling","Depth"
"56",Jan 2011,2011,1,"non_critical","slice2","J01-060","days_per_month",31,"Willow","Seedling","Depth"
"57",Jan 2011,2011,1,"non_critical","slice3","J01-060","days_per_month",31,"Willow","Seedling","Depth"
"58",Jan 2012,2012,1,"non_critical","slice1","J01-060","days_per_month",31,"Willow","Seedling","Depth"
"59",Jan 2012,2012,1,"non_critical","slice2","J01-060","days_per_month",31,"Willow","Seedling","Depth"
"60",Jan 2012,2012,1,"non_critical","slice3","J01-060","days_per_month",31,"Willow","Seedling","Depth"
"61",Jan 2013,2013,1,"non_critical","slice1","J01-060","days_per_month",31,"Willow","Seedling","Depth"
"62",Jan 2013,2013,1,"non_critical","slice2","J01-060","days_per_month",31,"Willow","Seedling","Depth"
"63",Jan 2013,2013,1,"non_critical","slice3","J01-060","days_per_month",31,"Willow","Seedling","Depth"
"64",Jan 2014,2014,1,"non_critical","slice1","J01-060","days_per_month",31,"Willow","Seedling","Depth"
"65",Jan 2014,2014,1,"non_critical","slice2","J01-060","days_per_month",31,"Willow","Seedling","Depth"
"66",Jan 2014,2014,1,"non_critical","slice3","J01-060","days_per_month",31,"Willow","Seedling","Depth"
"67",Jan 2015,2015,1,"non_critical","slice1","J01-060","days_per_month",31,"Willow","Seedling","Depth"
"68",Jan 2015,2015,1,"non_critical","slice2","J01-060","days_per_month",31,"Willow","Seedling","Depth"
"69",Jan 2015,2015,1,"non_critical","slice3","J01-060","days_per_month",31,"Willow","Seedling","Depth"
"70",Jan 2016,2016,1,"non_critical","slice1","J01-060","days_per_month",31,"Willow","Seedling","Depth"
"71",Jan 2016,2016,1,"non_critical","slice2","J01-060","days_per_month",31,"Willow","Seedling","Depth"
"72",Jan 2016,2016,1,"non_critical","slice3","J01-060","days_per_month",31,"Willow","Seedling","Depth"
"73",Jan 2017,2017,1,"non_critical","slice1","J01-060","days_per_month",31,"Willow","Seedling","Depth"
"74",Jan 2017,2017,1,"non_critical","slice2","J01-060","days_per_month",31,"Willow","Seedling","Depth"
"75",Jan 2017,2017,1,"non_critical","slice3","J01-060","days_per_month",31,"Willow","Seedling","Depth"
"76",Jan 2018,2018,1,"non_critical","slice1","J01-060","days_per_month",31,"Willow","Seedling","Depth"
"77",Jan 2018,2018,1,"non_critical","slice2","J01-060","days_per_month",31,"Willow","Seedling","Depth"
"78",Jan 2018,2018,1,"non_critical","slice3","J01-060","days_per_month",31,"Willow","Seedling","Depth"
"79",Feb 1993,1993,2,"non_critical","slice1","J01-060","days_per_month",28,"Willow","Seedling","Depth"
"80",Feb 1993,1993,2,"non_critical","slice2","J01-060","days_per_month",28,"Willow","Seedling","Depth"
"81",Feb 1993,1993,2,"non_critical","slice3","J01-060","days_per_month",28,"Willow","Seedling","Depth"
"82",Feb 1994,1994,2,"non_critical","slice1","J01-060","days_per_month",28,"Willow","Seedling","Depth"
"83",Feb 1994,1994,2,"non_critical","slice2","J01-060","days_per_month",28,"Willow","Seedling","Depth"
"84",Feb 1994,1994,2,"non_critical","slice3","J01-060","days_per_month",28,"Willow","Seedling","Depth"
"85",Feb 1995,1995,2,"non_critical","slice1","J01-060","days_per_month",29,"Willow","Seedling","Depth"
"86",Feb 1995,1995,2,"non_critical","slice2","J01-060","days_per_month",29,"Willow","Seedling","Depth"
"87",Feb 1995,1995,2,"non_critical","slice3","J01-060","days_per_month",29,"Willow","Seedling","Depth"
"88",Feb 1996,1996,2,"non_critical","slice1","J01-060","days_per_month",28,"Willow","Seedling","Depth"
"89",Feb 1996,1996,2,"non_critical","slice2","J01-060","days_per_month",28,"Willow","Seedling","Depth"
"90",Feb 1996,1996,2,"non_critical","slice3","J01-060","days_per_month",28,"Willow","Seedling","Depth"
"91",Feb 1997,1997,2,"non_critical","slice1","J01-060","days_per_month",28,"Willow","Seedling","Depth"
"92",Feb 1997,1997,2,"non_critical","slice2","J01-060","days_per_month",28,"Willow","Seedling","Depth"
"93",Feb 1997,1997,2,"non_critical","slice3","J01-060","days_per_month",28,"Willow","Seedling","Depth"
"94",Feb 1998,1998,2,"non_critical","slice1","J01-060","days_per_month",28,"Willow","Seedling","Depth"
"95",Feb 1998,1998,2,"non_critical","slice2","J01-060","days_per_month",28,"Willow","Seedling","Depth"
"96",Feb 1998,1998,2,"non_critical","slice3","J01-060","days_per_month",28,"Willow","Seedling","Depth"
"97",Feb 1999,1999,2,"non_critical","slice1","J01-060","days_per_month",29,"Willow","Seedling","Depth"
"98",Feb 1999,1999,2,"non_critical","slice2","J01-060","days_per_month",29,"Willow","Seedling","Depth"
"99",Feb 1999,1999,2,"non_critical","slice3","J01-060","days_per_month",29,"Willow","Seedling","Depth"
"100",Feb 2000,2000,2,"non_critical","slice1","J01-060","days_per_month",28,"Willow","Seedling","Depth"
"101",Feb 2000,2000,2,"non_critical","slice2","J01-060","days_per_month",28,"Willow","Seedling","Depth"
"102",Feb 2000,2000,2,"non_critical","slice3","J01-060","days_per_month",28,"Willow","Seedling","Depth"
"103",Feb 2001,2001,2,"non_critical","slice1","J01-060","days_per_month",28,"Willow","Seedling","Depth"
"104",Feb 2001,2001,2,"non_critical","slice2","J01-060","days_per_month",28,"Willow","Seedling","Depth"
"105",Feb 2001,2001,2,"non_critical","slice3","J01-060","days_per_month",28,"Willow","Seedling","Depth"
"106",Feb 2002,2002,2,"non_critical","slice1","J01-060","days_per_month",28,"Willow","Seedling","Depth"
"107",Feb 2002,2002,2,"non_critical","slice2","J01-060","days_per_month",28,"Willow","Seedling","Depth"
"108",Feb 2002,2002,2,"non_critical","slice3","J01-060","days_per_month",28,"Willow","Seedling","Depth"
"109",Feb 2003,2003,2,"non_critical","slice1","J01-060","days_per_month",29,"Willow","Seedling","Depth"
"110",Feb 2003,2003,2,"non_critical","slice2","J01-060","days_per_month",29,"Willow","Seedling","Depth"
"111",Feb 2003,2003,2,"non_critical","slice3","J01-060","days_per_month",29,"Willow","Seedling","Depth"
"112",Feb 2004,2004,2,"non_critical","slice1","J01-060","days_per_month",28,"Willow","Seedling","Depth"
"113",Feb 2004,2004,2,"non_critical","slice2","J01-060","days_per_month",28,"Willow","Seedling","Depth"
"114",Feb 2004,2004,2,"non_critical","slice3","J01-060","days_per_month",28,"Willow","Seedling","Depth"
"115",Feb 2005,2005,2,"non_critical","slice1","J01-060","days_per_month",28,"Willow","Seedling","Depth"
"116",Feb 2005,2005,2,"non_critical","slice2","J01-060","days_per_month",28,"Willow","Seedling","Depth"
"117",Feb 2005,2005,2,"non_critical","slice3","J01-060","days_per_month",28,"Willow","Seedling","Depth"
"118",Feb 2006,2006,2,"non_critical","slice1","J01-060","days_per_month",28,"Willow","Seedling","Depth"
"119",Feb 2006,2006,2,"non_critical","slice2","J01-060","days_per_month",28,"Willow","Seedling","Depth"
"120",Feb 2006,2006,2,"non_critical","slice3","J01-060","days_per_month",28,"Willow","Seedling","Depth"
"121",Feb 2007,2007,2,"non_critical","slice1","J01-060","days_per_month",29,"Willow","Seedling","Depth"
"122",Feb 2007,2007,2,"non_critical","slice2","J01-060","days_per_month",29,"Willow","Seedling","Depth"
"123",Feb 2007,2007,2,"non_critical","slice3","J01-060","days_per_month",29,"Willow","Seedling","Depth"
"124",Feb 2008,2008,2,"non_critical","slice1","J01-060","days_per_month",28,"Willow","Seedling","Depth"
"125",Feb 2008,2008,2,"non_critical","slice2","J01-060","days_per_month",28,"Willow","Seedling","Depth"
"126",Feb 2008,2008,2,"non_critical","slice3","J01-060","days_per_month",28,"Willow","Seedling","Depth"
"127",Feb 2009,2009,2,"non_critical","slice1","J01-060","days_per_month",28,"Willow","Seedling","Depth"
"128",Feb 2009,2009,2,"non_critical","slice2","J01-060","days_per_month",28,"Willow","Seedling","Depth"
"129",Feb 2009,2009,2,"non_critical","slice3","J01-060","days_per_month",28,"Willow","Seedling","Depth"
"130",Feb 2010,2010,2,"non_critical","slice1","J01-060","days_per_month",28,"Willow","Seedling","Depth"
"131",Feb 2010,2010,2,"non_critical","slice2","J01-060","days_per_month",28,"Willow","Seedling","Depth"
"132",Feb 2010,2010,2,"non_critical","slice3","J01-060","days_per_month",28,"Willow","Seedling","Depth"
"133",Feb 2011,2011,2,"non_critical","slice1","J01-060","days_per_month",29,"Willow","Seedling","Depth"
"134",Feb 2011,2011,2,"non_critical","slice2","J01-060","days_per_month",29,"Willow","Seedling","Depth"
"135",Feb 2011,2011,2,"non_critical","slice3","J01-060","days_per_month",29,"Willow","Seedling","Depth"
"136",Feb 2012,2012,2,"non_critical","slice1","J01-060","days_per_month",28,"Willow","Seedling","Depth"
"137",Feb 2012,2012,2,"non_critical","slice2","J01-060","days_per_month",28,"Willow","Seedling","Depth"
"138",Feb 2012,2012,2,"non_critical","slice3","J01-060","days_per_month",28,"Willow","Seedling","Depth"
"139",Feb 2013,2013,2,"non_critical","slice1","J01-060","days_per_month",28,"Willow","Seedling","Depth"
"140",Feb 2013,2013,2,"non_critical","slice2","J01-060","days_per_month",28,"Willow","Seedling","Depth"
"141",Feb 2013,2013,2,"non_critical","slice3","J01-060","days_per_month",28,"Willow","Seedling","Depth"
"142",Feb 2014,2014,2,"non_critical","slice1","J01-060","days_per_month",28,"Willow","Seedling","Depth"
"143",Feb 2014,2014,2,"non_critical","slice2","J01-060","days_per_month",28,"Willow","Seedling","Depth"
"144",Feb 2014,2014,2,"non_critical","slice3","J01-060","days_per_month",28,"Willow","Seedling","Depth"
"145",Feb 2015,2015,2,"non_critical","slice1","J01-060","days_per_month",29,"Willow","Seedling","Depth"
"146",Feb 2015,2015,2,"non_critical","slice2","J01-060","days_per_month",29,"Willow","Seedling","Depth"
"147",Feb 2015,2015,2,"non_critical","slice3","J01-060","days_per_month",29,"Willow","Seedling","Depth"
"148",Feb 2016,2016,2,"non_critical","slice1","J01-060","days_per_month",28,"Willow","Seedling","Depth"
"149",Feb 2016,2016,2,"non_critical","slice2","J01-060","days_per_month",28,"Willow","Seedling","Depth"
"150",Feb 2016,2016,2,"non_critical","slice3","J01-060","days_per_month",28,"Willow","Seedling","Depth"
"151",Feb 2017,2017,2,"non_critical","slice1","J01-060","days_per_month",28,"Willow","Seedling","Depth"
"152",Feb 2017,2017,2,"non_critical","slice2","J01-060","days_per_month",28,"Willow","Seedling","Depth"
"153",Feb 2017,2017,2,"non_critical","slice3","J01-060","days_per_month",28,"Willow","Seedling","Depth"
"154",Feb 2018,2018,2,"non_critical","slice1","J01-060","days_per_month",28,"Willow","Seedling","Depth"
"155",Feb 2018,2018,2,"non_critical","slice2","J01-060","days_per_month",28,"Willow","Seedling","Depth"
"156",Feb 2018,2018,2,"non_critical","slice3","J01-060","days_per_month",28,"Willow","Seedling","Depth"
"157",Mar 1993,1993,3,"non_critical","slice1","J01-060","days_per_month",31,"Willow","Seedling","Depth"
"158",Mar 1993,1993,3,"non_critical","slice2","J01-060","days_per_month",31,"Willow","Seedling","Depth"
"159",Mar 1993,1993,3,"non_critical","slice3","J01-060","days_per_month",31,"Willow","Seedling","Depth"
"160",Mar 1994,1994,3,"non_critical","slice1","J01-060","days_per_month",31,"Willow","Seedling","Depth"
"161",Mar 1994,1994,3,"non_critical","slice2","J01-060","days_per_month",31,"Willow","Seedling","Depth"
"162",Mar 1994,1994,3,"non_critical","slice3","J01-060","days_per_month",31,"Willow","Seedling","Depth"
"163",Mar 1995,1995,3,"non_critical","slice1","J01-060","days_per_month",31,"Willow","Seedling","Depth"
"164",Mar 1995,1995,3,"non_critical","slice2","J01-060","days_per_month",31,"Willow","Seedling","Depth"
"165",Mar 1995,1995,3,"non_critical","slice3","J01-060","days_per_month",31,"Willow","Seedling","Depth"
"166",Mar 1996,1996,3,"non_critical","slice1","J01-060","days_per_month",31,"Willow","Seedling","Depth"
"167",Mar 1996,1996,3,"non_critical","slice2","J01-060","days_per_month",31,"Willow","Seedling","Depth"
"168",Mar 1996,1996,3,"non_critical","slice3","J01-060","days_per_month",31,"Willow","Seedling","Depth"
"169",Mar 1997,1997,3,"non_critical","slice1","J01-060","days_per_month",31,"Willow","Seedling","Depth"
"170",Mar 1997,1997,3,"non_critical","slice2","J01-060","days_per_month",31,"Willow","Seedling","Depth"
"171",Mar 1997,1997,3,"non_critical","slice3","J01-060","days_per_month",31,"Willow","Seedling","Depth"
"172",Mar 1998,1998,3,"non_critical","slice1","J01-060","days_per_month",31,"Willow","Seedling","Depth"
"173",Mar 1998,1998,3,"non_critical","slice2","J01-060","days_per_month",31,"Willow","Seedling","Depth"
"174",Mar 1998,1998,3,"non_critical","slice3","J01-060","days_per_month",31,"Willow","Seedling","Depth"
"175",Mar 1999,1999,3,"non_critical","slice1","J01-060","days_per_month",31,"Willow","Seedling","Depth"
"176",Mar 1999,1999,3,"non_critical","slice2","J01-060","days_per_month",31,"Willow","Seedling","Depth"
"177",Mar 1999,1999,3,"non_critical","slice3","J01-060","days_per_month",31,"Willow","Seedling","Depth"
"178",Mar 2000,2000,3,"non_critical","slice1","J01-060","days_per_month",31,"Willow","Seedling","Depth"
"179",Mar 2000,2000,3,"non_critical","slice2","J01-060","days_per_month",31,"Willow","Seedling","Depth"
"180",Mar 2000,2000,3,"non_critical","slice3","J01-060","days_per_month",31,"Willow","Seedling","Depth"
"181",Mar 2001,2001,3,"non_critical","slice1","J01-060","days_per_month",31,"Willow","Seedling","Depth"
"182",Mar 2001,2001,3,"non_critical","slice2","J01-060","days_per_month",31,"Willow","Seedling","Depth"
"183",Mar 2001,2001,3,"non_critical","slice3","J01-060","days_per_month",31,"Willow","Seedling","Depth"
"184",Mar 2002,2002,3,"non_critical","slice1","J01-060","days_per_month",31,"Willow","Seedling","Depth"
"185",Mar 2002,2002,3,"non_critical","slice2","J01-060","days_per_month",31,"Willow","Seedling","Depth"
"186",Mar 2002,2002,3,"non_critical","slice3","J01-060","days_per_month",31,"Willow","Seedling","Depth"
"187",Mar 2003,2003,3,"non_critical","slice1","J01-060","days_per_month",31,"Willow","Seedling","Depth"
"188",Mar 2003,2003,3,"non_critical","slice2","J01-060","days_per_month",31,"Willow","Seedling","Depth"
"189",Mar 2003,2003,3,"non_critical","slice3","J01-060","days_per_month",31,"Willow","Seedling","Depth"
"190",Mar 2004,2004,3,"non_critical","slice1","J01-060","days_per_month",31,"Willow","Seedling","Depth"
"191",Mar 2004,2004,3,"non_critical","slice2","J01-060","days_per_month",31,"Willow","Seedling","Depth"
"192",Mar 2004,2004,3,"non_critical","slice3","J01-060","days_per_month",31,"Willow","Seedling","Depth"
"193",Mar 2005,2005,3,"non_critical","slice1","J01-060","days_per_month",31,"Willow","Seedling","Depth"
"194",Mar 2005,2005,3,"non_critical","slice2","J01-060","days_per_month",31,"Willow","Seedling","Depth"
"195",Mar 2005,2005,3,"non_critical","slice3","J01-060","days_per_month",31,"Willow","Seedling","Depth"
"196",Mar 2006,2006,3,"non_critical","slice1","J01-060","days_per_month",31,"Willow","Seedling","Depth"
"197",Mar 2006,2006,3,"non_critical","slice2","J01-060","days_per_month",31,"Willow","Seedling","Depth"
"198",Mar 2006,2006,3,"non_critical","slice3","J01-060","days_per_month",31,"Willow","Seedling","Depth"
"199",Mar 2007,2007,3,"non_critical","slice1","J01-060","days_per_month",31,"Willow","Seedling","Depth"
"200",Mar 2007,2007,3,"non_critical","slice2","J01-060","days_per_month",31,"Willow","Seedling","Depth"
"201",Mar 2007,2007,3,"non_critical","slice3","J01-060","days_per_month",31,"Willow","Seedling","Depth"
"202",Mar 2008,2008,3,"non_critical","slice1","J01-060","days_per_month",31,"Willow","Seedling","Depth"
"203",Mar 2008,2008,3,"non_critical","slice2","J01-060","days_per_month",31,"Willow","Seedling","Depth"
"204",Mar 2008,2008,3,"non_critical","slice3","J01-060","days_per_month",31,"Willow","Seedling","Depth"
"205",Mar 2009,2009,3,"non_critical","slice1","J01-060","days_per_month",31,"Willow","Seedling","Depth"
"206",Mar 2009,2009,3,"non_critical","slice2","J01-060","days_per_month",31,"Willow","Seedling","Depth"
"207",Mar 2009,2009,3,"non_critical","slice3","J01-060","days_per_month",31,"Willow","Seedling","Depth"
"208",Mar 2010,2010,3,"non_critical","slice1","J01-060","days_per_month",31,"Willow","Seedling","Depth"
"209",Mar 2010,2010,3,"non_critical","slice2","J01-060","days_per_month",31,"Willow","Seedling","Depth"
"210",Mar 2010,2010,3,"non_critical","slice3","J01-060","days_per_month",31,"Willow","Seedling","Depth"
"211",Mar 2011,2011,3,"non_critical","slice1","J01-060","days_per_month",31,"Willow","Seedling","Depth"
"212",Mar 2011,2011,3,"non_critical","slice2","J01-060","days_per_month",31,"Willow","Seedling","Depth"
"213",Mar 2011,2011,3,"non_critical","slice3","J01-060","days_per_month",31,"Willow","Seedling","Depth"
"214",Mar 2012,2012,3,"non_critical","slice1","J01-060","days_per_month",31,"Willow","Seedling","Depth"
"215",Mar 2012,2012,3,"non_critical","slice2","J01-060","days_per_month",31,"Willow","Seedling","Depth"
"216",Mar 2012,2012,3,"non_critical","slice3","J01-060","days_per_month",31,"Willow","Seedling","Depth"
"217",Mar 2013,2013,3,"non_critical","slice1","J01-060","days_per_month",31,"Willow","Seedling","Depth"
"218",Mar 2013,2013,3,"non_critical","slice2","J01-060","days_per_month",31,"Willow","Seedling","Depth"
"219",Mar 2013,2013,3,"non_critical","slice3","J01-060","days_per_month",31,"Willow","Seedling","Depth"
"220",Mar 2014,2014,3,"non_critical","slice1","J01-060","days_per_month",31,"Willow","Seedling","Depth"
"221",Mar 2014,2014,3,"non_critical","slice2","J01-060","days_per_month",31,"Willow","Seedling","Depth"
"222",Mar 2014,2014,3,"non_critical","slice3","J01-060","days_per_month",31,"Willow","Seedling","Depth"
"223",Mar 2015,2015,3,"non_critical","slice1","J01-060","days_per_month",31,"Willow","Seedling","Depth"
"224",Mar 2015,2015,3,"non_critical","slice2","J01-060","days_per_month",31,"Willow","Seedling","Depth"
"225",Mar 2015,2015,3,"non_critical","slice3","J01-060","days_per_month",31,"Willow","Seedling","Depth"
"226",Mar 2016,2016,3,"non_critical","slice1","J01-060","days_per_month",31,"Willow","Seedling","Depth"
"227",Mar 2016,2016,3,"non_critical","slice2","J01-060","days_per_month",31,"Willow","Seedling","Depth"
"228",Mar 2016,2016,3,"non_critical","slice3","J01-060","days_per_month",31,"Willow","Seedling","Depth"
"229",Mar 2017,2017,3,"non_critical","slice1","J01-060","days_per_month",31,"Willow","Seedling","Depth"
"230",Mar 2017,2017,3,"non_critical","slice2","J01-060","days_per_month",31,"Willow","Seedling","Depth"
"231",Mar 2017,2017,3,"non_critical","slice3","J01-060","days_per_month",31,"Willow","Seedling","Depth"
"232",Mar 2018,2018,3,"non_critical","slice1","J01-060","days_per_month",31,"Willow","Seedling","Depth"
"233",Mar 2018,2018,3,"non_critical","slice2","J01-060","days_per_month",31,"Willow","Seedling","Depth"
"234",Mar 2018,2018,3,"non_critical","slice3","J01-060","days_per_month",31,"Willow","Seedling","Depth"
"235",Apr 1993,1993,4,"critical","slice1","J01-060","days_per_month",30,"Willow","Seedling","Depth"
"236",Apr 1993,1993,4,"critical","slice2","J01-060","days_per_month",30,"Willow","Seedling","Depth"
"237",Apr 1993,1993,4,"critical","slice3","J01-060","days_per_month",30,"Willow","Seedling","Depth"
"238",Apr 1994,1994,4,"critical","slice1","J01-060","days_per_month",30,"Willow","Seedling","Depth"
"239",Apr 1994,1994,4,"critical","slice2","J01-060","days_per_month",30,"Willow","Seedling","Depth"
"240",Apr 1994,1994,4,"critical","slice3","J01-060","days_per_month",30,"Willow","Seedling","Depth"
"241",Apr 1995,1995,4,"critical","slice1","J01-060","days_per_month",30,"Willow","Seedling","Depth"
"242",Apr 1995,1995,4,"critical","slice2","J01-060","days_per_month",30,"Willow","Seedling","Depth"
"243",Apr 1995,1995,4,"critical","slice3","J01-060","days_per_month",30,"Willow","Seedling","Depth"
"244",Apr 1996,1996,4,"critical","slice1","J01-060","days_per_month",30,"Willow","Seedling","Depth"
"245",Apr 1996,1996,4,"critical","slice2","J01-060","days_per_month",30,"Willow","Seedling","Depth"
"246",Apr 1996,1996,4,"critical","slice3","J01-060","days_per_month",30,"Willow","Seedling","Depth"
"247",Apr 1997,1997,4,"critical","slice1","J01-060","days_per_month",30,"Willow","Seedling","Depth"
"248",Apr 1997,1997,4,"critical","slice2","J01-060","days_per_month",30,"Willow","Seedling","Depth"
"249",Apr 1997,1997,4,"critical","slice3","J01-060","days_per_month",30,"Willow","Seedling","Depth"
"250",Apr 1998,1998,4,"critical","slice1","J01-060","days_per_month",30,"Willow","Seedling","Depth"
"251",Apr 1998,1998,4,"critical","slice2","J01-060","days_per_month",30,"Willow","Seedling","Depth"
"252",Apr 1998,1998,4,"critical","slice3","J01-060","days_per_month",30,"Willow","Seedling","Depth"
"253",Apr 1999,1999,4,"critical","slice1","J01-060","days_per_month",30,"Willow","Seedling","Depth"
"254",Apr 1999,1999,4,"critical","slice2","J01-060","days_per_month",30,"Willow","Seedling","Depth"
"255",Apr 1999,1999,4,"critical","slice3","J01-060","days_per_month",30,"Willow","Seedling","Depth"
"256",Apr 2000,2000,4,"critical","slice1","J01-060","days_per_month",30,"Willow","Seedling","Depth"
"257",Apr 2000,2000,4,"critical","slice2","J01-060","days_per_month",30,"Willow","Seedling","Depth"
"258",Apr 2000,2000,4,"critical","slice3","J01-060","days_per_month",30,"Willow","Seedling","Depth"
"259",Apr 2001,2001,4,"critical","slice1","J01-060","days_per_month",30,"Willow","Seedling","Depth"
"260",Apr 2001,2001,4,"critical","slice2","J01-060","days_per_month",30,"Willow","Seedling","Depth"
"261",Apr 2001,2001,4,"critical","slice3","J01-060","days_per_month",30,"Willow","Seedling","Depth"
"262",Apr 2002,2002,4,"critical","slice1","J01-060","days_per_month",30,"Willow","Seedling","Depth"
"263",Apr 2002,2002,4,"critical","slice2","J01-060","days_per_month",30,"Willow","Seedling","Depth"
"264",Apr 2002,2002,4,"critical","slice3","J01-060","days_per_month",30,"Willow","Seedling","Depth"
"265",Apr 2003,2003,4,"critical","slice1","J01-060","days_per_month",30,"Willow","Seedling","Depth"
"266",Apr 2003,2003,4,"critical","slice2","J01-060","days_per_month",30,"Willow","Seedling","Depth"
"267",Apr 2003,2003,4,"critical","slice3","J01-060","days_per_month",30,"Willow","Seedling","Depth"
"268",Apr 2004,2004,4,"critical","slice1","J01-060","days_per_month",30,"Willow","Seedling","Depth"
"269",Apr 2004,2004,4,"critical","slice2","J01-060","days_per_month",30,"Willow","Seedling","Depth"
"270",Apr 2004,2004,4,"critical","slice3","J01-060","days_per_month",30,"Willow","Seedling","Depth"
"271",Apr 2005,2005,4,"critical","slice1","J01-060","days_per_month",30,"Willow","Seedling","Depth"
"272",Apr 2005,2005,4,"critical","slice2","J01-060","days_per_month",30,"Willow","Seedling","Depth"
"273",Apr 2005,2005,4,"critical","slice3","J01-060","days_per_month",30,"Willow","Seedling","Depth"
"274",Apr 2006,2006,4,"critical","slice1","J01-060","days_per_month",30,"Willow","Seedling","Depth"
"275",Apr 2006,2006,4,"critical","slice2","J01-060","days_per_month",30,"Willow","Seedling","Depth"
"276",Apr 2006,2006,4,"critical","slice3","J01-060","days_per_month",30,"Willow","Seedling","Depth"
"277",Apr 2007,2007,4,"critical","slice1","J01-060","days_per_month",30,"Willow","Seedling","Depth"
"278",Apr 2007,2007,4,"critical","slice2","J01-060","days_per_month",30,"Willow","Seedling","Depth"
"279",Apr 2007,2007,4,"critical","slice3","J01-060","days_per_month",30,"Willow","Seedling","Depth"
"280",Apr 2008,2008,4,"critical","slice1","J01-060","days_per_month",30,"Willow","Seedling","Depth"
"281",Apr 2008,2008,4,"critical","slice2","J01-060","days_per_month",30,"Willow","Seedling","Depth"
"282",Apr 2008,2008,4,"critical","slice3","J01-060","days_per_month",30,"Willow","Seedling","Depth"
"283",Apr 2009,2009,4,"critical","slice1","J01-060","days_per_month",30,"Willow","Seedling","Depth"
"284",Apr 2009,2009,4,"critical","slice2","J01-060","days_per_month",30,"Willow","Seedling","Depth"
"285",Apr 2009,2009,4,"critical","slice3","J01-060","days_per_month",30,"Willow","Seedling","Depth"
"286",Apr 2010,2010,4,"critical","slice1","J01-060","days_per_month",30,"Willow","Seedling","Depth"
"287",Apr 2010,2010,4,"critical","slice2","J01-060","days_per_month",30,"Willow","Seedling","Depth"
"288",Apr 2010,2010,4,"critical","slice3","J01-060","days_per_month",30,"Willow","Seedling","Depth"
"289",Apr 2011,2011,4,"critical","slice1","J01-060","days_per_month",30,"Willow","Seedling","Depth"
"290",Apr 2011,2011,4,"critical","slice2","J01-060","days_per_month",30,"Willow","Seedling","Depth"
"291",Apr 2011,2011,4,"critical","slice3","J01-060","days_per_month",30,"Willow","Seedling","Depth"
"292",Apr 2012,2012,4,"critical","slice1","J01-060","days_per_month",30,"Willow","Seedling","Depth"
"293",Apr 2012,2012,4,"critical","slice2","J01-060","days_per_month",30,"Willow","Seedling","Depth"
"294",Apr 2012,2012,4,"critical","slice3","J01-060","days_per_month",30,"Willow","Seedling","Depth"
"295",Apr 2013,2013,4,"critical","slice1","J01-060","days_per_month",30,"Willow","Seedling","Depth"
"296",Apr 2013,2013,4,"critical","slice2","J01-060","days_per_month",30,"Willow","Seedling","Depth"
"297",Apr 2013,2013,4,"critical","slice3","J01-060","days_per_month",30,"Willow","Seedling","Depth"
"298",Apr 2014,2014,4,"critical","slice1","J01-060","days_per_month",30,"Willow","Seedling","Depth"
"299",Apr 2014,2014,4,"critical","slice2","J01-060","days_per_month",30,"Willow","Seedling","Depth"
"300",Apr 2014,2014,4,"critical","slice3","J01-060","days_per_month",30,"Willow","Seedling","Depth"
"301",Apr 2015,2015,4,"critical","slice1","J01-060","days_per_month",30,"Willow","Seedling","Depth"
"302",Apr 2015,2015,4,"critical","slice2","J01-060","days_per_month",30,"Willow","Seedling","Depth"
"303",Apr 2015,2015,4,"critical","slice3","J01-060","days_per_month",30,"Willow","Seedling","Depth"
"304",Apr 2016,2016,4,"critical","slice1","J01-060","days_per_month",30,"Willow","Seedling","Depth"
"305",Apr 2016,2016,4,"critical","slice2","J01-060","days_per_month",30,"Willow","Seedling","Depth"
"306",Apr 2016,2016,4,"critical","slice3","J01-060","days_per_month",30,"Willow","Seedling","Depth"
"307",Apr 2017,2017,4,"critical","slice1","J01-060","days_per_month",30,"Willow","Seedling","Depth"
"308",Apr 2017,2017,4,"critical","slice2","J01-060","days_per_month",30,"Willow","Seedling","Depth"
"309",Apr 2017,2017,4,"critical","slice3","J01-060","days_per_month",30,"Willow","Seedling","Depth"
"310",Apr 2018,2018,4,"critical","slice1","J01-060","days_per_month",30,"Willow","Seedling","Depth"
"311",Apr 2018,2018,4,"critical","slice2","J01-060","days_per_month",30,"Willow","Seedling","Depth"
"312",Apr 2018,2018,4,"critical","slice3","J01-060","days_per_month",30,"Willow","Seedling","Depth"
"313",May 1993,1993,5,"critical","slice1","J01-060","days_per_month",31,"Willow","Seedling","Depth"
"314",May 1993,1993,5,"critical","slice2","J01-060","days_per_month",31,"Willow","Seedling","Depth"
"315",May 1993,1993,5,"critical","slice3","J01-060","days_per_month",31,"Willow","Seedling","Depth"
"316",May 1994,1994,5,"critical","slice1","J01-060","days_per_month",31,"Willow","Seedling","Depth"
"317",May 1994,1994,5,"critical","slice2","J01-060","days_per_month",31,"Willow","Seedling","Depth"
"318",May 1994,1994,5,"critical","slice3","J01-060","days_per_month",31,"Willow","Seedling","Depth"
"319",May 1995,1995,5,"critical","slice1","J01-060","days_per_month",31,"Willow","Seedling","Depth"
"320",May 1995,1995,5,"critical","slice2","J01-060","days_per_month",31,"Willow","Seedling","Depth"
"321",May 1995,1995,5,"critical","slice3","J01-060","days_per_month",31,"Willow","Seedling","Depth"
"322",May 1996,1996,5,"critical","slice1","J01-060","days_per_month",31,"Willow","Seedling","Depth"
"323",May 1996,1996,5,"critical","slice2","J01-060","days_per_month",31,"Willow","Seedling","Depth"
"324",May 1996,1996,5,"critical","slice3","J01-060","days_per_month",31,"Willow","Seedling","Depth"
"325",May 1997,1997,5,"critical","slice1","J01-060","days_per_month",31,"Willow","Seedling","Depth"
"326",May 1997,1997,5,"critical","slice2","J01-060","days_per_month",31,"Willow","Seedling","Depth"
"327",May 1997,1997,5,"critical","slice3","J01-060","days_per_month",31,"Willow","Seedling","Depth"
"328",May 1998,1998,5,"critical","slice1","J01-060","days_per_month",31,"Willow","Seedling","Depth"
"329",May 1998,1998,5,"critical","slice2","J01-060","days_per_month",31,"Willow","Seedling","Depth"
"330",May 1998,1998,5,"critical","slice3","J01-060","days_per_month",31,"Willow","Seedling","Depth"
"331",May 1999,1999,5,"critical","slice1","J01-060","days_per_month",31,"Willow","Seedling","Depth"
"332",May 1999,1999,5,"critical","slice2","J01-060","days_per_month",31,"Willow","Seedling","Depth"
"333",May 1999,1999,5,"critical","slice3","J01-060","days_per_month",31,"Willow","Seedling","Depth"
"334",May 2000,2000,5,"critical","slice1","J01-060","days_per_month",31,"Willow","Seedling","Depth"
"335",May 2000,2000,5,"critical","slice2","J01-060","days_per_month",31,"Willow","Seedling","Depth"
"336",May 2000,2000,5,"critical","slice3","J01-060","days_per_month",31,"Willow","Seedling","Depth"
"337",May 2001,2001,5,"critical","slice1","J01-060","days_per_month",31,"Willow","Seedling","Depth"
"338",May 2001,2001,5,"critical","slice2","J01-060","days_per_month",31,"Willow","Seedling","Depth"
"339",May 2001,2001,5,"critical","slice3","J01-060","days_per_month",31,"Willow","Seedling","Depth"
"340",May 2002,2002,5,"critical","slice1","J01-060","days_per_month",31,"Willow","Seedling","Depth"
"341",May 2002,2002,5,"critical","slice2","J01-060","days_per_month",31,"Willow","Seedling","Depth"
"342",May 2002,2002,5,"critical","slice3","J01-060","days_per_month",31,"Willow","Seedling","Depth"
"343",May 2003,2003,5,"critical","slice1","J01-060","days_per_month",31,"Willow","Seedling","Depth"
"344",May 2003,2003,5,"critical","slice2","J01-060","days_per_month",31,"Willow","Seedling","Depth"
"345",May 2003,2003,5,"critical","slice3","J01-060","days_per_month",31,"Willow","Seedling","Depth"
"346",May 2004,2004,5,"critical","slice1","J01-060","days_per_month",31,"Willow","Seedling","Depth"
"347",May 2004,2004,5,"critical","slice2","J01-060","days_per_month",31,"Willow","Seedling","Depth"
"348",May 2004,2004,5,"critical","slice3","J01-060","days_per_month",31,"Willow","Seedling","Depth"
"349",May 2005,2005,5,"critical","slice1","J01-060","days_per_month",31,"Willow","Seedling","Depth"
"350",May 2005,2005,5,"critical","slice2","J01-060","days_per_month",31,"Willow","Seedling","Depth"
"351",May 2005,2005,5,"critical","slice3","J01-060","days_per_month",31,"Willow","Seedling","Depth"
"352",May 2006,2006,5,"critical","slice1","J01-060","days_per_month",31,"Willow","Seedling","Depth"
"353",May 2006,2006,5,"critical","slice2","J01-060","days_per_month",31,"Willow","Seedling","Depth"
"354",May 2006,2006,5,"critical","slice3","J01-060","days_per_month",31,"Willow","Seedling","Depth"
"355",May 2007,2007,5,"critical","slice1","J01-060","days_per_month",31,"Willow","Seedling","Depth"
"356",May 2007,2007,5,"critical","slice2","J01-060","days_per_month",31,"Willow","Seedling","Depth"
"357",May 2007,2007,5,"critical","slice3","J01-060","days_per_month",31,"Willow","Seedling","Depth"
"358",May 2008,2008,5,"critical","slice1","J01-060","days_per_month",31,"Willow","Seedling","Depth"
"359",May 2008,2008,5,"critical","slice2","J01-060","days_per_month",31,"Willow","Seedling","Depth"
"360",May 2008,2008,5,"critical","slice3","J01-060","days_per_month",31,"Willow","Seedling","Depth"
"361",May 2009,2009,5,"critical","slice1","J01-060","days_per_month",31,"Willow","Seedling","Depth"
"362",May 2009,2009,5,"critical","slice2","J01-060","days_per_month",31,"Willow","Seedling","Depth"
"363",May 2009,2009,5,"critical","slice3","J01-060","days_per_month",31,"Willow","Seedling","Depth"
"364",May 2010,2010,5,"critical","slice1","J01-060","days_per_month",31,"Willow","Seedling","Depth"
"365",May 2010,2010,5,"critical","slice2","J01-060","days_per_month",31,"Willow","Seedling","Depth"
"366",May 2010,2010,5,"critical","slice3","J01-060","days_per_month",31,"Willow","Seedling","Depth"
"367",May 2011,2011,5,"critical","slice1","J01-060","days_per_month",31,"Willow","Seedling","Depth"
"368",May 2011,2011,5,"critical","slice2","J01-060","days_per_month",31,"Willow","Seedling","Depth"
"369",May 2011,2011,5,"critical","slice3","J01-060","days_per_month",31,"Willow","Seedling","Depth"
"370",May 2012,2012,5,"critical","slice1","J01-060","days_per_month",31,"Willow","Seedling","Depth"
"371",May 2012,2012,5,"critical","slice2","J01-060","days_per_month",31,"Willow","Seedling","Depth"
"372",May 2012,2012,5,"critical","slice3","J01-060","days_per_month",31,"Willow","Seedling","Depth"
"373",May 2013,2013,5,"critical","slice1","J01-060","days_per_month",31,"Willow","Seedling","Depth"
"374",May 2013,2013,5,"critical","slice2","J01-060","days_per_month",31,"Willow","Seedling","Depth"
"375",May 2013,2013,5,"critical","slice3","J01-060","days_per_month",31,"Willow","Seedling","Depth"
"376",May 2014,2014,5,"critical","slice1","J01-060","days_per_month",31,"Willow","Seedling","Depth"
"377",May 2014,2014,5,"critical","slice2","J01-060","days_per_month",31,"Willow","Seedling","Depth"
"378",May 2014,2014,5,"critical","slice3","J01-060","days_per_month",31,"Willow","Seedling","Depth"
"379",May 2015,2015,5,"critical","slice1","J01-060","days_per_month",31,"Willow","Seedling","Depth"
"380",May 2015,2015,5,"critical","slice2","J01-060","days_per_month",31,"Willow","Seedling","Depth"
"381",May 2015,2015,5,"critical","slice3","J01-060","days_per_month",31,"Willow","Seedling","Depth"
"382",May 2016,2016,5,"critical","slice1","J01-060","days_per_month",31,"Willow","Seedling","Depth"
"383",May 2016,2016,5,"critical","slice2","J01-060","days_per_month",31,"Willow","Seedling","Depth"
"384",May 2016,2016,5,"critical","slice3","J01-060","days_per_month",31,"Willow","Seedling","Depth"
"385",May 2017,2017,5,"critical","slice1","J01-060","days_per_month",31,"Willow","Seedling","Depth"
"386",May 2017,2017,5,"critical","slice2","J01-060","days_per_month",31,"Willow","Seedling","Depth"
"387",May 2017,2017,5,"critical","slice3","J01-060","days_per_month",31,"Willow","Seedling","Depth"
"388",May 2018,2018,5,"critical","slice1","J01-060","days_per_month",20,"Willow","Seedling","Depth"
"389",May 2018,2018,5,"critical","slice2","J01-060","days_per_month",20,"Willow","Seedling","Depth"
"390",May 2018,2018,5,"critical","slice3","J01-060","days_per_month",20,"Willow","Seedling","Depth"
"391",Jun 1993,1993,6,"critical","slice1","J01-060","days_per_month",30,"Willow","Seedling","Depth"
"392",Jun 1993,1993,6,"critical","slice2","J01-060","days_per_month",30,"Willow","Seedling","Depth"
"393",Jun 1993,1993,6,"critical","slice3","J01-060","days_per_month",30,"Willow","Seedling","Depth"
"394",Jun 1994,1994,6,"critical","slice1","J01-060","days_per_month",30,"Willow","Seedling","Depth"
"395",Jun 1994,1994,6,"critical","slice2","J01-060","days_per_month",30,"Willow","Seedling","Depth"
"396",Jun 1994,1994,6,"critical","slice3","J01-060","days_per_month",30,"Willow","Seedling","Depth"
"397",Jun 1995,1995,6,"critical","slice1","J01-060","days_per_month",30,"Willow","Seedling","Depth"
"398",Jun 1995,1995,6,"critical","slice2","J01-060","days_per_month",30,"Willow","Seedling","Depth"
"399",Jun 1995,1995,6,"critical","slice3","J01-060","days_per_month",30,"Willow","Seedling","Depth"
"400",Jun 1996,1996,6,"critical","slice1","J01-060","days_per_month",30,"Willow","Seedling","Depth"
"401",Jun 1996,1996,6,"critical","slice2","J01-060","days_per_month",30,"Willow","Seedling","Depth"
"402",Jun 1996,1996,6,"critical","slice3","J01-060","days_per_month",30,"Willow","Seedling","Depth"
"403",Jun 1997,1997,6,"critical","slice1","J01-060","days_per_month",30,"Willow","Seedling","Depth"
"404",Jun 1997,1997,6,"critical","slice2","J01-060","days_per_month",30,"Willow","Seedling","Depth"
"405",Jun 1997,1997,6,"critical","slice3","J01-060","days_per_month",30,"Willow","Seedling","Depth"
"406",Jun 1998,1998,6,"critical","slice1","J01-060","days_per_month",30,"Willow","Seedling","Depth"
"407",Jun 1998,1998,6,"critical","slice2","J01-060","days_per_month",30,"Willow","Seedling","Depth"
"408",Jun 1998,1998,6,"critical","slice3","J01-060","days_per_month",30,"Willow","Seedling","Depth"
"409",Jun 1999,1999,6,"critical","slice1","J01-060","days_per_month",30,"Willow","Seedling","Depth"
"410",Jun 1999,1999,6,"critical","slice2","J01-060","days_per_month",30,"Willow","Seedling","Depth"
"411",Jun 1999,1999,6,"critical","slice3","J01-060","days_per_month",30,"Willow","Seedling","Depth"
"412",Jun 2000,2000,6,"critical","slice1","J01-060","days_per_month",30,"Willow","Seedling","Depth"
"413",Jun 2000,2000,6,"critical","slice2","J01-060","days_per_month",30,"Willow","Seedling","Depth"
"414",Jun 2000,2000,6,"critical","slice3","J01-060","days_per_month",30,"Willow","Seedling","Depth"
"415",Jun 2001,2001,6,"critical","slice1","J01-060","days_per_month",30,"Willow","Seedling","Depth"
"416",Jun 2001,2001,6,"critical","slice2","J01-060","days_per_month",30,"Willow","Seedling","Depth"
"417",Jun 2001,2001,6,"critical","slice3","J01-060","days_per_month",30,"Willow","Seedling","Depth"
"418",Jun 2002,2002,6,"critical","slice1","J01-060","days_per_month",30,"Willow","Seedling","Depth"
"419",Jun 2002,2002,6,"critical","slice2","J01-060","days_per_month",30,"Willow","Seedling","Depth"
"420",Jun 2002,2002,6,"critical","slice3","J01-060","days_per_month",30,"Willow","Seedling","Depth"
"421",Jun 2003,2003,6,"critical","slice1","J01-060","days_per_month",30,"Willow","Seedling","Depth"
"422",Jun 2003,2003,6,"critical","slice2","J01-060","days_per_month",30,"Willow","Seedling","Depth"
"423",Jun 2003,2003,6,"critical","slice3","J01-060","days_per_month",30,"Willow","Seedling","Depth"
"424",Jun 2004,2004,6,"critical","slice1","J01-060","days_per_month",30,"Willow","Seedling","Depth"
"425",Jun 2004,2004,6,"critical","slice2","J01-060","days_per_month",30,"Willow","Seedling","Depth"
"426",Jun 2004,2004,6,"critical","slice3","J01-060","days_per_month",30,"Willow","Seedling","Depth"
"427",Jun 2005,2005,6,"critical","slice1","J01-060","days_per_month",30,"Willow","Seedling","Depth"
"428",Jun 2005,2005,6,"critical","slice2","J01-060","days_per_month",30,"Willow","Seedling","Depth"
"429",Jun 2005,2005,6,"critical","slice3","J01-060","days_per_month",30,"Willow","Seedling","Depth"
"430",Jun 2006,2006,6,"critical","slice1","J01-060","days_per_month",30,"Willow","Seedling","Depth"
"431",Jun 2006,2006,6,"critical","slice2","J01-060","days_per_month",30,"Willow","Seedling","Depth"
"432",Jun 2006,2006,6,"critical","slice3","J01-060","days_per_month",30,"Willow","Seedling","Depth"
"433",Jun 2007,2007,6,"critical","slice1","J01-060","days_per_month",30,"Willow","Seedling","Depth"
"434",Jun 2007,2007,6,"critical","slice2","J01-060","days_per_month",30,"Willow","Seedling","Depth"
"435",Jun 2007,2007,6,"critical","slice3","J01-060","days_per_month",30,"Willow","Seedling","Depth"
"436",Jun 2008,2008,6,"critical","slice1","J01-060","days_per_month",30,"Willow","Seedling","Depth"
"437",Jun 2008,2008,6,"critical","slice2","J01-060","days_per_month",30,"Willow","Seedling","Depth"
"438",Jun 2008,2008,6,"critical","slice3","J01-060","days_per_month",30,"Willow","Seedling","Depth"
"439",Jun 2009,2009,6,"critical","slice1","J01-060","days_per_month",30,"Willow","Seedling","Depth"
"440",Jun 2009,2009,6,"critical","slice2","J01-060","days_per_month",30,"Willow","Seedling","Depth"
"441",Jun 2009,2009,6,"critical","slice3","J01-060","days_per_month",30,"Willow","Seedling","Depth"
"442",Jun 2010,2010,6,"critical","slice1","J01-060","days_per_month",30,"Willow","Seedling","Depth"
"443",Jun 2010,2010,6,"critical","slice2","J01-060","days_per_month",30,"Willow","Seedling","Depth"
"444",Jun 2010,2010,6,"critical","slice3","J01-060","days_per_month",30,"Willow","Seedling","Depth"
"445",Jun 2011,2011,6,"critical","slice1","J01-060","days_per_month",30,"Willow","Seedling","Depth"
"446",Jun 2011,2011,6,"critical","slice2","J01-060","days_per_month",30,"Willow","Seedling","Depth"
"447",Jun 2011,2011,6,"critical","slice3","J01-060","days_per_month",30,"Willow","Seedling","Depth"
"448",Jun 2012,2012,6,"critical","slice1","J01-060","days_per_month",30,"Willow","Seedling","Depth"
"449",Jun 2012,2012,6,"critical","slice2","J01-060","days_per_month",30,"Willow","Seedling","Depth"
"450",Jun 2012,2012,6,"critical","slice3","J01-060","days_per_month",30,"Willow","Seedling","Depth"
"451",Jun 2013,2013,6,"critical","slice1","J01-060","days_per_month",30,"Willow","Seedling","Depth"
"452",Jun 2013,2013,6,"critical","slice2","J01-060","days_per_month",30,"Willow","Seedling","Depth"
"453",Jun 2013,2013,6,"critical","slice3","J01-060","days_per_month",30,"Willow","Seedling","Depth"
"454",Jun 2014,2014,6,"critical","slice1","J01-060","days_per_month",30,"Willow","Seedling","Depth"
"455",Jun 2014,2014,6,"critical","slice2","J01-060","days_per_month",30,"Willow","Seedling","Depth"
"456",Jun 2014,2014,6,"critical","slice3","J01-060","days_per_month",30,"Willow","Seedling","Depth"
"457",Jun 2015,2015,6,"critical","slice1","J01-060","days_per_month",30,"Willow","Seedling","Depth"
"458",Jun 2015,2015,6,"critical","slice2","J01-060","days_per_month",30,"Willow","Seedling","Depth"
"459",Jun 2015,2015,6,"critical","slice3","J01-060","days_per_month",30,"Willow","Seedling","Depth"
"460",Jun 2016,2016,6,"critical","slice1","J01-060","days_per_month",30,"Willow","Seedling","Depth"
"461",Jun 2016,2016,6,"critical","slice2","J01-060","days_per_month",30,"Willow","Seedling","Depth"
"462",Jun 2016,2016,6,"critical","slice3","J01-060","days_per_month",30,"Willow","Seedling","Depth"
"463",Jun 2017,2017,6,"critical","slice1","J01-060","days_per_month",30,"Willow","Seedling","Depth"
"464",Jun 2017,2017,6,"critical","slice2","J01-060","days_per_month",30,"Willow","Seedling","Depth"
"465",Jun 2017,2017,6,"critical","slice3","J01-060","days_per_month",30,"Willow","Seedling","Depth"
"466",Jul 1993,1993,7,"critical","slice1","J01-060","days_per_month",31,"Willow","Seedling","Depth"
"467",Jul 1993,1993,7,"critical","slice2","J01-060","days_per_month",31,"Willow","Seedling","Depth"
"468",Jul 1993,1993,7,"critical","slice3","J01-060","days_per_month",31,"Willow","Seedling","Depth"
"469",Jul 1994,1994,7,"critical","slice1","J01-060","days_per_month",31,"Willow","Seedling","Depth"
"470",Jul 1994,1994,7,"critical","slice2","J01-060","days_per_month",31,"Willow","Seedling","Depth"
"471",Jul 1994,1994,7,"critical","slice3","J01-060","days_per_month",31,"Willow","Seedling","Depth"
"472",Jul 1995,1995,7,"critical","slice1","J01-060","days_per_month",31,"Willow","Seedling","Depth"
"473",Jul 1995,1995,7,"critical","slice2","J01-060","days_per_month",31,"Willow","Seedling","Depth"
"474",Jul 1995,1995,7,"critical","slice3","J01-060","days_per_month",31,"Willow","Seedling","Depth"
"475",Jul 1996,1996,7,"critical","slice1","J01-060","days_per_month",31,"Willow","Seedling","Depth"
"476",Jul 1996,1996,7,"critical","slice2","J01-060","days_per_month",31,"Willow","Seedling","Depth"
"477",Jul 1996,1996,7,"critical","slice3","J01-060","days_per_month",31,"Willow","Seedling","Depth"
"478",Jul 1997,1997,7,"critical","slice1","J01-060","days_per_month",31,"Willow","Seedling","Depth"
"479",Jul 1997,1997,7,"critical","slice2","J01-060","days_per_month",31,"Willow","Seedling","Depth"
"480",Jul 1997,1997,7,"critical","slice3","J01-060","days_per_month",31,"Willow","Seedling","Depth"
"481",Jul 1998,1998,7,"critical","slice1","J01-060","days_per_month",31,"Willow","Seedling","Depth"
"482",Jul 1998,1998,7,"critical","slice2","J01-060","days_per_month",31,"Willow","Seedling","Depth"
"483",Jul 1998,1998,7,"critical","slice3","J01-060","days_per_month",31,"Willow","Seedling","Depth"
"484",Jul 1999,1999,7,"critical","slice1","J01-060","days_per_month",31,"Willow","Seedling","Depth"
"485",Jul 1999,1999,7,"critical","slice2","J01-060","days_per_month",31,"Willow","Seedling","Depth"
"486",Jul 1999,1999,7,"critical","slice3","J01-060","days_per_month",31,"Willow","Seedling","Depth"
"487",Jul 2000,2000,7,"critical","slice1","J01-060","days_per_month",31,"Willow","Seedling","Depth"
"488",Jul 2000,2000,7,"critical","slice2","J01-060","days_per_month",31,"Willow","Seedling","Depth"
"489",Jul 2000,2000,7,"critical","slice3","J01-060","days_per_month",31,"Willow","Seedling","Depth"
"490",Jul 2001,2001,7,"critical","slice1","J01-060","days_per_month",31,"Willow","Seedling","Depth"
"491",Jul 2001,2001,7,"critical","slice2","J01-060","days_per_month",31,"Willow","Seedling","Depth"
"492",Jul 2001,2001,7,"critical","slice3","J01-060","days_per_month",31,"Willow","Seedling","Depth"
"493",Jul 2002,2002,7,"critical","slice1","J01-060","days_per_month",31,"Willow","Seedling","Depth"
"494",Jul 2002,2002,7,"critical","slice2","J01-060","days_per_month",31,"Willow","Seedling","Depth"
"495",Jul 2002,2002,7,"critical","slice3","J01-060","days_per_month",31,"Willow","Seedling","Depth"
"496",Jul 2003,2003,7,"critical","slice1","J01-060","days_per_month",31,"Willow","Seedling","Depth"
"497",Jul 2003,2003,7,"critical","slice2","J01-060","days_per_month",31,"Willow","Seedling","Depth"
"498",Jul 2003,2003,7,"critical","slice3","J01-060","days_per_month",31,"Willow","Seedling","Depth"
"499",Jul 2004,2004,7,"critical","slice1","J01-060","days_per_month",31,"Willow","Seedling","Depth"
"500",Jul 2004,2004,7,"critical","slice2","J01-060","days_per_month",31,"Willow","Seedling","Depth"
"501",Jul 2004,2004,7,"critical","slice3","J01-060","days_per_month",31,"Willow","Seedling","Depth"
"502",Jul 2005,2005,7,"critical","slice1","J01-060","days_per_month",31,"Willow","Seedling","Depth"
"503",Jul 2005,2005,7,"critical","slice2","J01-060","days_per_month",31,"Willow","Seedling","Depth"
"504",Jul 2005,2005,7,"critical","slice3","J01-060","days_per_month",31,"Willow","Seedling","Depth"
"505",Jul 2006,2006,7,"critical","slice1","J01-060","days_per_month",31,"Willow","Seedling","Depth"
"506",Jul 2006,2006,7,"critical","slice2","J01-060","days_per_month",31,"Willow","Seedling","Depth"
"507",Jul 2006,2006,7,"critical","slice3","J01-060","days_per_month",31,"Willow","Seedling","Depth"
"508",Jul 2007,2007,7,"critical","slice1","J01-060","days_per_month",31,"Willow","Seedling","Depth"
"509",Jul 2007,2007,7,"critical","slice2","J01-060","days_per_month",31,"Willow","Seedling","Depth"
"510",Jul 2007,2007,7,"critical","slice3","J01-060","days_per_month",31,"Willow","Seedling","Depth"
"511",Jul 2008,2008,7,"critical","slice1","J01-060","days_per_month",31,"Willow","Seedling","Depth"
"512",Jul 2008,2008,7,"critical","slice2","J01-060","days_per_month",31,"Willow","Seedling","Depth"
"513",Jul 2008,2008,7,"critical","slice3","J01-060","days_per_month",31,"Willow","Seedling","Depth"
"514",Jul 2009,2009,7,"critical","slice1","J01-060","days_per_month",31,"Willow","Seedling","Depth"
"515",Jul 2009,2009,7,"critical","slice2","J01-060","days_per_month",31,"Willow","Seedling","Depth"
"516",Jul 2009,2009,7,"critical","slice3","J01-060","days_per_month",31,"Willow","Seedling","Depth"
"517",Jul 2010,2010,7,"critical","slice1","J01-060","days_per_month",31,"Willow","Seedling","Depth"
"518",Jul 2010,2010,7,"critical","slice2","J01-060","days_per_month",31,"Willow","Seedling","Depth"
"519",Jul 2010,2010,7,"critical","slice3","J01-060","days_per_month",31,"Willow","Seedling","Depth"
"520",Jul 2011,2011,7,"critical","slice1","J01-060","days_per_month",31,"Willow","Seedling","Depth"
"521",Jul 2011,2011,7,"critical","slice2","J01-060","days_per_month",31,"Willow","Seedling","Depth"
"522",Jul 2011,2011,7,"critical","slice3","J01-060","days_per_month",31,"Willow","Seedling","Depth"
"523",Jul 2012,2012,7,"critical","slice1","J01-060","days_per_month",31,"Willow","Seedling","Depth"
"524",Jul 2012,2012,7,"critical","slice2","J01-060","days_per_month",31,"Willow","Seedling","Depth"
"525",Jul 2012,2012,7,"critical","slice3","J01-060","days_per_month",31,"Willow","Seedling","Depth"
"526",Jul 2013,2013,7,"critical","slice1","J01-060","days_per_month",31,"Willow","Seedling","Depth"
"527",Jul 2013,2013,7,"critical","slice2","J01-060","days_per_month",31,"Willow","Seedling","Depth"
"528",Jul 2013,2013,7,"critical","slice3","J01-060","days_per_month",31,"Willow","Seedling","Depth"
"529",Jul 2014,2014,7,"critical","slice1","J01-060","days_per_month",31,"Willow","Seedling","Depth"
"530",Jul 2014,2014,7,"critical","slice2","J01-060","days_per_month",31,"Willow","Seedling","Depth"
"531",Jul 2014,2014,7,"critical","slice3","J01-060","days_per_month",31,"Willow","Seedling","Depth"
"532",Jul 2015,2015,7,"critical","slice1","J01-060","days_per_month",31,"Willow","Seedling","Depth"
"533",Jul 2015,2015,7,"critical","slice2","J01-060","days_per_month",31,"Willow","Seedling","Depth"
"534",Jul 2015,2015,7,"critical","slice3","J01-060","days_per_month",31,"Willow","Seedling","Depth"
"535",Jul 2016,2016,7,"critical","slice1","J01-060","days_per_month",31,"Willow","Seedling","Depth"
"536",Jul 2016,2016,7,"critical","slice2","J01-060","days_per_month",31,"Willow","Seedling","Depth"
"537",Jul 2016,2016,7,"critical","slice3","J01-060","days_per_month",31,"Willow","Seedling","Depth"
"538",Jul 2017,2017,7,"critical","slice1","J01-060","days_per_month",31,"Willow","Seedling","Depth"
"539",Jul 2017,2017,7,"critical","slice2","J01-060","days_per_month",31,"Willow","Seedling","Depth"
"540",Jul 2017,2017,7,"critical","slice3","J01-060","days_per_month",31,"Willow","Seedling","Depth"
"541",Aug 1993,1993,8,"critical","slice1","J01-060","days_per_month",31,"Willow","Seedling","Depth"
"542",Aug 1993,1993,8,"critical","slice2","J01-060","days_per_month",31,"Willow","Seedling","Depth"
"543",Aug 1993,1993,8,"critical","slice3","J01-060","days_per_month",31,"Willow","Seedling","Depth"
"544",Aug 1994,1994,8,"critical","slice1","J01-060","days_per_month",31,"Willow","Seedling","Depth"
"545",Aug 1994,1994,8,"critical","slice2","J01-060","days_per_month",31,"Willow","Seedling","Depth"
"546",Aug 1994,1994,8,"critical","slice3","J01-060","days_per_month",31,"Willow","Seedling","Depth"
"547",Aug 1995,1995,8,"critical","slice1","J01-060","days_per_month",31,"Willow","Seedling","Depth"
"548",Aug 1995,1995,8,"critical","slice2","J01-060","days_per_month",31,"Willow","Seedling","Depth"
"549",Aug 1995,1995,8,"critical","slice3","J01-060","days_per_month",31,"Willow","Seedling","Depth"
"550",Aug 1996,1996,8,"critical","slice1","J01-060","days_per_month",31,"Willow","Seedling","Depth"
"551",Aug 1996,1996,8,"critical","slice2","J01-060","days_per_month",31,"Willow","Seedling","Depth"
"552",Aug 1996,1996,8,"critical","slice3","J01-060","days_per_month",31,"Willow","Seedling","Depth"
"553",Aug 1997,1997,8,"critical","slice1","J01-060","days_per_month",31,"Willow","Seedling","Depth"
"554",Aug 1997,1997,8,"critical","slice2","J01-060","days_per_month",31,"Willow","Seedling","Depth"
"555",Aug 1997,1997,8,"critical","slice3","J01-060","days_per_month",31,"Willow","Seedling","Depth"
"556",Aug 1998,1998,8,"critical","slice1","J01-060","days_per_month",31,"Willow","Seedling","Depth"
"557",Aug 1998,1998,8,"critical","slice2","J01-060","days_per_month",31,"Willow","Seedling","Depth"
"558",Aug 1998,1998,8,"critical","slice3","J01-060","days_per_month",31,"Willow","Seedling","Depth"
"559",Aug 1999,1999,8,"critical","slice1","J01-060","days_per_month",31,"Willow","Seedling","Depth"
"560",Aug 1999,1999,8,"critical","slice2","J01-060","days_per_month",31,"Willow","Seedling","Depth"
"561",Aug 1999,1999,8,"critical","slice3","J01-060","days_per_month",31,"Willow","Seedling","Depth"
"562",Aug 2000,2000,8,"critical","slice1","J01-060","days_per_month",31,"Willow","Seedling","Depth"
"563",Aug 2000,2000,8,"critical","slice2","J01-060","days_per_month",31,"Willow","Seedling","Depth"
"564",Aug 2000,2000,8,"critical","slice3","J01-060","days_per_month",31,"Willow","Seedling","Depth"
"565",Aug 2001,2001,8,"critical","slice1","J01-060","days_per_month",31,"Willow","Seedling","Depth"
"566",Aug 2001,2001,8,"critical","slice2","J01-060","days_per_month",31,"Willow","Seedling","Depth"
"567",Aug 2001,2001,8,"critical","slice3","J01-060","days_per_month",31,"Willow","Seedling","Depth"
"568",Aug 2002,2002,8,"critical","slice1","J01-060","days_per_month",31,"Willow","Seedling","Depth"
"569",Aug 2002,2002,8,"critical","slice2","J01-060","days_per_month",31,"Willow","Seedling","Depth"
"570",Aug 2002,2002,8,"critical","slice3","J01-060","days_per_month",31,"Willow","Seedling","Depth"
"571",Aug 2003,2003,8,"critical","slice1","J01-060","days_per_month",31,"Willow","Seedling","Depth"
"572",Aug 2003,2003,8,"critical","slice2","J01-060","days_per_month",31,"Willow","Seedling","Depth"
"573",Aug 2003,2003,8,"critical","slice3","J01-060","days_per_month",31,"Willow","Seedling","Depth"
"574",Aug 2004,2004,8,"critical","slice1","J01-060","days_per_month",31,"Willow","Seedling","Depth"
"575",Aug 2004,2004,8,"critical","slice2","J01-060","days_per_month",31,"Willow","Seedling","Depth"
"576",Aug 2004,2004,8,"critical","slice3","J01-060","days_per_month",31,"Willow","Seedling","Depth"
"577",Aug 2005,2005,8,"critical","slice1","J01-060","days_per_month",31,"Willow","Seedling","Depth"
"578",Aug 2005,2005,8,"critical","slice2","J01-060","days_per_month",31,"Willow","Seedling","Depth"
"579",Aug 2005,2005,8,"critical","slice3","J01-060","days_per_month",31,"Willow","Seedling","Depth"
"580",Aug 2006,2006,8,"critical","slice1","J01-060","days_per_month",31,"Willow","Seedling","Depth"
"581",Aug 2006,2006,8,"critical","slice2","J01-060","days_per_month",31,"Willow","Seedling","Depth"
"582",Aug 2006,2006,8,"critical","slice3","J01-060","days_per_month",31,"Willow","Seedling","Depth"
"583",Aug 2007,2007,8,"critical","slice1","J01-060","days_per_month",31,"Willow","Seedling","Depth"
"584",Aug 2007,2007,8,"critical","slice2","J01-060","days_per_month",31,"Willow","Seedling","Depth"
"585",Aug 2007,2007,8,"critical","slice3","J01-060","days_per_month",31,"Willow","Seedling","Depth"
"586",Aug 2008,2008,8,"critical","slice1","J01-060","days_per_month",31,"Willow","Seedling","Depth"
"587",Aug 2008,2008,8,"critical","slice2","J01-060","days_per_month",31,"Willow","Seedling","Depth"
"588",Aug 2008,2008,8,"critical","slice3","J01-060","days_per_month",31,"Willow","Seedling","Depth"
"589",Aug 2009,2009,8,"critical","slice1","J01-060","days_per_month",31,"Willow","Seedling","Depth"
"590",Aug 2009,2009,8,"critical","slice2","J01-060","days_per_month",31,"Willow","Seedling","Depth"
"591",Aug 2009,2009,8,"critical","slice3","J01-060","days_per_month",31,"Willow","Seedling","Depth"
"592",Aug 2010,2010,8,"critical","slice1","J01-060","days_per_month",31,"Willow","Seedling","Depth"
"593",Aug 2010,2010,8,"critical","slice2","J01-060","days_per_month",31,"Willow","Seedling","Depth"
"594",Aug 2010,2010,8,"critical","slice3","J01-060","days_per_month",31,"Willow","Seedling","Depth"
"595",Aug 2011,2011,8,"critical","slice1","J01-060","days_per_month",31,"Willow","Seedling","Depth"
"596",Aug 2011,2011,8,"critical","slice2","J01-060","days_per_month",31,"Willow","Seedling","Depth"
"597",Aug 2011,2011,8,"critical","slice3","J01-060","days_per_month",31,"Willow","Seedling","Depth"
"598",Aug 2012,2012,8,"critical","slice1","J01-060","days_per_month",31,"Willow","Seedling","Depth"
"599",Aug 2012,2012,8,"critical","slice2","J01-060","days_per_month",31,"Willow","Seedling","Depth"
"600",Aug 2012,2012,8,"critical","slice3","J01-060","days_per_month",31,"Willow","Seedling","Depth"
"601",Aug 2013,2013,8,"critical","slice1","J01-060","days_per_month",31,"Willow","Seedling","Depth"
"602",Aug 2013,2013,8,"critical","slice2","J01-060","days_per_month",31,"Willow","Seedling","Depth"
"603",Aug 2013,2013,8,"critical","slice3","J01-060","days_per_month",31,"Willow","Seedling","Depth"
"604",Aug 2014,2014,8,"critical","slice1","J01-060","days_per_month",31,"Willow","Seedling","Depth"
"605",Aug 2014,2014,8,"critical","slice2","J01-060","days_per_month",31,"Willow","Seedling","Depth"
"606",Aug 2014,2014,8,"critical","slice3","J01-060","days_per_month",31,"Willow","Seedling","Depth"
"607",Aug 2015,2015,8,"critical","slice1","J01-060","days_per_month",31,"Willow","Seedling","Depth"
"608",Aug 2015,2015,8,"critical","slice2","J01-060","days_per_month",31,"Willow","Seedling","Depth"
"609",Aug 2015,2015,8,"critical","slice3","J01-060","days_per_month",31,"Willow","Seedling","Depth"
"610",Aug 2016,2016,8,"critical","slice1","J01-060","days_per_month",31,"Willow","Seedling","Depth"
"611",Aug 2016,2016,8,"critical","slice2","J01-060","days_per_month",31,"Willow","Seedling","Depth"
"612",Aug 2016,2016,8,"critical","slice3","J01-060","days_per_month",31,"Willow","Seedling","Depth"
"613",Aug 2017,2017,8,"critical","slice1","J01-060","days_per_month",31,"Willow","Seedling","Depth"
"614",Aug 2017,2017,8,"critical","slice2","J01-060","days_per_month",31,"Willow","Seedling","Depth"
"615",Aug 2017,2017,8,"critical","slice3","J01-060","days_per_month",31,"Willow","Seedling","Depth"
"616",Sep 1993,1993,9,"critical","slice1","J01-060","days_per_month",30,"Willow","Seedling","Depth"
"617",Sep 1993,1993,9,"critical","slice2","J01-060","days_per_month",30,"Willow","Seedling","Depth"
"618",Sep 1993,1993,9,"critical","slice3","J01-060","days_per_month",30,"Willow","Seedling","Depth"
"619",Sep 1994,1994,9,"critical","slice1","J01-060","days_per_month",30,"Willow","Seedling","Depth"
"620",Sep 1994,1994,9,"critical","slice2","J01-060","days_per_month",30,"Willow","Seedling","Depth"
"621",Sep 1994,1994,9,"critical","slice3","J01-060","days_per_month",30,"Willow","Seedling","Depth"
"622",Sep 1995,1995,9,"critical","slice1","J01-060","days_per_month",30,"Willow","Seedling","Depth"
"623",Sep 1995,1995,9,"critical","slice2","J01-060","days_per_month",30,"Willow","Seedling","Depth"
"624",Sep 1995,1995,9,"critical","slice3","J01-060","days_per_month",30,"Willow","Seedling","Depth"
"625",Sep 1996,1996,9,"critical","slice1","J01-060","days_per_month",30,"Willow","Seedling","Depth"
"626",Sep 1996,1996,9,"critical","slice2","J01-060","days_per_month",30,"Willow","Seedling","Depth"
"627",Sep 1996,1996,9,"critical","slice3","J01-060","days_per_month",30,"Willow","Seedling","Depth"
"628",Sep 1997,1997,9,"critical","slice1","J01-060","days_per_month",30,"Willow","Seedling","Depth"
"629",Sep 1997,1997,9,"critical","slice2","J01-060","days_per_month",30,"Willow","Seedling","Depth"
"630",Sep 1997,1997,9,"critical","slice3","J01-060","days_per_month",30,"Willow","Seedling","Depth"
"631",Sep 1998,1998,9,"critical","slice1","J01-060","days_per_month",30,"Willow","Seedling","Depth"
"632",Sep 1998,1998,9,"critical","slice2","J01-060","days_per_month",30,"Willow","Seedling","Depth"
"633",Sep 1998,1998,9,"critical","slice3","J01-060","days_per_month",30,"Willow","Seedling","Depth"
"634",Sep 1999,1999,9,"critical","slice1","J01-060","days_per_month",30,"Willow","Seedling","Depth"
"635",Sep 1999,1999,9,"critical","slice2","J01-060","days_per_month",30,"Willow","Seedling","Depth"
"636",Sep 1999,1999,9,"critical","slice3","J01-060","days_per_month",30,"Willow","Seedling","Depth"
"637",Sep 2000,2000,9,"critical","slice1","J01-060","days_per_month",30,"Willow","Seedling","Depth"
"638",Sep 2000,2000,9,"critical","slice2","J01-060","days_per_month",30,"Willow","Seedling","Depth"
"639",Sep 2000,2000,9,"critical","slice3","J01-060","days_per_month",30,"Willow","Seedling","Depth"
"640",Sep 2001,2001,9,"critical","slice1","J01-060","days_per_month",30,"Willow","Seedling","Depth"
"641",Sep 2001,2001,9,"critical","slice2","J01-060","days_per_month",30,"Willow","Seedling","Depth"
"642",Sep 2001,2001,9,"critical","slice3","J01-060","days_per_month",30,"Willow","Seedling","Depth"
"643",Sep 2002,2002,9,"critical","slice1","J01-060","days_per_month",30,"Willow","Seedling","Depth"
"644",Sep 2002,2002,9,"critical","slice2","J01-060","days_per_month",30,"Willow","Seedling","Depth"
"645",Sep 2002,2002,9,"critical","slice3","J01-060","days_per_month",30,"Willow","Seedling","Depth"
"646",Sep 2003,2003,9,"critical","slice1","J01-060","days_per_month",30,"Willow","Seedling","Depth"
"647",Sep 2003,2003,9,"critical","slice2","J01-060","days_per_month",30,"Willow","Seedling","Depth"
"648",Sep 2003,2003,9,"critical","slice3","J01-060","days_per_month",30,"Willow","Seedling","Depth"
"649",Sep 2004,2004,9,"critical","slice1","J01-060","days_per_month",30,"Willow","Seedling","Depth"
"650",Sep 2004,2004,9,"critical","slice2","J01-060","days_per_month",30,"Willow","Seedling","Depth"
"651",Sep 2004,2004,9,"critical","slice3","J01-060","days_per_month",30,"Willow","Seedling","Depth"
"652",Sep 2005,2005,9,"critical","slice1","J01-060","days_per_month",30,"Willow","Seedling","Depth"
"653",Sep 2005,2005,9,"critical","slice2","J01-060","days_per_month",30,"Willow","Seedling","Depth"
"654",Sep 2005,2005,9,"critical","slice3","J01-060","days_per_month",30,"Willow","Seedling","Depth"
"655",Sep 2006,2006,9,"critical","slice1","J01-060","days_per_month",30,"Willow","Seedling","Depth"
"656",Sep 2006,2006,9,"critical","slice2","J01-060","days_per_month",30,"Willow","Seedling","Depth"
"657",Sep 2006,2006,9,"critical","slice3","J01-060","days_per_month",30,"Willow","Seedling","Depth"
"658",Sep 2007,2007,9,"critical","slice1","J01-060","days_per_month",30,"Willow","Seedling","Depth"
"659",Sep 2007,2007,9,"critical","slice2","J01-060","days_per_month",30,"Willow","Seedling","Depth"
"660",Sep 2007,2007,9,"critical","slice3","J01-060","days_per_month",30,"Willow","Seedling","Depth"
"661",Sep 2008,2008,9,"critical","slice1","J01-060","days_per_month",30,"Willow","Seedling","Depth"
"662",Sep 2008,2008,9,"critical","slice2","J01-060","days_per_month",30,"Willow","Seedling","Depth"
"663",Sep 2008,2008,9,"critical","slice3","J01-060","days_per_month",30,"Willow","Seedling","Depth"
"664",Sep 2009,2009,9,"critical","slice1","J01-060","days_per_month",30,"Willow","Seedling","Depth"
"665",Sep 2009,2009,9,"critical","slice2","J01-060","days_per_month",30,"Willow","Seedling","Depth"
"666",Sep 2009,2009,9,"critical","slice3","J01-060","days_per_month",30,"Willow","Seedling","Depth"
"667",Sep 2010,2010,9,"critical","slice1","J01-060","days_per_month",30,"Willow","Seedling","Depth"
"668",Sep 2010,2010,9,"critical","slice2","J01-060","days_per_month",30,"Willow","Seedling","Depth"
"669",Sep 2010,2010,9,"critical","slice3","J01-060","days_per_month",30,"Willow","Seedling","Depth"
"670",Sep 2011,2011,9,"critical","slice1","J01-060","days_per_month",30,"Willow","Seedling","Depth"
"671",Sep 2011,2011,9,"critical","slice2","J01-060","days_per_month",30,"Willow","Seedling","Depth"
"672",Sep 2011,2011,9,"critical","slice3","J01-060","days_per_month",30,"Willow","Seedling","Depth"
"673",Sep 2012,2012,9,"critical","slice1","J01-060","days_per_month",30,"Willow","Seedling","Depth"
"674",Sep 2012,2012,9,"critical","slice2","J01-060","days_per_month",30,"Willow","Seedling","Depth"
"675",Sep 2012,2012,9,"critical","slice3","J01-060","days_per_month",30,"Willow","Seedling","Depth"
"676",Sep 2013,2013,9,"critical","slice1","J01-060","days_per_month",30,"Willow","Seedling","Depth"
"677",Sep 2013,2013,9,"critical","slice2","J01-060","days_per_month",30,"Willow","Seedling","Depth"
"678",Sep 2013,2013,9,"critical","slice3","J01-060","days_per_month",30,"Willow","Seedling","Depth"
"679",Sep 2014,2014,9,"critical","slice1","J01-060","days_per_month",30,"Willow","Seedling","Depth"
"680",Sep 2014,2014,9,"critical","slice2","J01-060","days_per_month",30,"Willow","Seedling","Depth"
"681",Sep 2014,2014,9,"critical","slice3","J01-060","days_per_month",30,"Willow","Seedling","Depth"
"682",Sep 2015,2015,9,"critical","slice1","J01-060","days_per_month",30,"Willow","Seedling","Depth"
"683",Sep 2015,2015,9,"critical","slice2","J01-060","days_per_month",30,"Willow","Seedling","Depth"
"684",Sep 2015,2015,9,"critical","slice3","J01-060","days_per_month",30,"Willow","Seedling","Depth"
"685",Sep 2016,2016,9,"critical","slice1","J01-060","days_per_month",30,"Willow","Seedling","Depth"
"686",Sep 2016,2016,9,"critical","slice2","J01-060","days_per_month",30,"Willow","Seedling","Depth"
"687",Sep 2016,2016,9,"critical","slice3","J01-060","days_per_month",30,"Willow","Seedling","Depth"
"688",Sep 2017,2017,9,"critical","slice1","J01-060","days_per_month",30,"Willow","Seedling","Depth"
"689",Sep 2017,2017,9,"critical","slice2","J01-060","days_per_month",30,"Willow","Seedling","Depth"
"690",Sep 2017,2017,9,"critical","slice3","J01-060","days_per_month",30,"Willow","Seedling","Depth"
"691",Oct 1993,1993,10,"non_critical","slice1","J01-060","days_per_month",31,"Willow","Seedling","Depth"
"692",Oct 1993,1993,10,"non_critical","slice2","J01-060","days_per_month",31,"Willow","Seedling","Depth"
"693",Oct 1993,1993,10,"non_critical","slice3","J01-060","days_per_month",31,"Willow","Seedling","Depth"
"694",Oct 1994,1994,10,"non_critical","slice1","J01-060","days_per_month",31,"Willow","Seedling","Depth"
"695",Oct 1994,1994,10,"non_critical","slice2","J01-060","days_per_month",31,"Willow","Seedling","Depth"
"696",Oct 1994,1994,10,"non_critical","slice3","J01-060","days_per_month",31,"Willow","Seedling","Depth"
"697",Oct 1995,1995,10,"non_critical","slice1","J01-060","days_per_month",31,"Willow","Seedling","Depth"
"698",Oct 1995,1995,10,"non_critical","slice2","J01-060","days_per_month",31,"Willow","Seedling","Depth"
"699",Oct 1995,1995,10,"non_critical","slice3","J01-060","days_per_month",31,"Willow","Seedling","Depth"
"700",Oct 1996,1996,10,"non_critical","slice1","J01-060","days_per_month",31,"Willow","Seedling","Depth"
"701",Oct 1996,1996,10,"non_critical","slice2","J01-060","days_per_month",31,"Willow","Seedling","Depth"
"702",Oct 1996,1996,10,"non_critical","slice3","J01-060","days_per_month",31,"Willow","Seedling","Depth"
"703",Oct 1997,1997,10,"non_critical","slice1","J01-060","days_per_month",31,"Willow","Seedling","Depth"
"704",Oct 1997,1997,10,"non_critical","slice2","J01-060","days_per_month",31,"Willow","Seedling","Depth"
"705",Oct 1997,1997,10,"non_critical","slice3","J01-060","days_per_month",31,"Willow","Seedling","Depth"
"706",Oct 1998,1998,10,"non_critical","slice1","J01-060","days_per_month",31,"Willow","Seedling","Depth"
"707",Oct 1998,1998,10,"non_critical","slice2","J01-060","days_per_month",31,"Willow","Seedling","Depth"
"708",Oct 1998,1998,10,"non_critical","slice3","J01-060","days_per_month",31,"Willow","Seedling","Depth"
"709",Oct 1999,1999,10,"non_critical","slice1","J01-060","days_per_month",31,"Willow","Seedling","Depth"
"710",Oct 1999,1999,10,"non_critical","slice2","J01-060","days_per_month",31,"Willow","Seedling","Depth"
"711",Oct 1999,1999,10,"non_critical","slice3","J01-060","days_per_month",31,"Willow","Seedling","Depth"
"712",Oct 2000,2000,10,"non_critical","slice1","J01-060","days_per_month",31,"Willow","Seedling","Depth"
"713",Oct 2000,2000,10,"non_critical","slice2","J01-060","days_per_month",31,"Willow","Seedling","Depth"
"714",Oct 2000,2000,10,"non_critical","slice3","J01-060","days_per_month",31,"Willow","Seedling","Depth"
"715",Oct 2001,2001,10,"non_critical","slice1","J01-060","days_per_month",31,"Willow","Seedling","Depth"
"716",Oct 2001,2001,10,"non_critical","slice2","J01-060","days_per_month",31,"Willow","Seedling","Depth"
"717",Oct 2001,2001,10,"non_critical","slice3","J01-060","days_per_month",31,"Willow","Seedling","Depth"
"718",Oct 2002,2002,10,"non_critical","slice1","J01-060","days_per_month",31,"Willow","Seedling","Depth"
"719",Oct 2002,2002,10,"non_critical","slice2","J01-060","days_per_month",31,"Willow","Seedling","Depth"
"720",Oct 2002,2002,10,"non_critical","slice3","J01-060","days_per_month",31,"Willow","Seedling","Depth"
"721",Oct 2003,2003,10,"non_critical","slice1","J01-060","days_per_month",31,"Willow","Seedling","Depth"
"722",Oct 2003,2003,10,"non_critical","slice2","J01-060","days_per_month",31,"Willow","Seedling","Depth"
"723",Oct 2003,2003,10,"non_critical","slice3","J01-060","days_per_month",31,"Willow","Seedling","Depth"
"724",Oct 2004,2004,10,"non_critical","slice1","J01-060","days_per_month",31,"Willow","Seedling","Depth"
"725",Oct 2004,2004,10,"non_critical","slice2","J01-060","days_per_month",31,"Willow","Seedling","Depth"
"726",Oct 2004,2004,10,"non_critical","slice3","J01-060","days_per_month",31,"Willow","Seedling","Depth"
"727",Oct 2005,2005,10,"non_critical","slice1","J01-060","days_per_month",31,"Willow","Seedling","Depth"
"728",Oct 2005,2005,10,"non_critical","slice2","J01-060","days_per_month",31,"Willow","Seedling","Depth"
"729",Oct 2005,2005,10,"non_critical","slice3","J01-060","days_per_month",31,"Willow","Seedling","Depth"
"730",Oct 2006,2006,10,"non_critical","slice1","J01-060","days_per_month",31,"Willow","Seedling","Depth"
"731",Oct 2006,2006,10,"non_critical","slice2","J01-060","days_per_month",31,"Willow","Seedling","Depth"
"732",Oct 2006,2006,10,"non_critical","slice3","J01-060","days_per_month",31,"Willow","Seedling","Depth"
"733",Oct 2007,2007,10,"non_critical","slice1","J01-060","days_per_month",31,"Willow","Seedling","Depth"
"734",Oct 2007,2007,10,"non_critical","slice2","J01-060","days_per_month",31,"Willow","Seedling","Depth"
"735",Oct 2007,2007,10,"non_critical","slice3","J01-060","days_per_month",31,"Willow","Seedling","Depth"
"736",Oct 2008,2008,10,"non_critical","slice1","J01-060","days_per_month",31,"Willow","Seedling","Depth"
"737",Oct 2008,2008,10,"non_critical","slice2","J01-060","days_per_month",31,"Willow","Seedling","Depth"
"738",Oct 2008,2008,10,"non_critical","slice3","J01-060","days_per_month",31,"Willow","Seedling","Depth"
"739",Oct 2009,2009,10,"non_critical","slice1","J01-060","days_per_month",31,"Willow","Seedling","Depth"
"740",Oct 2009,2009,10,"non_critical","slice2","J01-060","days_per_month",31,"Willow","Seedling","Depth"
"741",Oct 2009,2009,10,"non_critical","slice3","J01-060","days_per_month",31,"Willow","Seedling","Depth"
"742",Oct 2010,2010,10,"non_critical","slice1","J01-060","days_per_month",31,"Willow","Seedling","Depth"
"743",Oct 2010,2010,10,"non_critical","slice2","J01-060","days_per_month",31,"Willow","Seedling","Depth"
"744",Oct 2010,2010,10,"non_critical","slice3","J01-060","days_per_month",31,"Willow","Seedling","Depth"
"745",Oct 2011,2011,10,"non_critical","slice1","J01-060","days_per_month",31,"Willow","Seedling","Depth"
"746",Oct 2011,2011,10,"non_critical","slice2","J01-060","days_per_month",31,"Willow","Seedling","Depth"
"747",Oct 2011,2011,10,"non_critical","slice3","J01-060","days_per_month",31,"Willow","Seedling","Depth"
"748",Oct 2012,2012,10,"non_critical","slice1","J01-060","days_per_month",31,"Willow","Seedling","Depth"
"749",Oct 2012,2012,10,"non_critical","slice2","J01-060","days_per_month",31,"Willow","Seedling","Depth"
"750",Oct 2012,2012,10,"non_critical","slice3","J01-060","days_per_month",31,"Willow","Seedling","Depth"
"751",Oct 2013,2013,10,"non_critical","slice1","J01-060","days_per_month",31,"Willow","Seedling","Depth"
"752",Oct 2013,2013,10,"non_critical","slice2","J01-060","days_per_month",31,"Willow","Seedling","Depth"
"753",Oct 2013,2013,10,"non_critical","slice3","J01-060","days_per_month",31,"Willow","Seedling","Depth"
"754",Oct 2014,2014,10,"non_critical","slice1","J01-060","days_per_month",31,"Willow","Seedling","Depth"
"755",Oct 2014,2014,10,"non_critical","slice2","J01-060","days_per_month",31,"Willow","Seedling","Depth"
"756",Oct 2014,2014,10,"non_critical","slice3","J01-060","days_per_month",31,"Willow","Seedling","Depth"
"757",Oct 2015,2015,10,"non_critical","slice1","J01-060","days_per_month",31,"Willow","Seedling","Depth"
"758",Oct 2015,2015,10,"non_critical","slice2","J01-060","days_per_month",31,"Willow","Seedling","Depth"
"759",Oct 2015,2015,10,"non_critical","slice3","J01-060","days_per_month",31,"Willow","Seedling","Depth"
"760",Oct 2016,2016,10,"non_critical","slice1","J01-060","days_per_month",31,"Willow","Seedling","Depth"
"761",Oct 2016,2016,10,"non_critical","slice2","J01-060","days_per_month",31,"Willow","Seedling","Depth"
"762",Oct 2016,2016,10,"non_critical","slice3","J01-060","days_per_month",31,"Willow","Seedling","Depth"
"763",Oct 2017,2017,10,"non_critical","slice1","J01-060","days_per_month",31,"Willow","Seedling","Depth"
"764",Oct 2017,2017,10,"non_critical","slice2","J01-060","days_per_month",31,"Willow","Seedling","Depth"
"765",Oct 2017,2017,10,"non_critical","slice3","J01-060","days_per_month",31,"Willow","Seedling","Depth"
"766",Oct 2018,2018,10,"non_critical","slice1","J01-060","days_per_month",31,"Willow","Seedling","Depth"
"767",Oct 2018,2018,10,"non_critical","slice2","J01-060","days_per_month",31,"Willow","Seedling","Depth"
"768",Oct 2018,2018,10,"non_critical","slice3","J01-060","days_per_month",31,"Willow","Seedling","Depth"
"769",Nov 1993,1993,11,"non_critical","slice1","J01-060","days_per_month",30,"Willow","Seedling","Depth"
"770",Nov 1993,1993,11,"non_critical","slice2","J01-060","days_per_month",30,"Willow","Seedling","Depth"
"771",Nov 1993,1993,11,"non_critical","slice3","J01-060","days_per_month",30,"Willow","Seedling","Depth"
"772",Nov 1994,1994,11,"non_critical","slice1","J01-060","days_per_month",30,"Willow","Seedling","Depth"
"773",Nov 1994,1994,11,"non_critical","slice2","J01-060","days_per_month",30,"Willow","Seedling","Depth"
"774",Nov 1994,1994,11,"non_critical","slice3","J01-060","days_per_month",30,"Willow","Seedling","Depth"
"775",Nov 1995,1995,11,"non_critical","slice1","J01-060","days_per_month",30,"Willow","Seedling","Depth"
"776",Nov 1995,1995,11,"non_critical","slice2","J01-060","days_per_month",30,"Willow","Seedling","Depth"
"777",Nov 1995,1995,11,"non_critical","slice3","J01-060","days_per_month",30,"Willow","Seedling","Depth"
"778",Nov 1996,1996,11,"non_critical","slice1","J01-060","days_per_month",30,"Willow","Seedling","Depth"
"779",Nov 1996,1996,11,"non_critical","slice2","J01-060","days_per_month",30,"Willow","Seedling","Depth"
"780",Nov 1996,1996,11,"non_critical","slice3","J01-060","days_per_month",30,"Willow","Seedling","Depth"
"781",Nov 1997,1997,11,"non_critical","slice1","J01-060","days_per_month",30,"Willow","Seedling","Depth"
"782",Nov 1997,1997,11,"non_critical","slice2","J01-060","days_per_month",30,"Willow","Seedling","Depth"
"783",Nov 1997,1997,11,"non_critical","slice3","J01-060","days_per_month",30,"Willow","Seedling","Depth"
"784",Nov 1998,1998,11,"non_critical","slice1","J01-060","days_per_month",30,"Willow","Seedling","Depth"
"785",Nov 1998,1998,11,"non_critical","slice2","J01-060","days_per_month",30,"Willow","Seedling","Depth"
"786",Nov 1998,1998,11,"non_critical","slice3","J01-060","days_per_month",30,"Willow","Seedling","Depth"
"787",Nov 1999,1999,11,"non_critical","slice1","J01-060","days_per_month",30,"Willow","Seedling","Depth"
"788",Nov 1999,1999,11,"non_critical","slice2","J01-060","days_per_month",30,"Willow","Seedling","Depth"
"789",Nov 1999,1999,11,"non_critical","slice3","J01-060","days_per_month",30,"Willow","Seedling","Depth"
"790",Nov 2000,2000,11,"non_critical","slice1","J01-060","days_per_month",30,"Willow","Seedling","Depth"
"791",Nov 2000,2000,11,"non_critical","slice2","J01-060","days_per_month",30,"Willow","Seedling","Depth"
"792",Nov 2000,2000,11,"non_critical","slice3","J01-060","days_per_month",30,"Willow","Seedling","Depth"
"793",Nov 2001,2001,11,"non_critical","slice1","J01-060","days_per_month",30,"Willow","Seedling","Depth"
"794",Nov 2001,2001,11,"non_critical","slice2","J01-060","days_per_month",30,"Willow","Seedling","Depth"
"795",Nov 2001,2001,11,"non_critical","slice3","J01-060","days_per_month",30,"Willow","Seedling","Depth"
"796",Nov 2002,2002,11,"non_critical","slice1","J01-060","days_per_month",30,"Willow","Seedling","Depth"
"797",Nov 2002,2002,11,"non_critical","slice2","J01-060","days_per_month",30,"Willow","Seedling","Depth"
"798",Nov 2002,2002,11,"non_critical","slice3","J01-060","days_per_month",30,"Willow","Seedling","Depth"
"799",Nov 2003,2003,11,"non_critical","slice1","J01-060","days_per_month",30,"Willow","Seedling","Depth"
"800",Nov 2003,2003,11,"non_critical","slice2","J01-060","days_per_month",30,"Willow","Seedling","Depth"
"801",Nov 2003,2003,11,"non_critical","slice3","J01-060","days_per_month",30,"Willow","Seedling","Depth"
"802",Nov 2004,2004,11,"non_critical","slice1","J01-060","days_per_month",30,"Willow","Seedling","Depth"
"803",Nov 2004,2004,11,"non_critical","slice2","J01-060","days_per_month",30,"Willow","Seedling","Depth"
"804",Nov 2004,2004,11,"non_critical","slice3","J01-060","days_per_month",30,"Willow","Seedling","Depth"
"805",Nov 2005,2005,11,"non_critical","slice1","J01-060","days_per_month",30,"Willow","Seedling","Depth"
"806",Nov 2005,2005,11,"non_critical","slice2","J01-060","days_per_month",30,"Willow","Seedling","Depth"
"807",Nov 2005,2005,11,"non_critical","slice3","J01-060","days_per_month",30,"Willow","Seedling","Depth"
"808",Nov 2006,2006,11,"non_critical","slice1","J01-060","days_per_month",30,"Willow","Seedling","Depth"
"809",Nov 2006,2006,11,"non_critical","slice2","J01-060","days_per_month",30,"Willow","Seedling","Depth"
"810",Nov 2006,2006,11,"non_critical","slice3","J01-060","days_per_month",30,"Willow","Seedling","Depth"
"811",Nov 2007,2007,11,"non_critical","slice1","J01-060","days_per_month",30,"Willow","Seedling","Depth"
"812",Nov 2007,2007,11,"non_critical","slice2","J01-060","days_per_month",30,"Willow","Seedling","Depth"
"813",Nov 2007,2007,11,"non_critical","slice3","J01-060","days_per_month",30,"Willow","Seedling","Depth"
"814",Nov 2008,2008,11,"non_critical","slice1","J01-060","days_per_month",30,"Willow","Seedling","Depth"
"815",Nov 2008,2008,11,"non_critical","slice2","J01-060","days_per_month",30,"Willow","Seedling","Depth"
"816",Nov 2008,2008,11,"non_critical","slice3","J01-060","days_per_month",30,"Willow","Seedling","Depth"
"817",Nov 2009,2009,11,"non_critical","slice1","J01-060","days_per_month",30,"Willow","Seedling","Depth"
"818",Nov 2009,2009,11,"non_critical","slice2","J01-060","days_per_month",30,"Willow","Seedling","Depth"
"819",Nov 2009,2009,11,"non_critical","slice3","J01-060","days_per_month",30,"Willow","Seedling","Depth"
"820",Nov 2010,2010,11,"non_critical","slice1","J01-060","days_per_month",30,"Willow","Seedling","Depth"
"821",Nov 2010,2010,11,"non_critical","slice2","J01-060","days_per_month",30,"Willow","Seedling","Depth"
"822",Nov 2010,2010,11,"non_critical","slice3","J01-060","days_per_month",30,"Willow","Seedling","Depth"
"823",Nov 2011,2011,11,"non_critical","slice1","J01-060","days_per_month",30,"Willow","Seedling","Depth"
"824",Nov 2011,2011,11,"non_critical","slice2","J01-060","days_per_month",30,"Willow","Seedling","Depth"
"825",Nov 2011,2011,11,"non_critical","slice3","J01-060","days_per_month",30,"Willow","Seedling","Depth"
"826",Nov 2012,2012,11,"non_critical","slice1","J01-060","days_per_month",30,"Willow","Seedling","Depth"
"827",Nov 2012,2012,11,"non_critical","slice2","J01-060","days_per_month",30,"Willow","Seedling","Depth"
"828",Nov 2012,2012,11,"non_critical","slice3","J01-060","days_per_month",30,"Willow","Seedling","Depth"
"829",Nov 2013,2013,11,"non_critical","slice1","J01-060","days_per_month",30,"Willow","Seedling","Depth"
"830",Nov 2013,2013,11,"non_critical","slice2","J01-060","days_per_month",30,"Willow","Seedling","Depth"
"831",Nov 2013,2013,11,"non_critical","slice3","J01-060","days_per_month",30,"Willow","Seedling","Depth"
"832",Nov 2014,2014,11,"non_critical","slice1","J01-060","days_per_month",30,"Willow","Seedling","Depth"
"833",Nov 2014,2014,11,"non_critical","slice2","J01-060","days_per_month",30,"Willow","Seedling","Depth"
"834",Nov 2014,2014,11,"non_critical","slice3","J01-060","days_per_month",30,"Willow","Seedling","Depth"
"835",Nov 2015,2015,11,"non_critical","slice1","J01-060","days_per_month",30,"Willow","Seedling","Depth"
"836",Nov 2015,2015,11,"non_critical","slice2","J01-060","days_per_month",30,"Willow","Seedling","Depth"
"837",Nov 2015,2015,11,"non_critical","slice3","J01-060","days_per_month",30,"Willow","Seedling","Depth"
"838",Nov 2016,2016,11,"non_critical","slice1","J01-060","days_per_month",30,"Willow","Seedling","Depth"
"839",Nov 2016,2016,11,"non_critical","slice2","J01-060","days_per_month",30,"Willow","Seedling","Depth"
"840",Nov 2016,2016,11,"non_critical","slice3","J01-060","days_per_month",30,"Willow","Seedling","Depth"
"841",Nov 2017,2017,11,"non_critical","slice1","J01-060","days_per_month",30,"Willow","Seedling","Depth"
"842",Nov 2017,2017,11,"non_critical","slice2","J01-060","days_per_month",30,"Willow","Seedling","Depth"
"843",Nov 2017,2017,11,"non_critical","slice3","J01-060","days_per_month",30,"Willow","Seedling","Depth"
"844",Nov 2018,2018,11,"non_critical","slice1","J01-060","days_per_month",30,"Willow","Seedling","Depth"
"845",Nov 2018,2018,11,"non_critical","slice2","J01-060","days_per_month",30,"Willow","Seedling","Depth"
"846",Nov 2018,2018,11,"non_critical","slice3","J01-060","days_per_month",30,"Willow","Seedling","Depth"
"847",Dec 1993,1993,12,"non_critical","slice1","J01-060","days_per_month",31,"Willow","Seedling","Depth"
"848",Dec 1993,1993,12,"non_critical","slice2","J01-060","days_per_month",31,"Willow","Seedling","Depth"
"849",Dec 1993,1993,12,"non_critical","slice3","J01-060","days_per_month",31,"Willow","Seedling","Depth"
"850",Dec 1994,1994,12,"non_critical","slice1","J01-060","days_per_month",31,"Willow","Seedling","Depth"
"851",Dec 1994,1994,12,"non_critical","slice2","J01-060","days_per_month",31,"Willow","Seedling","Depth"
"852",Dec 1994,1994,12,"non_critical","slice3","J01-060","days_per_month",31,"Willow","Seedling","Depth"
"853",Dec 1995,1995,12,"non_critical","slice1","J01-060","days_per_month",31,"Willow","Seedling","Depth"
"854",Dec 1995,1995,12,"non_critical","slice2","J01-060","days_per_month",31,"Willow","Seedling","Depth"
"855",Dec 1995,1995,12,"non_critical","slice3","J01-060","days_per_month",31,"Willow","Seedling","Depth"
"856",Dec 1996,1996,12,"non_critical","slice1","J01-060","days_per_month",31,"Willow","Seedling","Depth"
"857",Dec 1996,1996,12,"non_critical","slice2","J01-060","days_per_month",31,"Willow","Seedling","Depth"
"858",Dec 1996,1996,12,"non_critical","slice3","J01-060","days_per_month",31,"Willow","Seedling","Depth"
"859",Dec 1997,1997,12,"non_critical","slice1","J01-060","days_per_month",31,"Willow","Seedling","Depth"
"860",Dec 1997,1997,12,"non_critical","slice2","J01-060","days_per_month",31,"Willow","Seedling","Depth"
"861",Dec 1997,1997,12,"non_critical","slice3","J01-060","days_per_month",31,"Willow","Seedling","Depth"
"862",Dec 1998,1998,12,"non_critical","slice1","J01-060","days_per_month",31,"Willow","Seedling","Depth"
"863",Dec 1998,1998,12,"non_critical","slice2","J01-060","days_per_month",31,"Willow","Seedling","Depth"
"864",Dec 1998,1998,12,"non_critical","slice3","J01-060","days_per_month",31,"Willow","Seedling","Depth"
"865",Dec 1999,1999,12,"non_critical","slice1","J01-060","days_per_month",31,"Willow","Seedling","Depth"
"866",Dec 1999,1999,12,"non_critical","slice2","J01-060","days_per_month",31,"Willow","Seedling","Depth"
"867",Dec 1999,1999,12,"non_critical","slice3","J01-060","days_per_month",31,"Willow","Seedling","Depth"
"868",Dec 2000,2000,12,"non_critical","slice1","J01-060","days_per_month",31,"Willow","Seedling","Depth"
"869",Dec 2000,2000,12,"non_critical","slice2","J01-060","days_per_month",31,"Willow","Seedling","Depth"
"870",Dec 2000,2000,12,"non_critical","slice3","J01-060","days_per_month",31,"Willow","Seedling","Depth"
"871",Dec 2001,2001,12,"non_critical","slice1","J01-060","days_per_month",31,"Willow","Seedling","Depth"
"872",Dec 2001,2001,12,"non_critical","slice2","J01-060","days_per_month",31,"Willow","Seedling","Depth"
"873",Dec 2001,2001,12,"non_critical","slice3","J01-060","days_per_month",31,"Willow","Seedling","Depth"
"874",Dec 2002,2002,12,"non_critical","slice1","J01-060","days_per_month",31,"Willow","Seedling","Depth"
"875",Dec 2002,2002,12,"non_critical","slice2","J01-060","days_per_month",31,"Willow","Seedling","Depth"
"876",Dec 2002,2002,12,"non_critical","slice3","J01-060","days_per_month",31,"Willow","Seedling","Depth"
"877",Dec 2003,2003,12,"non_critical","slice1","J01-060","days_per_month",31,"Willow","Seedling","Depth"
"878",Dec 2003,2003,12,"non_critical","slice2","J01-060","days_per_month",31,"Willow","Seedling","Depth"
"879",Dec 2003,2003,12,"non_critical","slice3","J01-060","days_per_month",31,"Willow","Seedling","Depth"
"880",Dec 2004,2004,12,"non_critical","slice1","J01-060","days_per_month",31,"Willow","Seedling","Depth"
"881",Dec 2004,2004,12,"non_critical","slice2","J01-060","days_per_month",31,"Willow","Seedling","Depth"
"882",Dec 2004,2004,12,"non_critical","slice3","J01-060","days_per_month",31,"Willow","Seedling","Depth"
"883",Dec 2005,2005,12,"non_critical","slice1","J01-060","days_per_month",31,"Willow","Seedling","Depth"
"884",Dec 2005,2005,12,"non_critical","slice2","J01-060","days_per_month",31,"Willow","Seedling","Depth"
"885",Dec 2005,2005,12,"non_critical","slice3","J01-060","days_per_month",31,"Willow","Seedling","Depth"
"886",Dec 2006,2006,12,"non_critical","slice1","J01-060","days_per_month",31,"Willow","Seedling","Depth"
"887",Dec 2006,2006,12,"non_critical","slice2","J01-060","days_per_month",31,"Willow","Seedling","Depth"
"888",Dec 2006,2006,12,"non_critical","slice3","J01-060","days_per_month",31,"Willow","Seedling","Depth"
"889",Dec 2007,2007,12,"non_critical","slice1","J01-060","days_per_month",31,"Willow","Seedling","Depth"
"890",Dec 2007,2007,12,"non_critical","slice2","J01-060","days_per_month",31,"Willow","Seedling","Depth"
"891",Dec 2007,2007,12,"non_critical","slice3","J01-060","days_per_month",31,"Willow","Seedling","Depth"
"892",Dec 2008,2008,12,"non_critical","slice1","J01-060","days_per_month",31,"Willow","Seedling","Depth"
"893",Dec 2008,2008,12,"non_critical","slice2","J01-060","days_per_month",31,"Willow","Seedling","Depth"
"894",Dec 2008,2008,12,"non_critical","slice3","J01-060","days_per_month",31,"Willow","Seedling","Depth"
"895",Dec 2009,2009,12,"non_critical","slice1","J01-060","days_per_month",31,"Willow","Seedling","Depth"
"896",Dec 2009,2009,12,"non_critical","slice2","J01-060","days_per_month",31,"Willow","Seedling","Depth"
"897",Dec 2009,2009,12,"non_critical","slice3","J01-060","days_per_month",31,"Willow","Seedling","Depth"
"898",Dec 2010,2010,12,"non_critical","slice1","J01-060","days_per_month",31,"Willow","Seedling","Depth"
"899",Dec 2010,2010,12,"non_critical","slice2","J01-060","days_per_month",31,"Willow","Seedling","Depth"
"900",Dec 2010,2010,12,"non_critical","slice3","J01-060","days_per_month",31,"Willow","Seedling","Depth"
"901",Dec 2011,2011,12,"non_critical","slice1","J01-060","days_per_month",31,"Willow","Seedling","Depth"
"902",Dec 2011,2011,12,"non_critical","slice2","J01-060","days_per_month",31,"Willow","Seedling","Depth"
"903",Dec 2011,2011,12,"non_critical","slice3","J01-060","days_per_month",31,"Willow","Seedling","Depth"
"904",Dec 2012,2012,12,"non_critical","slice1","J01-060","days_per_month",31,"Willow","Seedling","Depth"
"905",Dec 2012,2012,12,"non_critical","slice2","J01-060","days_per_month",31,"Willow","Seedling","Depth"
"906",Dec 2012,2012,12,"non_critical","slice3","J01-060","days_per_month",31,"Willow","Seedling","Depth"
"907",Dec 2013,2013,12,"non_critical","slice1","J01-060","days_per_month",31,"Willow","Seedling","Depth"
"908",Dec 2013,2013,12,"non_critical","slice2","J01-060","days_per_month",31,"Willow","Seedling","Depth"
"909",Dec 2013,2013,12,"non_critical","slice3","J01-060","days_per_month",31,"Willow","Seedling","Depth"
"910",Dec 2014,2014,12,"non_critical","slice1","J01-060","days_per_month",31,"Willow","Seedling","Depth"
"911",Dec 2014,2014,12,"non_critical","slice2","J01-060","days_per_month",31,"Willow","Seedling","Depth"
"912",Dec 2014,2014,12,"non_critical","slice3","J01-060","days_per_month",31,"Willow","Seedling","Depth"
"913",Dec 2015,2015,12,"non_critical","slice1","J01-060","days_per_month",31,"Willow","Seedling","Depth"
"914",Dec 2015,2015,12,"non_critical","slice2","J01-060","days_per_month",31,"Willow","Seedling","Depth"
"915",Dec 2015,2015,12,"non_critical","slice3","J01-060","days_per_month",31,"Willow","Seedling","Depth"
"916",Dec 2016,2016,12,"non_critical","slice1","J01-060","days_per_month",31,"Willow","Seedling","Depth"
"917",Dec 2016,2016,12,"non_critical","slice2","J01-060","days_per_month",31,"Willow","Seedling","Depth"
"918",Dec 2016,2016,12,"non_critical","slice3","J01-060","days_per_month",31,"Willow","Seedling","Depth"
"919",Dec 2017,2017,12,"non_critical","slice1","J01-060","days_per_month",31,"Willow","Seedling","Depth"
"920",Dec 2017,2017,12,"non_critical","slice2","J01-060","days_per_month",31,"Willow","Seedling","Depth"
"921",Dec 2017,2017,12,"non_critical","slice3","J01-060","days_per_month",31,"Willow","Seedling","Depth"
"922",Dec 2018,2018,12,"non_critical","slice1","J01-060","days_per_month",31,"Willow","Seedling","Depth"
"923",Dec 2018,2018,12,"non_critical","slice2","J01-060","days_per_month",31,"Willow","Seedling","Depth"
"924",Dec 2018,2018,12,"non_critical","slice3","J01-060","days_per_month",31,"Willow","Seedling","Depth"
