"","month_year","water_year","month","season","position","Probability_Threshold","n_days"
"1",1993-01-01,1993,1,"Annual","Slice1","days_per_month",0
"2",1993-01-01,1993,1,"Annual","Slice2","days_per_month",0
"3",1993-01-01,1993,1,"Annual","Slice3","days_per_month",0
"4",1993-01-01,1993,1,"Annual","Slice4","days_per_month",0
"5",1994-01-01,1994,1,"Annual","Slice1","days_per_month",0
"6",1994-01-01,1994,1,"Annual","Slice2","days_per_month",0
"7",1994-01-01,1994,1,"Annual","Slice3","days_per_month",0
"8",1994-01-01,1994,1,"Annual","Slice4","days_per_month",0
"9",1995-01-01,1995,1,"Annual","Slice1","days_per_month",0
"10",1995-01-01,1995,1,"Annual","Slice2","days_per_month",0
"11",1995-01-01,1995,1,"Annual","Slice3","days_per_month",0
"12",1995-01-01,1995,1,"Annual","Slice4","days_per_month",0
"13",1996-01-01,1996,1,"Annual","Slice1","days_per_month",0
"14",1996-01-01,1996,1,"Annual","Slice2","days_per_month",0
"15",1996-01-01,1996,1,"Annual","Slice3","days_per_month",0
"16",1996-01-01,1996,1,"Annual","Slice4","days_per_month",0
"17",1997-01-01,1997,1,"Annual","Slice1","days_per_month",0
"18",1997-01-01,1997,1,"Annual","Slice2","days_per_month",0
"19",1997-01-01,1997,1,"Annual","Slice3","days_per_month",0
"20",1997-01-01,1997,1,"Annual","Slice4","days_per_month",0
"21",1998-01-01,1998,1,"Annual","Slice1","days_per_month",0
"22",1998-01-01,1998,1,"Annual","Slice2","days_per_month",0
"23",1998-01-01,1998,1,"Annual","Slice3","days_per_month",0
"24",1998-01-01,1998,1,"Annual","Slice4","days_per_month",0
"25",1999-01-01,1999,1,"Annual","Slice1","days_per_month",0
"26",1999-01-01,1999,1,"Annual","Slice2","days_per_month",0
"27",1999-01-01,1999,1,"Annual","Slice3","days_per_month",0
"28",1999-01-01,1999,1,"Annual","Slice4","days_per_month",0
"29",2000-01-01,2000,1,"Annual","Slice1","days_per_month",0
"30",2000-01-01,2000,1,"Annual","Slice2","days_per_month",0
"31",2000-01-01,2000,1,"Annual","Slice3","days_per_month",0
"32",2000-01-01,2000,1,"Annual","Slice4","days_per_month",0
"33",2001-01-01,2001,1,"Annual","Slice1","days_per_month",0
"34",2001-01-01,2001,1,"Annual","Slice2","days_per_month",0
"35",2001-01-01,2001,1,"Annual","Slice3","days_per_month",0
"36",2001-01-01,2001,1,"Annual","Slice4","days_per_month",0
"37",2002-01-01,2002,1,"Annual","Slice1","days_per_month",0
"38",2002-01-01,2002,1,"Annual","Slice2","days_per_month",0
"39",2002-01-01,2002,1,"Annual","Slice3","days_per_month",0
"40",2002-01-01,2002,1,"Annual","Slice4","days_per_month",0
"41",2003-01-01,2003,1,"Annual","Slice1","days_per_month",0
"42",2003-01-01,2003,1,"Annual","Slice2","days_per_month",0
"43",2003-01-01,2003,1,"Annual","Slice3","days_per_month",0
"44",2003-01-01,2003,1,"Annual","Slice4","days_per_month",0
"45",2004-01-01,2004,1,"Annual","Slice1","days_per_month",0
"46",2004-01-01,2004,1,"Annual","Slice2","days_per_month",0
"47",2004-01-01,2004,1,"Annual","Slice3","days_per_month",0
"48",2004-01-01,2004,1,"Annual","Slice4","days_per_month",0
"49",2005-01-01,2005,1,"Annual","Slice1","days_per_month",0
"50",2005-01-01,2005,1,"Annual","Slice2","days_per_month",0
"51",2005-01-01,2005,1,"Annual","Slice3","days_per_month",0
"52",2005-01-01,2005,1,"Annual","Slice4","days_per_month",0
"53",2006-01-01,2006,1,"Annual","Slice1","days_per_month",0
"54",2006-01-01,2006,1,"Annual","Slice2","days_per_month",0
"55",2006-01-01,2006,1,"Annual","Slice3","days_per_month",0
"56",2006-01-01,2006,1,"Annual","Slice4","days_per_month",0
"57",2007-01-01,2007,1,"Annual","Slice1","days_per_month",0
"58",2007-01-01,2007,1,"Annual","Slice2","days_per_month",0
"59",2007-01-01,2007,1,"Annual","Slice3","days_per_month",0
"60",2007-01-01,2007,1,"Annual","Slice4","days_per_month",0
"61",2008-01-01,2008,1,"Annual","Slice1","days_per_month",0
"62",2008-01-01,2008,1,"Annual","Slice2","days_per_month",0
"63",2008-01-01,2008,1,"Annual","Slice3","days_per_month",0
"64",2008-01-01,2008,1,"Annual","Slice4","days_per_month",0
"65",2009-01-01,2009,1,"Annual","Slice1","days_per_month",0
"66",2009-01-01,2009,1,"Annual","Slice2","days_per_month",0
"67",2009-01-01,2009,1,"Annual","Slice3","days_per_month",0
"68",2009-01-01,2009,1,"Annual","Slice4","days_per_month",0
"69",2010-01-01,2010,1,"Annual","Slice1","days_per_month",0
"70",2010-01-01,2010,1,"Annual","Slice2","days_per_month",0
"71",2010-01-01,2010,1,"Annual","Slice3","days_per_month",0
"72",2010-01-01,2010,1,"Annual","Slice4","days_per_month",0
"73",2011-01-01,2011,1,"Annual","Slice1","days_per_month",0
"74",2011-01-01,2011,1,"Annual","Slice2","days_per_month",0
"75",2011-01-01,2011,1,"Annual","Slice3","days_per_month",0
"76",2011-01-01,2011,1,"Annual","Slice4","days_per_month",0
"77",2012-01-01,2012,1,"Annual","Slice1","days_per_month",0
"78",2012-01-01,2012,1,"Annual","Slice2","days_per_month",0
"79",2012-01-01,2012,1,"Annual","Slice3","days_per_month",0
"80",2012-01-01,2012,1,"Annual","Slice4","days_per_month",0
"81",2013-01-01,2013,1,"Annual","Slice1","days_per_month",0
"82",2013-01-01,2013,1,"Annual","Slice2","days_per_month",0
"83",2013-01-01,2013,1,"Annual","Slice3","days_per_month",0
"84",2013-01-01,2013,1,"Annual","Slice4","days_per_month",0
"85",2014-01-01,2014,1,"Annual","Slice1","days_per_month",0
"86",2014-01-01,2014,1,"Annual","Slice2","days_per_month",0
"87",2014-01-01,2014,1,"Annual","Slice3","days_per_month",0
"88",2014-01-01,2014,1,"Annual","Slice4","days_per_month",0
"89",2015-01-01,2015,1,"Annual","Slice1","days_per_month",0
"90",2015-01-01,2015,1,"Annual","Slice2","days_per_month",0
"91",2015-01-01,2015,1,"Annual","Slice3","days_per_month",0
"92",2015-01-01,2015,1,"Annual","Slice4","days_per_month",0
"93",2016-01-01,2016,1,"Annual","Slice1","days_per_month",0
"94",2016-01-01,2016,1,"Annual","Slice2","days_per_month",0
"95",2016-01-01,2016,1,"Annual","Slice3","days_per_month",0
"96",2016-01-01,2016,1,"Annual","Slice4","days_per_month",0
"97",2017-01-01,2017,1,"Annual","Slice1","days_per_month",0
"98",2017-01-01,2017,1,"Annual","Slice2","days_per_month",0
"99",2017-01-01,2017,1,"Annual","Slice3","days_per_month",0
"100",2017-01-01,2017,1,"Annual","Slice4","days_per_month",0
"101",2018-01-01,2018,1,"Annual","Slice1","days_per_month",0
"102",2018-01-01,2018,1,"Annual","Slice2","days_per_month",0
"103",2018-01-01,2018,1,"Annual","Slice3","days_per_month",0
"104",2018-01-01,2018,1,"Annual","Slice4","days_per_month",0
"105",1993-02-01,1993,2,"Annual","Slice1","days_per_month",0
"106",1993-02-01,1993,2,"Annual","Slice2","days_per_month",0
"107",1993-02-01,1993,2,"Annual","Slice3","days_per_month",0
"108",1993-02-01,1993,2,"Annual","Slice4","days_per_month",0
"109",1994-02-01,1994,2,"Annual","Slice1","days_per_month",0
"110",1994-02-01,1994,2,"Annual","Slice2","days_per_month",0
"111",1994-02-01,1994,2,"Annual","Slice3","days_per_month",0
"112",1994-02-01,1994,2,"Annual","Slice4","days_per_month",0
"113",1995-02-01,1995,2,"Annual","Slice1","days_per_month",0
"114",1995-02-01,1995,2,"Annual","Slice2","days_per_month",0
"115",1995-02-01,1995,2,"Annual","Slice3","days_per_month",0
"116",1995-02-01,1995,2,"Annual","Slice4","days_per_month",0
"117",1996-02-01,1996,2,"Annual","Slice1","days_per_month",0
"118",1996-02-01,1996,2,"Annual","Slice2","days_per_month",0
"119",1996-02-01,1996,2,"Annual","Slice3","days_per_month",0
"120",1996-02-01,1996,2,"Annual","Slice4","days_per_month",0
"121",1997-02-01,1997,2,"Annual","Slice1","days_per_month",0
"122",1997-02-01,1997,2,"Annual","Slice2","days_per_month",0
"123",1997-02-01,1997,2,"Annual","Slice3","days_per_month",0
"124",1997-02-01,1997,2,"Annual","Slice4","days_per_month",0
"125",1998-02-01,1998,2,"Annual","Slice1","days_per_month",0
"126",1998-02-01,1998,2,"Annual","Slice2","days_per_month",0
"127",1998-02-01,1998,2,"Annual","Slice3","days_per_month",0
"128",1998-02-01,1998,2,"Annual","Slice4","days_per_month",0
"129",1999-02-01,1999,2,"Annual","Slice1","days_per_month",0
"130",1999-02-01,1999,2,"Annual","Slice2","days_per_month",0
"131",1999-02-01,1999,2,"Annual","Slice3","days_per_month",0
"132",1999-02-01,1999,2,"Annual","Slice4","days_per_month",0
"133",2000-02-01,2000,2,"Annual","Slice1","days_per_month",0
"134",2000-02-01,2000,2,"Annual","Slice2","days_per_month",0
"135",2000-02-01,2000,2,"Annual","Slice3","days_per_month",0
"136",2000-02-01,2000,2,"Annual","Slice4","days_per_month",0
"137",2001-02-01,2001,2,"Annual","Slice1","days_per_month",0
"138",2001-02-01,2001,2,"Annual","Slice2","days_per_month",0
"139",2001-02-01,2001,2,"Annual","Slice3","days_per_month",0
"140",2001-02-01,2001,2,"Annual","Slice4","days_per_month",0
"141",2002-02-01,2002,2,"Annual","Slice1","days_per_month",0
"142",2002-02-01,2002,2,"Annual","Slice2","days_per_month",0
"143",2002-02-01,2002,2,"Annual","Slice3","days_per_month",0
"144",2002-02-01,2002,2,"Annual","Slice4","days_per_month",0
"145",2003-02-01,2003,2,"Annual","Slice1","days_per_month",0
"146",2003-02-01,2003,2,"Annual","Slice2","days_per_month",0
"147",2003-02-01,2003,2,"Annual","Slice3","days_per_month",0
"148",2003-02-01,2003,2,"Annual","Slice4","days_per_month",0
"149",2004-02-01,2004,2,"Annual","Slice1","days_per_month",0
"150",2004-02-01,2004,2,"Annual","Slice2","days_per_month",0
"151",2004-02-01,2004,2,"Annual","Slice3","days_per_month",0
"152",2004-02-01,2004,2,"Annual","Slice4","days_per_month",0
"153",2005-02-01,2005,2,"Annual","Slice1","days_per_month",0
"154",2005-02-01,2005,2,"Annual","Slice2","days_per_month",0
"155",2005-02-01,2005,2,"Annual","Slice3","days_per_month",0
"156",2005-02-01,2005,2,"Annual","Slice4","days_per_month",0
"157",2006-02-01,2006,2,"Annual","Slice1","days_per_month",0
"158",2006-02-01,2006,2,"Annual","Slice2","days_per_month",0
"159",2006-02-01,2006,2,"Annual","Slice3","days_per_month",0
"160",2006-02-01,2006,2,"Annual","Slice4","days_per_month",0
"161",2007-02-01,2007,2,"Annual","Slice1","days_per_month",0
"162",2007-02-01,2007,2,"Annual","Slice2","days_per_month",0
"163",2007-02-01,2007,2,"Annual","Slice3","days_per_month",0
"164",2007-02-01,2007,2,"Annual","Slice4","days_per_month",0
"165",2008-02-01,2008,2,"Annual","Slice1","days_per_month",0
"166",2008-02-01,2008,2,"Annual","Slice2","days_per_month",0
"167",2008-02-01,2008,2,"Annual","Slice3","days_per_month",0
"168",2008-02-01,2008,2,"Annual","Slice4","days_per_month",0
"169",2009-02-01,2009,2,"Annual","Slice1","days_per_month",0
"170",2009-02-01,2009,2,"Annual","Slice2","days_per_month",0
"171",2009-02-01,2009,2,"Annual","Slice3","days_per_month",0
"172",2009-02-01,2009,2,"Annual","Slice4","days_per_month",0
"173",2010-02-01,2010,2,"Annual","Slice1","days_per_month",0
"174",2010-02-01,2010,2,"Annual","Slice2","days_per_month",0
"175",2010-02-01,2010,2,"Annual","Slice3","days_per_month",0
"176",2010-02-01,2010,2,"Annual","Slice4","days_per_month",0
"177",2011-02-01,2011,2,"Annual","Slice1","days_per_month",0
"178",2011-02-01,2011,2,"Annual","Slice2","days_per_month",0
"179",2011-02-01,2011,2,"Annual","Slice3","days_per_month",0
"180",2011-02-01,2011,2,"Annual","Slice4","days_per_month",0
"181",2012-02-01,2012,2,"Annual","Slice1","days_per_month",0
"182",2012-02-01,2012,2,"Annual","Slice2","days_per_month",0
"183",2012-02-01,2012,2,"Annual","Slice3","days_per_month",0
"184",2012-02-01,2012,2,"Annual","Slice4","days_per_month",0
"185",2013-02-01,2013,2,"Annual","Slice1","days_per_month",0
"186",2013-02-01,2013,2,"Annual","Slice2","days_per_month",0
"187",2013-02-01,2013,2,"Annual","Slice3","days_per_month",0
"188",2013-02-01,2013,2,"Annual","Slice4","days_per_month",0
"189",2014-02-01,2014,2,"Annual","Slice1","days_per_month",0
"190",2014-02-01,2014,2,"Annual","Slice2","days_per_month",0
"191",2014-02-01,2014,2,"Annual","Slice3","days_per_month",0
"192",2014-02-01,2014,2,"Annual","Slice4","days_per_month",0
"193",2015-02-01,2015,2,"Annual","Slice1","days_per_month",0
"194",2015-02-01,2015,2,"Annual","Slice2","days_per_month",0
"195",2015-02-01,2015,2,"Annual","Slice3","days_per_month",0
"196",2015-02-01,2015,2,"Annual","Slice4","days_per_month",0
"197",2016-02-01,2016,2,"Annual","Slice1","days_per_month",0
"198",2016-02-01,2016,2,"Annual","Slice2","days_per_month",0
"199",2016-02-01,2016,2,"Annual","Slice3","days_per_month",0
"200",2016-02-01,2016,2,"Annual","Slice4","days_per_month",0
"201",2017-02-01,2017,2,"Annual","Slice1","days_per_month",0
"202",2017-02-01,2017,2,"Annual","Slice2","days_per_month",0
"203",2017-02-01,2017,2,"Annual","Slice3","days_per_month",0
"204",2017-02-01,2017,2,"Annual","Slice4","days_per_month",0
"205",2018-02-01,2018,2,"Annual","Slice1","days_per_month",0
"206",2018-02-01,2018,2,"Annual","Slice2","days_per_month",0
"207",2018-02-01,2018,2,"Annual","Slice3","days_per_month",0
"208",2018-02-01,2018,2,"Annual","Slice4","days_per_month",0
"209",1993-03-01,1993,3,"Annual","Slice1","days_per_month",0
"210",1993-03-01,1993,3,"Annual","Slice2","days_per_month",0
"211",1993-03-01,1993,3,"Annual","Slice3","days_per_month",0
"212",1993-03-01,1993,3,"Annual","Slice4","days_per_month",0
"213",1994-03-01,1994,3,"Annual","Slice1","days_per_month",0
"214",1994-03-01,1994,3,"Annual","Slice2","days_per_month",0
"215",1994-03-01,1994,3,"Annual","Slice3","days_per_month",0
"216",1994-03-01,1994,3,"Annual","Slice4","days_per_month",0
"217",1995-03-01,1995,3,"Annual","Slice1","days_per_month",0
"218",1995-03-01,1995,3,"Annual","Slice2","days_per_month",0
"219",1995-03-01,1995,3,"Annual","Slice3","days_per_month",0
"220",1995-03-01,1995,3,"Annual","Slice4","days_per_month",0
"221",1996-03-01,1996,3,"Annual","Slice1","days_per_month",0
"222",1996-03-01,1996,3,"Annual","Slice2","days_per_month",0
"223",1996-03-01,1996,3,"Annual","Slice3","days_per_month",0
"224",1996-03-01,1996,3,"Annual","Slice4","days_per_month",0
"225",1997-03-01,1997,3,"Annual","Slice1","days_per_month",0
"226",1997-03-01,1997,3,"Annual","Slice2","days_per_month",0
"227",1997-03-01,1997,3,"Annual","Slice3","days_per_month",0
"228",1997-03-01,1997,3,"Annual","Slice4","days_per_month",0
"229",1998-03-01,1998,3,"Annual","Slice1","days_per_month",0
"230",1998-03-01,1998,3,"Annual","Slice2","days_per_month",0
"231",1998-03-01,1998,3,"Annual","Slice3","days_per_month",0
"232",1998-03-01,1998,3,"Annual","Slice4","days_per_month",0
"233",1999-03-01,1999,3,"Annual","Slice1","days_per_month",0
"234",1999-03-01,1999,3,"Annual","Slice2","days_per_month",0
"235",1999-03-01,1999,3,"Annual","Slice3","days_per_month",0
"236",1999-03-01,1999,3,"Annual","Slice4","days_per_month",0
"237",2000-03-01,2000,3,"Annual","Slice1","days_per_month",0
"238",2000-03-01,2000,3,"Annual","Slice2","days_per_month",0
"239",2000-03-01,2000,3,"Annual","Slice3","days_per_month",0
"240",2000-03-01,2000,3,"Annual","Slice4","days_per_month",0
"241",2001-03-01,2001,3,"Annual","Slice1","days_per_month",0
"242",2001-03-01,2001,3,"Annual","Slice2","days_per_month",0
"243",2001-03-01,2001,3,"Annual","Slice3","days_per_month",0
"244",2001-03-01,2001,3,"Annual","Slice4","days_per_month",0
"245",2002-03-01,2002,3,"Annual","Slice1","days_per_month",0
"246",2002-03-01,2002,3,"Annual","Slice2","days_per_month",0
"247",2002-03-01,2002,3,"Annual","Slice3","days_per_month",0
"248",2002-03-01,2002,3,"Annual","Slice4","days_per_month",0
"249",2003-03-01,2003,3,"Annual","Slice1","days_per_month",0
"250",2003-03-01,2003,3,"Annual","Slice2","days_per_month",0
"251",2003-03-01,2003,3,"Annual","Slice3","days_per_month",0
"252",2003-03-01,2003,3,"Annual","Slice4","days_per_month",0
"253",2004-03-01,2004,3,"Annual","Slice1","days_per_month",0
"254",2004-03-01,2004,3,"Annual","Slice2","days_per_month",0
"255",2004-03-01,2004,3,"Annual","Slice3","days_per_month",0
"256",2004-03-01,2004,3,"Annual","Slice4","days_per_month",0
"257",2005-03-01,2005,3,"Annual","Slice1","days_per_month",0
"258",2005-03-01,2005,3,"Annual","Slice2","days_per_month",0
"259",2005-03-01,2005,3,"Annual","Slice3","days_per_month",0
"260",2005-03-01,2005,3,"Annual","Slice4","days_per_month",0
"261",2006-03-01,2006,3,"Annual","Slice1","days_per_month",0
"262",2006-03-01,2006,3,"Annual","Slice2","days_per_month",0
"263",2006-03-01,2006,3,"Annual","Slice3","days_per_month",0
"264",2006-03-01,2006,3,"Annual","Slice4","days_per_month",0
"265",2007-03-01,2007,3,"Annual","Slice1","days_per_month",0
"266",2007-03-01,2007,3,"Annual","Slice2","days_per_month",0
"267",2007-03-01,2007,3,"Annual","Slice3","days_per_month",0
"268",2007-03-01,2007,3,"Annual","Slice4","days_per_month",0
"269",2008-03-01,2008,3,"Annual","Slice1","days_per_month",0
"270",2008-03-01,2008,3,"Annual","Slice2","days_per_month",0
"271",2008-03-01,2008,3,"Annual","Slice3","days_per_month",0
"272",2008-03-01,2008,3,"Annual","Slice4","days_per_month",0
"273",2009-03-01,2009,3,"Annual","Slice1","days_per_month",0
"274",2009-03-01,2009,3,"Annual","Slice2","days_per_month",0
"275",2009-03-01,2009,3,"Annual","Slice3","days_per_month",0
"276",2009-03-01,2009,3,"Annual","Slice4","days_per_month",0
"277",2010-03-01,2010,3,"Annual","Slice1","days_per_month",0
"278",2010-03-01,2010,3,"Annual","Slice2","days_per_month",0
"279",2010-03-01,2010,3,"Annual","Slice3","days_per_month",0
"280",2010-03-01,2010,3,"Annual","Slice4","days_per_month",0
"281",2011-03-01,2011,3,"Annual","Slice1","days_per_month",0
"282",2011-03-01,2011,3,"Annual","Slice2","days_per_month",0
"283",2011-03-01,2011,3,"Annual","Slice3","days_per_month",0
"284",2011-03-01,2011,3,"Annual","Slice4","days_per_month",0
"285",2012-03-01,2012,3,"Annual","Slice1","days_per_month",0
"286",2012-03-01,2012,3,"Annual","Slice2","days_per_month",0
"287",2012-03-01,2012,3,"Annual","Slice3","days_per_month",0
"288",2012-03-01,2012,3,"Annual","Slice4","days_per_month",0
"289",2013-03-01,2013,3,"Annual","Slice1","days_per_month",0
"290",2013-03-01,2013,3,"Annual","Slice2","days_per_month",0
"291",2013-03-01,2013,3,"Annual","Slice3","days_per_month",0
"292",2013-03-01,2013,3,"Annual","Slice4","days_per_month",0
"293",2014-03-01,2014,3,"Annual","Slice1","days_per_month",0
"294",2014-03-01,2014,3,"Annual","Slice2","days_per_month",0
"295",2014-03-01,2014,3,"Annual","Slice3","days_per_month",0
"296",2014-03-01,2014,3,"Annual","Slice4","days_per_month",0
"297",2015-03-01,2015,3,"Annual","Slice1","days_per_month",0
"298",2015-03-01,2015,3,"Annual","Slice2","days_per_month",0
"299",2015-03-01,2015,3,"Annual","Slice3","days_per_month",0
"300",2015-03-01,2015,3,"Annual","Slice4","days_per_month",0
"301",2016-03-01,2016,3,"Annual","Slice1","days_per_month",0
"302",2016-03-01,2016,3,"Annual","Slice2","days_per_month",0
"303",2016-03-01,2016,3,"Annual","Slice3","days_per_month",0
"304",2016-03-01,2016,3,"Annual","Slice4","days_per_month",0
"305",2017-03-01,2017,3,"Annual","Slice1","days_per_month",0
"306",2017-03-01,2017,3,"Annual","Slice2","days_per_month",0
"307",2017-03-01,2017,3,"Annual","Slice3","days_per_month",0
"308",2017-03-01,2017,3,"Annual","Slice4","days_per_month",0
"309",2018-03-01,2018,3,"Annual","Slice1","days_per_month",0
"310",2018-03-01,2018,3,"Annual","Slice2","days_per_month",0
"311",2018-03-01,2018,3,"Annual","Slice3","days_per_month",0
"312",2018-03-01,2018,3,"Annual","Slice4","days_per_month",0
"313",1993-04-01,1993,4,"Seasonal","Slice1","days_per_month",0
"314",1993-04-01,1993,4,"Seasonal","Slice2","days_per_month",0
"315",1993-04-01,1993,4,"Seasonal","Slice3","days_per_month",0
"316",1993-04-01,1993,4,"Seasonal","Slice4","days_per_month",0
"317",1994-04-01,1994,4,"Seasonal","Slice1","days_per_month",0
"318",1994-04-01,1994,4,"Seasonal","Slice2","days_per_month",0
"319",1994-04-01,1994,4,"Seasonal","Slice3","days_per_month",0
"320",1994-04-01,1994,4,"Seasonal","Slice4","days_per_month",0
"321",1995-04-01,1995,4,"Seasonal","Slice1","days_per_month",0
"322",1995-04-01,1995,4,"Seasonal","Slice2","days_per_month",0
"323",1995-04-01,1995,4,"Seasonal","Slice3","days_per_month",0
"324",1995-04-01,1995,4,"Seasonal","Slice4","days_per_month",0
"325",1996-04-01,1996,4,"Seasonal","Slice1","days_per_month",0
"326",1996-04-01,1996,4,"Seasonal","Slice2","days_per_month",0
"327",1996-04-01,1996,4,"Seasonal","Slice3","days_per_month",0
"328",1996-04-01,1996,4,"Seasonal","Slice4","days_per_month",0
"329",1997-04-01,1997,4,"Seasonal","Slice1","days_per_month",0
"330",1997-04-01,1997,4,"Seasonal","Slice2","days_per_month",0
"331",1997-04-01,1997,4,"Seasonal","Slice3","days_per_month",0
"332",1997-04-01,1997,4,"Seasonal","Slice4","days_per_month",0
"333",1998-04-01,1998,4,"Seasonal","Slice1","days_per_month",0
"334",1998-04-01,1998,4,"Seasonal","Slice2","days_per_month",0
"335",1998-04-01,1998,4,"Seasonal","Slice3","days_per_month",0
"336",1998-04-01,1998,4,"Seasonal","Slice4","days_per_month",0
"337",1999-04-01,1999,4,"Seasonal","Slice1","days_per_month",0
"338",1999-04-01,1999,4,"Seasonal","Slice2","days_per_month",0
"339",1999-04-01,1999,4,"Seasonal","Slice3","days_per_month",0
"340",1999-04-01,1999,4,"Seasonal","Slice4","days_per_month",0
"341",2000-04-01,2000,4,"Seasonal","Slice1","days_per_month",0
"342",2000-04-01,2000,4,"Seasonal","Slice2","days_per_month",0
"343",2000-04-01,2000,4,"Seasonal","Slice3","days_per_month",0
"344",2000-04-01,2000,4,"Seasonal","Slice4","days_per_month",0
"345",2001-04-01,2001,4,"Seasonal","Slice1","days_per_month",0
"346",2001-04-01,2001,4,"Seasonal","Slice2","days_per_month",0
"347",2001-04-01,2001,4,"Seasonal","Slice3","days_per_month",0
"348",2001-04-01,2001,4,"Seasonal","Slice4","days_per_month",0
"349",2002-04-01,2002,4,"Seasonal","Slice1","days_per_month",0
"350",2002-04-01,2002,4,"Seasonal","Slice2","days_per_month",0
"351",2002-04-01,2002,4,"Seasonal","Slice3","days_per_month",0
"352",2002-04-01,2002,4,"Seasonal","Slice4","days_per_month",0
"353",2003-04-01,2003,4,"Seasonal","Slice1","days_per_month",0
"354",2003-04-01,2003,4,"Seasonal","Slice2","days_per_month",0
"355",2003-04-01,2003,4,"Seasonal","Slice3","days_per_month",0
"356",2003-04-01,2003,4,"Seasonal","Slice4","days_per_month",0
"357",2004-04-01,2004,4,"Seasonal","Slice1","days_per_month",0
"358",2004-04-01,2004,4,"Seasonal","Slice2","days_per_month",0
"359",2004-04-01,2004,4,"Seasonal","Slice3","days_per_month",0
"360",2004-04-01,2004,4,"Seasonal","Slice4","days_per_month",0
"361",2005-04-01,2005,4,"Seasonal","Slice1","days_per_month",0
"362",2005-04-01,2005,4,"Seasonal","Slice2","days_per_month",0
"363",2005-04-01,2005,4,"Seasonal","Slice3","days_per_month",0
"364",2005-04-01,2005,4,"Seasonal","Slice4","days_per_month",0
"365",2006-04-01,2006,4,"Seasonal","Slice1","days_per_month",0
"366",2006-04-01,2006,4,"Seasonal","Slice2","days_per_month",0
"367",2006-04-01,2006,4,"Seasonal","Slice3","days_per_month",0
"368",2006-04-01,2006,4,"Seasonal","Slice4","days_per_month",0
"369",2007-04-01,2007,4,"Seasonal","Slice1","days_per_month",0
"370",2007-04-01,2007,4,"Seasonal","Slice2","days_per_month",0
"371",2007-04-01,2007,4,"Seasonal","Slice3","days_per_month",0
"372",2007-04-01,2007,4,"Seasonal","Slice4","days_per_month",0
"373",2008-04-01,2008,4,"Seasonal","Slice1","days_per_month",0
"374",2008-04-01,2008,4,"Seasonal","Slice2","days_per_month",0
"375",2008-04-01,2008,4,"Seasonal","Slice3","days_per_month",0
"376",2008-04-01,2008,4,"Seasonal","Slice4","days_per_month",0
"377",2009-04-01,2009,4,"Seasonal","Slice1","days_per_month",0
"378",2009-04-01,2009,4,"Seasonal","Slice2","days_per_month",0
"379",2009-04-01,2009,4,"Seasonal","Slice3","days_per_month",0
"380",2009-04-01,2009,4,"Seasonal","Slice4","days_per_month",0
"381",2010-04-01,2010,4,"Seasonal","Slice1","days_per_month",0
"382",2010-04-01,2010,4,"Seasonal","Slice2","days_per_month",0
"383",2010-04-01,2010,4,"Seasonal","Slice3","days_per_month",0
"384",2010-04-01,2010,4,"Seasonal","Slice4","days_per_month",0
"385",2011-04-01,2011,4,"Seasonal","Slice1","days_per_month",0
"386",2011-04-01,2011,4,"Seasonal","Slice2","days_per_month",0
"387",2011-04-01,2011,4,"Seasonal","Slice3","days_per_month",0
"388",2011-04-01,2011,4,"Seasonal","Slice4","days_per_month",0
"389",2012-04-01,2012,4,"Seasonal","Slice1","days_per_month",0
"390",2012-04-01,2012,4,"Seasonal","Slice2","days_per_month",0
"391",2012-04-01,2012,4,"Seasonal","Slice3","days_per_month",0
"392",2012-04-01,2012,4,"Seasonal","Slice4","days_per_month",0
"393",2013-04-01,2013,4,"Seasonal","Slice1","days_per_month",0
"394",2013-04-01,2013,4,"Seasonal","Slice2","days_per_month",0
"395",2013-04-01,2013,4,"Seasonal","Slice3","days_per_month",0
"396",2013-04-01,2013,4,"Seasonal","Slice4","days_per_month",0
"397",2014-04-01,2014,4,"Seasonal","Slice1","days_per_month",0
"398",2014-04-01,2014,4,"Seasonal","Slice2","days_per_month",0
"399",2014-04-01,2014,4,"Seasonal","Slice3","days_per_month",0
"400",2014-04-01,2014,4,"Seasonal","Slice4","days_per_month",0
"401",2015-04-01,2015,4,"Seasonal","Slice1","days_per_month",0
"402",2015-04-01,2015,4,"Seasonal","Slice2","days_per_month",0
"403",2015-04-01,2015,4,"Seasonal","Slice3","days_per_month",0
"404",2015-04-01,2015,4,"Seasonal","Slice4","days_per_month",0
"405",2016-04-01,2016,4,"Seasonal","Slice1","days_per_month",0
"406",2016-04-01,2016,4,"Seasonal","Slice2","days_per_month",0
"407",2016-04-01,2016,4,"Seasonal","Slice3","days_per_month",0
"408",2016-04-01,2016,4,"Seasonal","Slice4","days_per_month",0
"409",2017-04-01,2017,4,"Seasonal","Slice1","days_per_month",0
"410",2017-04-01,2017,4,"Seasonal","Slice2","days_per_month",0
"411",2017-04-01,2017,4,"Seasonal","Slice3","days_per_month",0
"412",2017-04-01,2017,4,"Seasonal","Slice4","days_per_month",0
"413",2018-04-01,2018,4,"Seasonal","Slice1","days_per_month",0
"414",2018-04-01,2018,4,"Seasonal","Slice2","days_per_month",0
"415",2018-04-01,2018,4,"Seasonal","Slice3","days_per_month",0
"416",2018-04-01,2018,4,"Seasonal","Slice4","days_per_month",0
"417",1993-05-01,1993,5,"Seasonal","Slice1","days_per_month",0
"418",1993-05-01,1993,5,"Seasonal","Slice2","days_per_month",0
"419",1993-05-01,1993,5,"Seasonal","Slice3","days_per_month",0
"420",1993-05-01,1993,5,"Seasonal","Slice4","days_per_month",0
"421",1994-05-01,1994,5,"Seasonal","Slice1","days_per_month",0
"422",1994-05-01,1994,5,"Seasonal","Slice2","days_per_month",0
"423",1994-05-01,1994,5,"Seasonal","Slice3","days_per_month",0
"424",1994-05-01,1994,5,"Seasonal","Slice4","days_per_month",0
"425",1995-05-01,1995,5,"Seasonal","Slice1","days_per_month",0
"426",1995-05-01,1995,5,"Seasonal","Slice2","days_per_month",0
"427",1995-05-01,1995,5,"Seasonal","Slice3","days_per_month",0
"428",1995-05-01,1995,5,"Seasonal","Slice4","days_per_month",0
"429",1996-05-01,1996,5,"Seasonal","Slice1","days_per_month",0
"430",1996-05-01,1996,5,"Seasonal","Slice2","days_per_month",0
"431",1996-05-01,1996,5,"Seasonal","Slice3","days_per_month",0
"432",1996-05-01,1996,5,"Seasonal","Slice4","days_per_month",0
"433",1997-05-01,1997,5,"Seasonal","Slice1","days_per_month",0
"434",1997-05-01,1997,5,"Seasonal","Slice2","days_per_month",0
"435",1997-05-01,1997,5,"Seasonal","Slice3","days_per_month",0
"436",1997-05-01,1997,5,"Seasonal","Slice4","days_per_month",0
"437",1998-05-01,1998,5,"Seasonal","Slice1","days_per_month",0
"438",1998-05-01,1998,5,"Seasonal","Slice2","days_per_month",0
"439",1998-05-01,1998,5,"Seasonal","Slice3","days_per_month",0
"440",1998-05-01,1998,5,"Seasonal","Slice4","days_per_month",0
"441",1999-05-01,1999,5,"Seasonal","Slice1","days_per_month",0
"442",1999-05-01,1999,5,"Seasonal","Slice2","days_per_month",0
"443",1999-05-01,1999,5,"Seasonal","Slice3","days_per_month",0
"444",1999-05-01,1999,5,"Seasonal","Slice4","days_per_month",0
"445",2000-05-01,2000,5,"Seasonal","Slice1","days_per_month",0
"446",2000-05-01,2000,5,"Seasonal","Slice2","days_per_month",0
"447",2000-05-01,2000,5,"Seasonal","Slice3","days_per_month",0
"448",2000-05-01,2000,5,"Seasonal","Slice4","days_per_month",0
"449",2001-05-01,2001,5,"Seasonal","Slice1","days_per_month",0
"450",2001-05-01,2001,5,"Seasonal","Slice2","days_per_month",0
"451",2001-05-01,2001,5,"Seasonal","Slice3","days_per_month",0
"452",2001-05-01,2001,5,"Seasonal","Slice4","days_per_month",0
"453",2002-05-01,2002,5,"Seasonal","Slice1","days_per_month",0
"454",2002-05-01,2002,5,"Seasonal","Slice2","days_per_month",0
"455",2002-05-01,2002,5,"Seasonal","Slice3","days_per_month",0
"456",2002-05-01,2002,5,"Seasonal","Slice4","days_per_month",0
"457",2003-05-01,2003,5,"Seasonal","Slice1","days_per_month",0
"458",2003-05-01,2003,5,"Seasonal","Slice2","days_per_month",0
"459",2003-05-01,2003,5,"Seasonal","Slice3","days_per_month",0
"460",2003-05-01,2003,5,"Seasonal","Slice4","days_per_month",0
"461",2004-05-01,2004,5,"Seasonal","Slice1","days_per_month",0
"462",2004-05-01,2004,5,"Seasonal","Slice2","days_per_month",0
"463",2004-05-01,2004,5,"Seasonal","Slice3","days_per_month",0
"464",2004-05-01,2004,5,"Seasonal","Slice4","days_per_month",0
"465",2005-05-01,2005,5,"Seasonal","Slice1","days_per_month",0
"466",2005-05-01,2005,5,"Seasonal","Slice2","days_per_month",0
"467",2005-05-01,2005,5,"Seasonal","Slice3","days_per_month",0
"468",2005-05-01,2005,5,"Seasonal","Slice4","days_per_month",0
"469",2006-05-01,2006,5,"Seasonal","Slice1","days_per_month",0
"470",2006-05-01,2006,5,"Seasonal","Slice2","days_per_month",0
"471",2006-05-01,2006,5,"Seasonal","Slice3","days_per_month",0
"472",2006-05-01,2006,5,"Seasonal","Slice4","days_per_month",0
"473",2007-05-01,2007,5,"Seasonal","Slice1","days_per_month",0
"474",2007-05-01,2007,5,"Seasonal","Slice2","days_per_month",0
"475",2007-05-01,2007,5,"Seasonal","Slice3","days_per_month",0
"476",2007-05-01,2007,5,"Seasonal","Slice4","days_per_month",0
"477",2008-05-01,2008,5,"Seasonal","Slice1","days_per_month",0
"478",2008-05-01,2008,5,"Seasonal","Slice2","days_per_month",0
"479",2008-05-01,2008,5,"Seasonal","Slice3","days_per_month",0
"480",2008-05-01,2008,5,"Seasonal","Slice4","days_per_month",0
"481",2009-05-01,2009,5,"Seasonal","Slice1","days_per_month",0
"482",2009-05-01,2009,5,"Seasonal","Slice2","days_per_month",0
"483",2009-05-01,2009,5,"Seasonal","Slice3","days_per_month",0
"484",2009-05-01,2009,5,"Seasonal","Slice4","days_per_month",0
"485",2010-05-01,2010,5,"Seasonal","Slice1","days_per_month",0
"486",2010-05-01,2010,5,"Seasonal","Slice2","days_per_month",0
"487",2010-05-01,2010,5,"Seasonal","Slice3","days_per_month",0
"488",2010-05-01,2010,5,"Seasonal","Slice4","days_per_month",0
"489",2011-05-01,2011,5,"Seasonal","Slice1","days_per_month",0
"490",2011-05-01,2011,5,"Seasonal","Slice2","days_per_month",0
"491",2011-05-01,2011,5,"Seasonal","Slice3","days_per_month",0
"492",2011-05-01,2011,5,"Seasonal","Slice4","days_per_month",0
"493",2012-05-01,2012,5,"Seasonal","Slice1","days_per_month",0
"494",2012-05-01,2012,5,"Seasonal","Slice2","days_per_month",0
"495",2012-05-01,2012,5,"Seasonal","Slice3","days_per_month",0
"496",2012-05-01,2012,5,"Seasonal","Slice4","days_per_month",0
"497",2013-05-01,2013,5,"Seasonal","Slice1","days_per_month",0
"498",2013-05-01,2013,5,"Seasonal","Slice2","days_per_month",0
"499",2013-05-01,2013,5,"Seasonal","Slice3","days_per_month",0
"500",2013-05-01,2013,5,"Seasonal","Slice4","days_per_month",0
"501",2014-05-01,2014,5,"Seasonal","Slice1","days_per_month",0
"502",2014-05-01,2014,5,"Seasonal","Slice2","days_per_month",0
"503",2014-05-01,2014,5,"Seasonal","Slice3","days_per_month",0
"504",2014-05-01,2014,5,"Seasonal","Slice4","days_per_month",0
"505",2015-05-01,2015,5,"Seasonal","Slice1","days_per_month",0
"506",2015-05-01,2015,5,"Seasonal","Slice2","days_per_month",0
"507",2015-05-01,2015,5,"Seasonal","Slice3","days_per_month",0
"508",2015-05-01,2015,5,"Seasonal","Slice4","days_per_month",0
"509",2016-05-01,2016,5,"Seasonal","Slice1","days_per_month",0
"510",2016-05-01,2016,5,"Seasonal","Slice2","days_per_month",0
"511",2016-05-01,2016,5,"Seasonal","Slice3","days_per_month",0
"512",2016-05-01,2016,5,"Seasonal","Slice4","days_per_month",0
"513",2017-05-01,2017,5,"Seasonal","Slice1","days_per_month",0
"514",2017-05-01,2017,5,"Seasonal","Slice2","days_per_month",0
"515",2017-05-01,2017,5,"Seasonal","Slice3","days_per_month",0
"516",2017-05-01,2017,5,"Seasonal","Slice4","days_per_month",0
"517",2018-05-01,2018,5,"Seasonal","Slice1","days_per_month",0
"518",2018-05-01,2018,5,"Seasonal","Slice2","days_per_month",0
"519",2018-05-01,2018,5,"Seasonal","Slice3","days_per_month",0
"520",2018-05-01,2018,5,"Seasonal","Slice4","days_per_month",0
"521",1993-06-01,1993,6,"Seasonal","Slice1","days_per_month",0
"522",1993-06-01,1993,6,"Seasonal","Slice2","days_per_month",0
"523",1993-06-01,1993,6,"Seasonal","Slice3","days_per_month",0
"524",1993-06-01,1993,6,"Seasonal","Slice4","days_per_month",0
"525",1994-06-01,1994,6,"Seasonal","Slice1","days_per_month",0
"526",1994-06-01,1994,6,"Seasonal","Slice2","days_per_month",0
"527",1994-06-01,1994,6,"Seasonal","Slice3","days_per_month",0
"528",1994-06-01,1994,6,"Seasonal","Slice4","days_per_month",0
"529",1995-06-01,1995,6,"Seasonal","Slice1","days_per_month",0
"530",1995-06-01,1995,6,"Seasonal","Slice2","days_per_month",0
"531",1995-06-01,1995,6,"Seasonal","Slice3","days_per_month",0
"532",1995-06-01,1995,6,"Seasonal","Slice4","days_per_month",0
"533",1996-06-01,1996,6,"Seasonal","Slice1","days_per_month",0
"534",1996-06-01,1996,6,"Seasonal","Slice2","days_per_month",0
"535",1996-06-01,1996,6,"Seasonal","Slice3","days_per_month",0
"536",1996-06-01,1996,6,"Seasonal","Slice4","days_per_month",0
"537",1997-06-01,1997,6,"Seasonal","Slice1","days_per_month",0
"538",1997-06-01,1997,6,"Seasonal","Slice2","days_per_month",0
"539",1997-06-01,1997,6,"Seasonal","Slice3","days_per_month",0
"540",1997-06-01,1997,6,"Seasonal","Slice4","days_per_month",0
"541",1998-06-01,1998,6,"Seasonal","Slice1","days_per_month",0
"542",1998-06-01,1998,6,"Seasonal","Slice2","days_per_month",0
"543",1998-06-01,1998,6,"Seasonal","Slice3","days_per_month",0
"544",1998-06-01,1998,6,"Seasonal","Slice4","days_per_month",0
"545",1999-06-01,1999,6,"Seasonal","Slice1","days_per_month",0
"546",1999-06-01,1999,6,"Seasonal","Slice2","days_per_month",0
"547",1999-06-01,1999,6,"Seasonal","Slice3","days_per_month",0
"548",1999-06-01,1999,6,"Seasonal","Slice4","days_per_month",0
"549",2000-06-01,2000,6,"Seasonal","Slice1","days_per_month",0
"550",2000-06-01,2000,6,"Seasonal","Slice2","days_per_month",0
"551",2000-06-01,2000,6,"Seasonal","Slice3","days_per_month",0
"552",2000-06-01,2000,6,"Seasonal","Slice4","days_per_month",0
"553",2001-06-01,2001,6,"Seasonal","Slice1","days_per_month",0
"554",2001-06-01,2001,6,"Seasonal","Slice2","days_per_month",0
"555",2001-06-01,2001,6,"Seasonal","Slice3","days_per_month",0
"556",2001-06-01,2001,6,"Seasonal","Slice4","days_per_month",0
"557",2002-06-01,2002,6,"Seasonal","Slice1","days_per_month",0
"558",2002-06-01,2002,6,"Seasonal","Slice2","days_per_month",0
"559",2002-06-01,2002,6,"Seasonal","Slice3","days_per_month",0
"560",2002-06-01,2002,6,"Seasonal","Slice4","days_per_month",0
"561",2003-06-01,2003,6,"Seasonal","Slice1","days_per_month",0
"562",2003-06-01,2003,6,"Seasonal","Slice2","days_per_month",0
"563",2003-06-01,2003,6,"Seasonal","Slice3","days_per_month",0
"564",2003-06-01,2003,6,"Seasonal","Slice4","days_per_month",0
"565",2004-06-01,2004,6,"Seasonal","Slice1","days_per_month",0
"566",2004-06-01,2004,6,"Seasonal","Slice2","days_per_month",0
"567",2004-06-01,2004,6,"Seasonal","Slice3","days_per_month",0
"568",2004-06-01,2004,6,"Seasonal","Slice4","days_per_month",0
"569",2005-06-01,2005,6,"Seasonal","Slice1","days_per_month",0
"570",2005-06-01,2005,6,"Seasonal","Slice2","days_per_month",0
"571",2005-06-01,2005,6,"Seasonal","Slice3","days_per_month",0
"572",2005-06-01,2005,6,"Seasonal","Slice4","days_per_month",0
"573",2006-06-01,2006,6,"Seasonal","Slice1","days_per_month",0
"574",2006-06-01,2006,6,"Seasonal","Slice2","days_per_month",0
"575",2006-06-01,2006,6,"Seasonal","Slice3","days_per_month",0
"576",2006-06-01,2006,6,"Seasonal","Slice4","days_per_month",0
"577",2007-06-01,2007,6,"Seasonal","Slice1","days_per_month",0
"578",2007-06-01,2007,6,"Seasonal","Slice2","days_per_month",0
"579",2007-06-01,2007,6,"Seasonal","Slice3","days_per_month",0
"580",2007-06-01,2007,6,"Seasonal","Slice4","days_per_month",0
"581",2008-06-01,2008,6,"Seasonal","Slice1","days_per_month",0
"582",2008-06-01,2008,6,"Seasonal","Slice2","days_per_month",0
"583",2008-06-01,2008,6,"Seasonal","Slice3","days_per_month",0
"584",2008-06-01,2008,6,"Seasonal","Slice4","days_per_month",0
"585",2009-06-01,2009,6,"Seasonal","Slice1","days_per_month",0
"586",2009-06-01,2009,6,"Seasonal","Slice2","days_per_month",0
"587",2009-06-01,2009,6,"Seasonal","Slice3","days_per_month",0
"588",2009-06-01,2009,6,"Seasonal","Slice4","days_per_month",0
"589",2010-06-01,2010,6,"Seasonal","Slice1","days_per_month",0
"590",2010-06-01,2010,6,"Seasonal","Slice2","days_per_month",0
"591",2010-06-01,2010,6,"Seasonal","Slice3","days_per_month",0
"592",2010-06-01,2010,6,"Seasonal","Slice4","days_per_month",0
"593",2011-06-01,2011,6,"Seasonal","Slice1","days_per_month",0
"594",2011-06-01,2011,6,"Seasonal","Slice2","days_per_month",0
"595",2011-06-01,2011,6,"Seasonal","Slice3","days_per_month",0
"596",2011-06-01,2011,6,"Seasonal","Slice4","days_per_month",0
"597",2012-06-01,2012,6,"Seasonal","Slice1","days_per_month",0
"598",2012-06-01,2012,6,"Seasonal","Slice2","days_per_month",0
"599",2012-06-01,2012,6,"Seasonal","Slice3","days_per_month",0
"600",2012-06-01,2012,6,"Seasonal","Slice4","days_per_month",0
"601",2013-06-01,2013,6,"Seasonal","Slice1","days_per_month",0
"602",2013-06-01,2013,6,"Seasonal","Slice2","days_per_month",0
"603",2013-06-01,2013,6,"Seasonal","Slice3","days_per_month",0
"604",2013-06-01,2013,6,"Seasonal","Slice4","days_per_month",0
"605",2014-06-01,2014,6,"Seasonal","Slice1","days_per_month",0
"606",2014-06-01,2014,6,"Seasonal","Slice2","days_per_month",0
"607",2014-06-01,2014,6,"Seasonal","Slice3","days_per_month",0
"608",2014-06-01,2014,6,"Seasonal","Slice4","days_per_month",0
"609",2015-06-01,2015,6,"Seasonal","Slice1","days_per_month",0
"610",2015-06-01,2015,6,"Seasonal","Slice2","days_per_month",0
"611",2015-06-01,2015,6,"Seasonal","Slice3","days_per_month",0
"612",2015-06-01,2015,6,"Seasonal","Slice4","days_per_month",0
"613",2016-06-01,2016,6,"Seasonal","Slice1","days_per_month",0
"614",2016-06-01,2016,6,"Seasonal","Slice2","days_per_month",0
"615",2016-06-01,2016,6,"Seasonal","Slice3","days_per_month",0
"616",2016-06-01,2016,6,"Seasonal","Slice4","days_per_month",0
"617",2017-06-01,2017,6,"Seasonal","Slice1","days_per_month",0
"618",2017-06-01,2017,6,"Seasonal","Slice2","days_per_month",0
"619",2017-06-01,2017,6,"Seasonal","Slice3","days_per_month",0
"620",2017-06-01,2017,6,"Seasonal","Slice4","days_per_month",0
"621",1993-07-01,1993,7,"Seasonal","Slice1","days_per_month",0
"622",1993-07-01,1993,7,"Seasonal","Slice2","days_per_month",0
"623",1993-07-01,1993,7,"Seasonal","Slice3","days_per_month",0
"624",1993-07-01,1993,7,"Seasonal","Slice4","days_per_month",0
"625",1994-07-01,1994,7,"Seasonal","Slice1","days_per_month",0
"626",1994-07-01,1994,7,"Seasonal","Slice2","days_per_month",0
"627",1994-07-01,1994,7,"Seasonal","Slice3","days_per_month",0
"628",1994-07-01,1994,7,"Seasonal","Slice4","days_per_month",0
"629",1995-07-01,1995,7,"Seasonal","Slice1","days_per_month",0
"630",1995-07-01,1995,7,"Seasonal","Slice2","days_per_month",0
"631",1995-07-01,1995,7,"Seasonal","Slice3","days_per_month",0
"632",1995-07-01,1995,7,"Seasonal","Slice4","days_per_month",0
"633",1996-07-01,1996,7,"Seasonal","Slice1","days_per_month",0
"634",1996-07-01,1996,7,"Seasonal","Slice2","days_per_month",0
"635",1996-07-01,1996,7,"Seasonal","Slice3","days_per_month",0
"636",1996-07-01,1996,7,"Seasonal","Slice4","days_per_month",0
"637",1997-07-01,1997,7,"Seasonal","Slice1","days_per_month",0
"638",1997-07-01,1997,7,"Seasonal","Slice2","days_per_month",0
"639",1997-07-01,1997,7,"Seasonal","Slice3","days_per_month",0
"640",1997-07-01,1997,7,"Seasonal","Slice4","days_per_month",0
"641",1998-07-01,1998,7,"Seasonal","Slice1","days_per_month",0
"642",1998-07-01,1998,7,"Seasonal","Slice2","days_per_month",0
"643",1998-07-01,1998,7,"Seasonal","Slice3","days_per_month",0
"644",1998-07-01,1998,7,"Seasonal","Slice4","days_per_month",0
"645",1999-07-01,1999,7,"Seasonal","Slice1","days_per_month",0
"646",1999-07-01,1999,7,"Seasonal","Slice2","days_per_month",0
"647",1999-07-01,1999,7,"Seasonal","Slice3","days_per_month",0
"648",1999-07-01,1999,7,"Seasonal","Slice4","days_per_month",0
"649",2000-07-01,2000,7,"Seasonal","Slice1","days_per_month",0
"650",2000-07-01,2000,7,"Seasonal","Slice2","days_per_month",0
"651",2000-07-01,2000,7,"Seasonal","Slice3","days_per_month",0
"652",2000-07-01,2000,7,"Seasonal","Slice4","days_per_month",0
"653",2001-07-01,2001,7,"Seasonal","Slice1","days_per_month",0
"654",2001-07-01,2001,7,"Seasonal","Slice2","days_per_month",0
"655",2001-07-01,2001,7,"Seasonal","Slice3","days_per_month",0
"656",2001-07-01,2001,7,"Seasonal","Slice4","days_per_month",0
"657",2002-07-01,2002,7,"Seasonal","Slice1","days_per_month",0
"658",2002-07-01,2002,7,"Seasonal","Slice2","days_per_month",0
"659",2002-07-01,2002,7,"Seasonal","Slice3","days_per_month",0
"660",2002-07-01,2002,7,"Seasonal","Slice4","days_per_month",0
"661",2003-07-01,2003,7,"Seasonal","Slice1","days_per_month",0
"662",2003-07-01,2003,7,"Seasonal","Slice2","days_per_month",0
"663",2003-07-01,2003,7,"Seasonal","Slice3","days_per_month",0
"664",2003-07-01,2003,7,"Seasonal","Slice4","days_per_month",0
"665",2004-07-01,2004,7,"Seasonal","Slice1","days_per_month",0
"666",2004-07-01,2004,7,"Seasonal","Slice2","days_per_month",0
"667",2004-07-01,2004,7,"Seasonal","Slice3","days_per_month",0
"668",2004-07-01,2004,7,"Seasonal","Slice4","days_per_month",0
"669",2005-07-01,2005,7,"Seasonal","Slice1","days_per_month",0
"670",2005-07-01,2005,7,"Seasonal","Slice2","days_per_month",0
"671",2005-07-01,2005,7,"Seasonal","Slice3","days_per_month",0
"672",2005-07-01,2005,7,"Seasonal","Slice4","days_per_month",0
"673",2006-07-01,2006,7,"Seasonal","Slice1","days_per_month",0
"674",2006-07-01,2006,7,"Seasonal","Slice2","days_per_month",0
"675",2006-07-01,2006,7,"Seasonal","Slice3","days_per_month",0
"676",2006-07-01,2006,7,"Seasonal","Slice4","days_per_month",0
"677",2007-07-01,2007,7,"Seasonal","Slice1","days_per_month",0
"678",2007-07-01,2007,7,"Seasonal","Slice2","days_per_month",0
"679",2007-07-01,2007,7,"Seasonal","Slice3","days_per_month",0
"680",2007-07-01,2007,7,"Seasonal","Slice4","days_per_month",0
"681",2008-07-01,2008,7,"Seasonal","Slice1","days_per_month",0
"682",2008-07-01,2008,7,"Seasonal","Slice2","days_per_month",0
"683",2008-07-01,2008,7,"Seasonal","Slice3","days_per_month",0
"684",2008-07-01,2008,7,"Seasonal","Slice4","days_per_month",0
"685",2009-07-01,2009,7,"Seasonal","Slice1","days_per_month",0
"686",2009-07-01,2009,7,"Seasonal","Slice2","days_per_month",0
"687",2009-07-01,2009,7,"Seasonal","Slice3","days_per_month",0
"688",2009-07-01,2009,7,"Seasonal","Slice4","days_per_month",0
"689",2010-07-01,2010,7,"Seasonal","Slice1","days_per_month",0
"690",2010-07-01,2010,7,"Seasonal","Slice2","days_per_month",0
"691",2010-07-01,2010,7,"Seasonal","Slice3","days_per_month",0
"692",2010-07-01,2010,7,"Seasonal","Slice4","days_per_month",0
"693",2011-07-01,2011,7,"Seasonal","Slice1","days_per_month",0
"694",2011-07-01,2011,7,"Seasonal","Slice2","days_per_month",0
"695",2011-07-01,2011,7,"Seasonal","Slice3","days_per_month",0
"696",2011-07-01,2011,7,"Seasonal","Slice4","days_per_month",0
"697",2012-07-01,2012,7,"Seasonal","Slice1","days_per_month",0
"698",2012-07-01,2012,7,"Seasonal","Slice2","days_per_month",0
"699",2012-07-01,2012,7,"Seasonal","Slice3","days_per_month",0
"700",2012-07-01,2012,7,"Seasonal","Slice4","days_per_month",0
"701",2013-07-01,2013,7,"Seasonal","Slice1","days_per_month",0
"702",2013-07-01,2013,7,"Seasonal","Slice2","days_per_month",0
"703",2013-07-01,2013,7,"Seasonal","Slice3","days_per_month",0
"704",2013-07-01,2013,7,"Seasonal","Slice4","days_per_month",0
"705",2014-07-01,2014,7,"Seasonal","Slice1","days_per_month",0
"706",2014-07-01,2014,7,"Seasonal","Slice2","days_per_month",0
"707",2014-07-01,2014,7,"Seasonal","Slice3","days_per_month",0
"708",2014-07-01,2014,7,"Seasonal","Slice4","days_per_month",0
"709",2015-07-01,2015,7,"Seasonal","Slice1","days_per_month",0
"710",2015-07-01,2015,7,"Seasonal","Slice2","days_per_month",0
"711",2015-07-01,2015,7,"Seasonal","Slice3","days_per_month",0
"712",2015-07-01,2015,7,"Seasonal","Slice4","days_per_month",0
"713",2016-07-01,2016,7,"Seasonal","Slice1","days_per_month",0
"714",2016-07-01,2016,7,"Seasonal","Slice2","days_per_month",0
"715",2016-07-01,2016,7,"Seasonal","Slice3","days_per_month",0
"716",2016-07-01,2016,7,"Seasonal","Slice4","days_per_month",0
"717",2017-07-01,2017,7,"Seasonal","Slice1","days_per_month",0
"718",2017-07-01,2017,7,"Seasonal","Slice2","days_per_month",0
"719",2017-07-01,2017,7,"Seasonal","Slice3","days_per_month",0
"720",2017-07-01,2017,7,"Seasonal","Slice4","days_per_month",0
"721",1993-08-01,1993,8,"Seasonal","Slice1","days_per_month",0
"722",1993-08-01,1993,8,"Seasonal","Slice2","days_per_month",0
"723",1993-08-01,1993,8,"Seasonal","Slice3","days_per_month",0
"724",1993-08-01,1993,8,"Seasonal","Slice4","days_per_month",0
"725",1994-08-01,1994,8,"Seasonal","Slice1","days_per_month",0
"726",1994-08-01,1994,8,"Seasonal","Slice2","days_per_month",0
"727",1994-08-01,1994,8,"Seasonal","Slice3","days_per_month",0
"728",1994-08-01,1994,8,"Seasonal","Slice4","days_per_month",0
"729",1995-08-01,1995,8,"Seasonal","Slice1","days_per_month",0
"730",1995-08-01,1995,8,"Seasonal","Slice2","days_per_month",0
"731",1995-08-01,1995,8,"Seasonal","Slice3","days_per_month",0
"732",1995-08-01,1995,8,"Seasonal","Slice4","days_per_month",0
"733",1996-08-01,1996,8,"Seasonal","Slice1","days_per_month",0
"734",1996-08-01,1996,8,"Seasonal","Slice2","days_per_month",0
"735",1996-08-01,1996,8,"Seasonal","Slice3","days_per_month",0
"736",1996-08-01,1996,8,"Seasonal","Slice4","days_per_month",0
"737",1997-08-01,1997,8,"Seasonal","Slice1","days_per_month",0
"738",1997-08-01,1997,8,"Seasonal","Slice2","days_per_month",0
"739",1997-08-01,1997,8,"Seasonal","Slice3","days_per_month",0
"740",1997-08-01,1997,8,"Seasonal","Slice4","days_per_month",0
"741",1998-08-01,1998,8,"Seasonal","Slice1","days_per_month",0
"742",1998-08-01,1998,8,"Seasonal","Slice2","days_per_month",0
"743",1998-08-01,1998,8,"Seasonal","Slice3","days_per_month",0
"744",1998-08-01,1998,8,"Seasonal","Slice4","days_per_month",0
"745",1999-08-01,1999,8,"Seasonal","Slice1","days_per_month",0
"746",1999-08-01,1999,8,"Seasonal","Slice2","days_per_month",0
"747",1999-08-01,1999,8,"Seasonal","Slice3","days_per_month",0
"748",1999-08-01,1999,8,"Seasonal","Slice4","days_per_month",0
"749",2000-08-01,2000,8,"Seasonal","Slice1","days_per_month",0
"750",2000-08-01,2000,8,"Seasonal","Slice2","days_per_month",0
"751",2000-08-01,2000,8,"Seasonal","Slice3","days_per_month",0
"752",2000-08-01,2000,8,"Seasonal","Slice4","days_per_month",0
"753",2001-08-01,2001,8,"Seasonal","Slice1","days_per_month",0
"754",2001-08-01,2001,8,"Seasonal","Slice2","days_per_month",0
"755",2001-08-01,2001,8,"Seasonal","Slice3","days_per_month",0
"756",2001-08-01,2001,8,"Seasonal","Slice4","days_per_month",0
"757",2002-08-01,2002,8,"Seasonal","Slice1","days_per_month",0
"758",2002-08-01,2002,8,"Seasonal","Slice2","days_per_month",0
"759",2002-08-01,2002,8,"Seasonal","Slice3","days_per_month",0
"760",2002-08-01,2002,8,"Seasonal","Slice4","days_per_month",0
"761",2003-08-01,2003,8,"Seasonal","Slice1","days_per_month",0
"762",2003-08-01,2003,8,"Seasonal","Slice2","days_per_month",0
"763",2003-08-01,2003,8,"Seasonal","Slice3","days_per_month",0
"764",2003-08-01,2003,8,"Seasonal","Slice4","days_per_month",0
"765",2004-08-01,2004,8,"Seasonal","Slice1","days_per_month",0
"766",2004-08-01,2004,8,"Seasonal","Slice2","days_per_month",0
"767",2004-08-01,2004,8,"Seasonal","Slice3","days_per_month",0
"768",2004-08-01,2004,8,"Seasonal","Slice4","days_per_month",0
"769",2005-08-01,2005,8,"Seasonal","Slice1","days_per_month",0
"770",2005-08-01,2005,8,"Seasonal","Slice2","days_per_month",0
"771",2005-08-01,2005,8,"Seasonal","Slice3","days_per_month",0
"772",2005-08-01,2005,8,"Seasonal","Slice4","days_per_month",0
"773",2006-08-01,2006,8,"Seasonal","Slice1","days_per_month",0
"774",2006-08-01,2006,8,"Seasonal","Slice2","days_per_month",0
"775",2006-08-01,2006,8,"Seasonal","Slice3","days_per_month",0
"776",2006-08-01,2006,8,"Seasonal","Slice4","days_per_month",0
"777",2007-08-01,2007,8,"Seasonal","Slice1","days_per_month",0
"778",2007-08-01,2007,8,"Seasonal","Slice2","days_per_month",0
"779",2007-08-01,2007,8,"Seasonal","Slice3","days_per_month",0
"780",2007-08-01,2007,8,"Seasonal","Slice4","days_per_month",0
"781",2008-08-01,2008,8,"Seasonal","Slice1","days_per_month",0
"782",2008-08-01,2008,8,"Seasonal","Slice2","days_per_month",0
"783",2008-08-01,2008,8,"Seasonal","Slice3","days_per_month",0
"784",2008-08-01,2008,8,"Seasonal","Slice4","days_per_month",0
"785",2009-08-01,2009,8,"Seasonal","Slice1","days_per_month",0
"786",2009-08-01,2009,8,"Seasonal","Slice2","days_per_month",0
"787",2009-08-01,2009,8,"Seasonal","Slice3","days_per_month",0
"788",2009-08-01,2009,8,"Seasonal","Slice4","days_per_month",0
"789",2010-08-01,2010,8,"Seasonal","Slice1","days_per_month",0
"790",2010-08-01,2010,8,"Seasonal","Slice2","days_per_month",0
"791",2010-08-01,2010,8,"Seasonal","Slice3","days_per_month",0
"792",2010-08-01,2010,8,"Seasonal","Slice4","days_per_month",0
"793",2011-08-01,2011,8,"Seasonal","Slice1","days_per_month",0
"794",2011-08-01,2011,8,"Seasonal","Slice2","days_per_month",0
"795",2011-08-01,2011,8,"Seasonal","Slice3","days_per_month",0
"796",2011-08-01,2011,8,"Seasonal","Slice4","days_per_month",0
"797",2012-08-01,2012,8,"Seasonal","Slice1","days_per_month",0
"798",2012-08-01,2012,8,"Seasonal","Slice2","days_per_month",0
"799",2012-08-01,2012,8,"Seasonal","Slice3","days_per_month",0
"800",2012-08-01,2012,8,"Seasonal","Slice4","days_per_month",0
"801",2013-08-01,2013,8,"Seasonal","Slice1","days_per_month",0
"802",2013-08-01,2013,8,"Seasonal","Slice2","days_per_month",0
"803",2013-08-01,2013,8,"Seasonal","Slice3","days_per_month",0
"804",2013-08-01,2013,8,"Seasonal","Slice4","days_per_month",0
"805",2014-08-01,2014,8,"Seasonal","Slice1","days_per_month",0
"806",2014-08-01,2014,8,"Seasonal","Slice2","days_per_month",0
"807",2014-08-01,2014,8,"Seasonal","Slice3","days_per_month",0
"808",2014-08-01,2014,8,"Seasonal","Slice4","days_per_month",0
"809",2015-08-01,2015,8,"Seasonal","Slice1","days_per_month",0
"810",2015-08-01,2015,8,"Seasonal","Slice2","days_per_month",0
"811",2015-08-01,2015,8,"Seasonal","Slice3","days_per_month",0
"812",2015-08-01,2015,8,"Seasonal","Slice4","days_per_month",0
"813",2016-08-01,2016,8,"Seasonal","Slice1","days_per_month",0
"814",2016-08-01,2016,8,"Seasonal","Slice2","days_per_month",0
"815",2016-08-01,2016,8,"Seasonal","Slice3","days_per_month",0
"816",2016-08-01,2016,8,"Seasonal","Slice4","days_per_month",0
"817",2017-08-01,2017,8,"Seasonal","Slice1","days_per_month",0
"818",2017-08-01,2017,8,"Seasonal","Slice2","days_per_month",0
"819",2017-08-01,2017,8,"Seasonal","Slice3","days_per_month",0
"820",2017-08-01,2017,8,"Seasonal","Slice4","days_per_month",0
"821",1993-09-01,1993,9,"Seasonal","Slice1","days_per_month",0
"822",1993-09-01,1993,9,"Seasonal","Slice2","days_per_month",0
"823",1993-09-01,1993,9,"Seasonal","Slice3","days_per_month",0
"824",1993-09-01,1993,9,"Seasonal","Slice4","days_per_month",0
"825",1994-09-01,1994,9,"Seasonal","Slice1","days_per_month",0
"826",1994-09-01,1994,9,"Seasonal","Slice2","days_per_month",0
"827",1994-09-01,1994,9,"Seasonal","Slice3","days_per_month",0
"828",1994-09-01,1994,9,"Seasonal","Slice4","days_per_month",0
"829",1995-09-01,1995,9,"Seasonal","Slice1","days_per_month",0
"830",1995-09-01,1995,9,"Seasonal","Slice2","days_per_month",0
"831",1995-09-01,1995,9,"Seasonal","Slice3","days_per_month",0
"832",1995-09-01,1995,9,"Seasonal","Slice4","days_per_month",0
"833",1996-09-01,1996,9,"Seasonal","Slice1","days_per_month",0
"834",1996-09-01,1996,9,"Seasonal","Slice2","days_per_month",0
"835",1996-09-01,1996,9,"Seasonal","Slice3","days_per_month",0
"836",1996-09-01,1996,9,"Seasonal","Slice4","days_per_month",0
"837",1997-09-01,1997,9,"Seasonal","Slice1","days_per_month",0
"838",1997-09-01,1997,9,"Seasonal","Slice2","days_per_month",0
"839",1997-09-01,1997,9,"Seasonal","Slice3","days_per_month",0
"840",1997-09-01,1997,9,"Seasonal","Slice4","days_per_month",0
"841",1998-09-01,1998,9,"Seasonal","Slice1","days_per_month",0
"842",1998-09-01,1998,9,"Seasonal","Slice2","days_per_month",0
"843",1998-09-01,1998,9,"Seasonal","Slice3","days_per_month",0
"844",1998-09-01,1998,9,"Seasonal","Slice4","days_per_month",0
"845",1999-09-01,1999,9,"Seasonal","Slice1","days_per_month",0
"846",1999-09-01,1999,9,"Seasonal","Slice2","days_per_month",0
"847",1999-09-01,1999,9,"Seasonal","Slice3","days_per_month",0
"848",1999-09-01,1999,9,"Seasonal","Slice4","days_per_month",0
"849",2000-09-01,2000,9,"Seasonal","Slice1","days_per_month",0
"850",2000-09-01,2000,9,"Seasonal","Slice2","days_per_month",0
"851",2000-09-01,2000,9,"Seasonal","Slice3","days_per_month",0
"852",2000-09-01,2000,9,"Seasonal","Slice4","days_per_month",0
"853",2001-09-01,2001,9,"Seasonal","Slice1","days_per_month",0
"854",2001-09-01,2001,9,"Seasonal","Slice2","days_per_month",0
"855",2001-09-01,2001,9,"Seasonal","Slice3","days_per_month",0
"856",2001-09-01,2001,9,"Seasonal","Slice4","days_per_month",0
"857",2002-09-01,2002,9,"Seasonal","Slice1","days_per_month",0
"858",2002-09-01,2002,9,"Seasonal","Slice2","days_per_month",0
"859",2002-09-01,2002,9,"Seasonal","Slice3","days_per_month",0
"860",2002-09-01,2002,9,"Seasonal","Slice4","days_per_month",0
"861",2003-09-01,2003,9,"Seasonal","Slice1","days_per_month",0
"862",2003-09-01,2003,9,"Seasonal","Slice2","days_per_month",0
"863",2003-09-01,2003,9,"Seasonal","Slice3","days_per_month",0
"864",2003-09-01,2003,9,"Seasonal","Slice4","days_per_month",0
"865",2004-09-01,2004,9,"Seasonal","Slice1","days_per_month",0
"866",2004-09-01,2004,9,"Seasonal","Slice2","days_per_month",0
"867",2004-09-01,2004,9,"Seasonal","Slice3","days_per_month",0
"868",2004-09-01,2004,9,"Seasonal","Slice4","days_per_month",0
"869",2005-09-01,2005,9,"Seasonal","Slice1","days_per_month",0
"870",2005-09-01,2005,9,"Seasonal","Slice2","days_per_month",0
"871",2005-09-01,2005,9,"Seasonal","Slice3","days_per_month",0
"872",2005-09-01,2005,9,"Seasonal","Slice4","days_per_month",0
"873",2006-09-01,2006,9,"Seasonal","Slice1","days_per_month",0
"874",2006-09-01,2006,9,"Seasonal","Slice2","days_per_month",0
"875",2006-09-01,2006,9,"Seasonal","Slice3","days_per_month",0
"876",2006-09-01,2006,9,"Seasonal","Slice4","days_per_month",0
"877",2007-09-01,2007,9,"Seasonal","Slice1","days_per_month",0
"878",2007-09-01,2007,9,"Seasonal","Slice2","days_per_month",0
"879",2007-09-01,2007,9,"Seasonal","Slice3","days_per_month",0
"880",2007-09-01,2007,9,"Seasonal","Slice4","days_per_month",0
"881",2008-09-01,2008,9,"Seasonal","Slice1","days_per_month",0
"882",2008-09-01,2008,9,"Seasonal","Slice2","days_per_month",0
"883",2008-09-01,2008,9,"Seasonal","Slice3","days_per_month",0
"884",2008-09-01,2008,9,"Seasonal","Slice4","days_per_month",0
"885",2009-09-01,2009,9,"Seasonal","Slice1","days_per_month",0
"886",2009-09-01,2009,9,"Seasonal","Slice2","days_per_month",0
"887",2009-09-01,2009,9,"Seasonal","Slice3","days_per_month",0
"888",2009-09-01,2009,9,"Seasonal","Slice4","days_per_month",0
"889",2010-09-01,2010,9,"Seasonal","Slice1","days_per_month",0
"890",2010-09-01,2010,9,"Seasonal","Slice2","days_per_month",0
"891",2010-09-01,2010,9,"Seasonal","Slice3","days_per_month",0
"892",2010-09-01,2010,9,"Seasonal","Slice4","days_per_month",0
"893",2011-09-01,2011,9,"Seasonal","Slice1","days_per_month",0
"894",2011-09-01,2011,9,"Seasonal","Slice2","days_per_month",0
"895",2011-09-01,2011,9,"Seasonal","Slice3","days_per_month",0
"896",2011-09-01,2011,9,"Seasonal","Slice4","days_per_month",0
"897",2012-09-01,2012,9,"Seasonal","Slice1","days_per_month",0
"898",2012-09-01,2012,9,"Seasonal","Slice2","days_per_month",0
"899",2012-09-01,2012,9,"Seasonal","Slice3","days_per_month",0
"900",2012-09-01,2012,9,"Seasonal","Slice4","days_per_month",0
"901",2013-09-01,2013,9,"Seasonal","Slice1","days_per_month",0
"902",2013-09-01,2013,9,"Seasonal","Slice2","days_per_month",0
"903",2013-09-01,2013,9,"Seasonal","Slice3","days_per_month",0
"904",2013-09-01,2013,9,"Seasonal","Slice4","days_per_month",0
"905",2014-09-01,2014,9,"Seasonal","Slice1","days_per_month",0
"906",2014-09-01,2014,9,"Seasonal","Slice2","days_per_month",0
"907",2014-09-01,2014,9,"Seasonal","Slice3","days_per_month",0
"908",2014-09-01,2014,9,"Seasonal","Slice4","days_per_month",0
"909",2015-09-01,2015,9,"Seasonal","Slice1","days_per_month",0
"910",2015-09-01,2015,9,"Seasonal","Slice2","days_per_month",0
"911",2015-09-01,2015,9,"Seasonal","Slice3","days_per_month",0
"912",2015-09-01,2015,9,"Seasonal","Slice4","days_per_month",0
"913",2016-09-01,2016,9,"Seasonal","Slice1","days_per_month",0
"914",2016-09-01,2016,9,"Seasonal","Slice2","days_per_month",0
"915",2016-09-01,2016,9,"Seasonal","Slice3","days_per_month",0
"916",2016-09-01,2016,9,"Seasonal","Slice4","days_per_month",0
"917",2017-09-01,2017,9,"Seasonal","Slice1","days_per_month",0
"918",2017-09-01,2017,9,"Seasonal","Slice2","days_per_month",0
"919",2017-09-01,2017,9,"Seasonal","Slice3","days_per_month",0
"920",2017-09-01,2017,9,"Seasonal","Slice4","days_per_month",0
"921",1993-10-01,1993,10,"Annual","Slice1","days_per_month",0
"922",1993-10-01,1993,10,"Annual","Slice2","days_per_month",0
"923",1993-10-01,1993,10,"Annual","Slice3","days_per_month",0
"924",1993-10-01,1993,10,"Annual","Slice4","days_per_month",0
"925",1994-10-01,1994,10,"Annual","Slice1","days_per_month",0
"926",1994-10-01,1994,10,"Annual","Slice2","days_per_month",0
"927",1994-10-01,1994,10,"Annual","Slice3","days_per_month",0
"928",1994-10-01,1994,10,"Annual","Slice4","days_per_month",0
"929",1995-10-01,1995,10,"Annual","Slice1","days_per_month",0
"930",1995-10-01,1995,10,"Annual","Slice2","days_per_month",0
"931",1995-10-01,1995,10,"Annual","Slice3","days_per_month",0
"932",1995-10-01,1995,10,"Annual","Slice4","days_per_month",0
"933",1996-10-01,1996,10,"Annual","Slice1","days_per_month",0
"934",1996-10-01,1996,10,"Annual","Slice2","days_per_month",0
"935",1996-10-01,1996,10,"Annual","Slice3","days_per_month",0
"936",1996-10-01,1996,10,"Annual","Slice4","days_per_month",0
"937",1997-10-01,1997,10,"Annual","Slice1","days_per_month",0
"938",1997-10-01,1997,10,"Annual","Slice2","days_per_month",0
"939",1997-10-01,1997,10,"Annual","Slice3","days_per_month",0
"940",1997-10-01,1997,10,"Annual","Slice4","days_per_month",0
"941",1998-10-01,1998,10,"Annual","Slice1","days_per_month",0
"942",1998-10-01,1998,10,"Annual","Slice2","days_per_month",0
"943",1998-10-01,1998,10,"Annual","Slice3","days_per_month",0
"944",1998-10-01,1998,10,"Annual","Slice4","days_per_month",0
"945",1999-10-01,1999,10,"Annual","Slice1","days_per_month",0
"946",1999-10-01,1999,10,"Annual","Slice2","days_per_month",0
"947",1999-10-01,1999,10,"Annual","Slice3","days_per_month",0
"948",1999-10-01,1999,10,"Annual","Slice4","days_per_month",0
"949",2000-10-01,2000,10,"Annual","Slice1","days_per_month",0
"950",2000-10-01,2000,10,"Annual","Slice2","days_per_month",0
"951",2000-10-01,2000,10,"Annual","Slice3","days_per_month",0
"952",2000-10-01,2000,10,"Annual","Slice4","days_per_month",0
"953",2001-10-01,2001,10,"Annual","Slice1","days_per_month",0
"954",2001-10-01,2001,10,"Annual","Slice2","days_per_month",0
"955",2001-10-01,2001,10,"Annual","Slice3","days_per_month",0
"956",2001-10-01,2001,10,"Annual","Slice4","days_per_month",0
"957",2002-10-01,2002,10,"Annual","Slice1","days_per_month",0
"958",2002-10-01,2002,10,"Annual","Slice2","days_per_month",0
"959",2002-10-01,2002,10,"Annual","Slice3","days_per_month",0
"960",2002-10-01,2002,10,"Annual","Slice4","days_per_month",0
"961",2003-10-01,2003,10,"Annual","Slice1","days_per_month",0
"962",2003-10-01,2003,10,"Annual","Slice2","days_per_month",0
"963",2003-10-01,2003,10,"Annual","Slice3","days_per_month",0
"964",2003-10-01,2003,10,"Annual","Slice4","days_per_month",0
"965",2004-10-01,2004,10,"Annual","Slice1","days_per_month",0
"966",2004-10-01,2004,10,"Annual","Slice2","days_per_month",0
"967",2004-10-01,2004,10,"Annual","Slice3","days_per_month",0
"968",2004-10-01,2004,10,"Annual","Slice4","days_per_month",0
"969",2005-10-01,2005,10,"Annual","Slice1","days_per_month",0
"970",2005-10-01,2005,10,"Annual","Slice2","days_per_month",0
"971",2005-10-01,2005,10,"Annual","Slice3","days_per_month",0
"972",2005-10-01,2005,10,"Annual","Slice4","days_per_month",0
"973",2006-10-01,2006,10,"Annual","Slice1","days_per_month",0
"974",2006-10-01,2006,10,"Annual","Slice2","days_per_month",0
"975",2006-10-01,2006,10,"Annual","Slice3","days_per_month",0
"976",2006-10-01,2006,10,"Annual","Slice4","days_per_month",0
"977",2007-10-01,2007,10,"Annual","Slice1","days_per_month",0
"978",2007-10-01,2007,10,"Annual","Slice2","days_per_month",0
"979",2007-10-01,2007,10,"Annual","Slice3","days_per_month",0
"980",2007-10-01,2007,10,"Annual","Slice4","days_per_month",0
"981",2008-10-01,2008,10,"Annual","Slice1","days_per_month",0
"982",2008-10-01,2008,10,"Annual","Slice2","days_per_month",0
"983",2008-10-01,2008,10,"Annual","Slice3","days_per_month",0
"984",2008-10-01,2008,10,"Annual","Slice4","days_per_month",0
"985",2009-10-01,2009,10,"Annual","Slice1","days_per_month",0
"986",2009-10-01,2009,10,"Annual","Slice2","days_per_month",0
"987",2009-10-01,2009,10,"Annual","Slice3","days_per_month",0
"988",2009-10-01,2009,10,"Annual","Slice4","days_per_month",0
"989",2010-10-01,2010,10,"Annual","Slice1","days_per_month",0
"990",2010-10-01,2010,10,"Annual","Slice2","days_per_month",0
"991",2010-10-01,2010,10,"Annual","Slice3","days_per_month",0
"992",2010-10-01,2010,10,"Annual","Slice4","days_per_month",0
"993",2011-10-01,2011,10,"Annual","Slice1","days_per_month",0
"994",2011-10-01,2011,10,"Annual","Slice2","days_per_month",0
"995",2011-10-01,2011,10,"Annual","Slice3","days_per_month",0
"996",2011-10-01,2011,10,"Annual","Slice4","days_per_month",0
"997",2012-10-01,2012,10,"Annual","Slice1","days_per_month",0
"998",2012-10-01,2012,10,"Annual","Slice2","days_per_month",0
"999",2012-10-01,2012,10,"Annual","Slice3","days_per_month",0
"1000",2012-10-01,2012,10,"Annual","Slice4","days_per_month",0
"1001",2013-10-01,2013,10,"Annual","Slice1","days_per_month",0
"1002",2013-10-01,2013,10,"Annual","Slice2","days_per_month",0
"1003",2013-10-01,2013,10,"Annual","Slice3","days_per_month",0
"1004",2013-10-01,2013,10,"Annual","Slice4","days_per_month",0
"1005",2014-10-01,2014,10,"Annual","Slice1","days_per_month",0
"1006",2014-10-01,2014,10,"Annual","Slice2","days_per_month",0
"1007",2014-10-01,2014,10,"Annual","Slice3","days_per_month",0
"1008",2014-10-01,2014,10,"Annual","Slice4","days_per_month",0
"1009",2015-10-01,2015,10,"Annual","Slice1","days_per_month",0
"1010",2015-10-01,2015,10,"Annual","Slice2","days_per_month",0
"1011",2015-10-01,2015,10,"Annual","Slice3","days_per_month",0
"1012",2015-10-01,2015,10,"Annual","Slice4","days_per_month",0
"1013",2016-10-01,2016,10,"Annual","Slice1","days_per_month",0
"1014",2016-10-01,2016,10,"Annual","Slice2","days_per_month",0
"1015",2016-10-01,2016,10,"Annual","Slice3","days_per_month",0
"1016",2016-10-01,2016,10,"Annual","Slice4","days_per_month",0
"1017",2017-10-01,2017,10,"Annual","Slice1","days_per_month",0
"1018",2017-10-01,2017,10,"Annual","Slice2","days_per_month",0
"1019",2017-10-01,2017,10,"Annual","Slice3","days_per_month",0
"1020",2017-10-01,2017,10,"Annual","Slice4","days_per_month",0
"1021",2018-10-01,2018,10,"Annual","Slice1","days_per_month",0
"1022",2018-10-01,2018,10,"Annual","Slice2","days_per_month",0
"1023",2018-10-01,2018,10,"Annual","Slice3","days_per_month",0
"1024",2018-10-01,2018,10,"Annual","Slice4","days_per_month",0
"1025",1993-11-01,1993,11,"Annual","Slice1","days_per_month",0
"1026",1993-11-01,1993,11,"Annual","Slice2","days_per_month",0
"1027",1993-11-01,1993,11,"Annual","Slice3","days_per_month",0
"1028",1993-11-01,1993,11,"Annual","Slice4","days_per_month",0
"1029",1994-11-01,1994,11,"Annual","Slice1","days_per_month",0
"1030",1994-11-01,1994,11,"Annual","Slice2","days_per_month",0
"1031",1994-11-01,1994,11,"Annual","Slice3","days_per_month",0
"1032",1994-11-01,1994,11,"Annual","Slice4","days_per_month",0
"1033",1995-11-01,1995,11,"Annual","Slice1","days_per_month",0
"1034",1995-11-01,1995,11,"Annual","Slice2","days_per_month",0
"1035",1995-11-01,1995,11,"Annual","Slice3","days_per_month",0
"1036",1995-11-01,1995,11,"Annual","Slice4","days_per_month",0
"1037",1996-11-01,1996,11,"Annual","Slice1","days_per_month",0
"1038",1996-11-01,1996,11,"Annual","Slice2","days_per_month",0
"1039",1996-11-01,1996,11,"Annual","Slice3","days_per_month",0
"1040",1996-11-01,1996,11,"Annual","Slice4","days_per_month",0
"1041",1997-11-01,1997,11,"Annual","Slice1","days_per_month",0
"1042",1997-11-01,1997,11,"Annual","Slice2","days_per_month",0
"1043",1997-11-01,1997,11,"Annual","Slice3","days_per_month",0
"1044",1997-11-01,1997,11,"Annual","Slice4","days_per_month",0
"1045",1998-11-01,1998,11,"Annual","Slice1","days_per_month",0
"1046",1998-11-01,1998,11,"Annual","Slice2","days_per_month",0
"1047",1998-11-01,1998,11,"Annual","Slice3","days_per_month",0
"1048",1998-11-01,1998,11,"Annual","Slice4","days_per_month",0
"1049",1999-11-01,1999,11,"Annual","Slice1","days_per_month",0
"1050",1999-11-01,1999,11,"Annual","Slice2","days_per_month",0
"1051",1999-11-01,1999,11,"Annual","Slice3","days_per_month",0
"1052",1999-11-01,1999,11,"Annual","Slice4","days_per_month",0
"1053",2000-11-01,2000,11,"Annual","Slice1","days_per_month",0
"1054",2000-11-01,2000,11,"Annual","Slice2","days_per_month",0
"1055",2000-11-01,2000,11,"Annual","Slice3","days_per_month",0
"1056",2000-11-01,2000,11,"Annual","Slice4","days_per_month",0
"1057",2001-11-01,2001,11,"Annual","Slice1","days_per_month",0
"1058",2001-11-01,2001,11,"Annual","Slice2","days_per_month",0
"1059",2001-11-01,2001,11,"Annual","Slice3","days_per_month",0
"1060",2001-11-01,2001,11,"Annual","Slice4","days_per_month",0
"1061",2002-11-01,2002,11,"Annual","Slice1","days_per_month",0
"1062",2002-11-01,2002,11,"Annual","Slice2","days_per_month",0
"1063",2002-11-01,2002,11,"Annual","Slice3","days_per_month",0
"1064",2002-11-01,2002,11,"Annual","Slice4","days_per_month",0
"1065",2003-11-01,2003,11,"Annual","Slice1","days_per_month",0
"1066",2003-11-01,2003,11,"Annual","Slice2","days_per_month",0
"1067",2003-11-01,2003,11,"Annual","Slice3","days_per_month",0
"1068",2003-11-01,2003,11,"Annual","Slice4","days_per_month",0
"1069",2004-11-01,2004,11,"Annual","Slice1","days_per_month",0
"1070",2004-11-01,2004,11,"Annual","Slice2","days_per_month",0
"1071",2004-11-01,2004,11,"Annual","Slice3","days_per_month",0
"1072",2004-11-01,2004,11,"Annual","Slice4","days_per_month",0
"1073",2005-11-01,2005,11,"Annual","Slice1","days_per_month",0
"1074",2005-11-01,2005,11,"Annual","Slice2","days_per_month",0
"1075",2005-11-01,2005,11,"Annual","Slice3","days_per_month",0
"1076",2005-11-01,2005,11,"Annual","Slice4","days_per_month",0
"1077",2006-11-01,2006,11,"Annual","Slice1","days_per_month",0
"1078",2006-11-01,2006,11,"Annual","Slice2","days_per_month",0
"1079",2006-11-01,2006,11,"Annual","Slice3","days_per_month",0
"1080",2006-11-01,2006,11,"Annual","Slice4","days_per_month",0
"1081",2007-11-01,2007,11,"Annual","Slice1","days_per_month",0
"1082",2007-11-01,2007,11,"Annual","Slice2","days_per_month",0
"1083",2007-11-01,2007,11,"Annual","Slice3","days_per_month",0
"1084",2007-11-01,2007,11,"Annual","Slice4","days_per_month",0
"1085",2008-11-01,2008,11,"Annual","Slice1","days_per_month",0
"1086",2008-11-01,2008,11,"Annual","Slice2","days_per_month",0
"1087",2008-11-01,2008,11,"Annual","Slice3","days_per_month",0
"1088",2008-11-01,2008,11,"Annual","Slice4","days_per_month",0
"1089",2009-11-01,2009,11,"Annual","Slice1","days_per_month",0
"1090",2009-11-01,2009,11,"Annual","Slice2","days_per_month",0
"1091",2009-11-01,2009,11,"Annual","Slice3","days_per_month",0
"1092",2009-11-01,2009,11,"Annual","Slice4","days_per_month",0
"1093",2010-11-01,2010,11,"Annual","Slice1","days_per_month",0
"1094",2010-11-01,2010,11,"Annual","Slice2","days_per_month",0
"1095",2010-11-01,2010,11,"Annual","Slice3","days_per_month",0
"1096",2010-11-01,2010,11,"Annual","Slice4","days_per_month",0
"1097",2011-11-01,2011,11,"Annual","Slice1","days_per_month",0
"1098",2011-11-01,2011,11,"Annual","Slice2","days_per_month",0
"1099",2011-11-01,2011,11,"Annual","Slice3","days_per_month",0
"1100",2011-11-01,2011,11,"Annual","Slice4","days_per_month",0
"1101",2012-11-01,2012,11,"Annual","Slice1","days_per_month",0
"1102",2012-11-01,2012,11,"Annual","Slice2","days_per_month",0
"1103",2012-11-01,2012,11,"Annual","Slice3","days_per_month",0
"1104",2012-11-01,2012,11,"Annual","Slice4","days_per_month",0
"1105",2013-11-01,2013,11,"Annual","Slice1","days_per_month",0
"1106",2013-11-01,2013,11,"Annual","Slice2","days_per_month",0
"1107",2013-11-01,2013,11,"Annual","Slice3","days_per_month",0
"1108",2013-11-01,2013,11,"Annual","Slice4","days_per_month",0
"1109",2014-11-01,2014,11,"Annual","Slice1","days_per_month",0
"1110",2014-11-01,2014,11,"Annual","Slice2","days_per_month",0
"1111",2014-11-01,2014,11,"Annual","Slice3","days_per_month",0
"1112",2014-11-01,2014,11,"Annual","Slice4","days_per_month",0
"1113",2015-11-01,2015,11,"Annual","Slice1","days_per_month",0
"1114",2015-11-01,2015,11,"Annual","Slice2","days_per_month",0
"1115",2015-11-01,2015,11,"Annual","Slice3","days_per_month",0
"1116",2015-11-01,2015,11,"Annual","Slice4","days_per_month",0
"1117",2016-11-01,2016,11,"Annual","Slice1","days_per_month",0
"1118",2016-11-01,2016,11,"Annual","Slice2","days_per_month",0
"1119",2016-11-01,2016,11,"Annual","Slice3","days_per_month",0
"1120",2016-11-01,2016,11,"Annual","Slice4","days_per_month",0
"1121",2017-11-01,2017,11,"Annual","Slice1","days_per_month",0
"1122",2017-11-01,2017,11,"Annual","Slice2","days_per_month",0
"1123",2017-11-01,2017,11,"Annual","Slice3","days_per_month",0
"1124",2017-11-01,2017,11,"Annual","Slice4","days_per_month",0
"1125",2018-11-01,2018,11,"Annual","Slice1","days_per_month",0
"1126",2018-11-01,2018,11,"Annual","Slice2","days_per_month",0
"1127",2018-11-01,2018,11,"Annual","Slice3","days_per_month",0
"1128",2018-11-01,2018,11,"Annual","Slice4","days_per_month",0
"1129",1993-12-01,1993,12,"Annual","Slice1","days_per_month",0
"1130",1993-12-01,1993,12,"Annual","Slice2","days_per_month",0
"1131",1993-12-01,1993,12,"Annual","Slice3","days_per_month",0
"1132",1993-12-01,1993,12,"Annual","Slice4","days_per_month",0
"1133",1994-12-01,1994,12,"Annual","Slice1","days_per_month",0
"1134",1994-12-01,1994,12,"Annual","Slice2","days_per_month",0
"1135",1994-12-01,1994,12,"Annual","Slice3","days_per_month",0
"1136",1994-12-01,1994,12,"Annual","Slice4","days_per_month",0
"1137",1995-12-01,1995,12,"Annual","Slice1","days_per_month",0
"1138",1995-12-01,1995,12,"Annual","Slice2","days_per_month",0
"1139",1995-12-01,1995,12,"Annual","Slice3","days_per_month",0
"1140",1995-12-01,1995,12,"Annual","Slice4","days_per_month",0
"1141",1996-12-01,1996,12,"Annual","Slice1","days_per_month",0
"1142",1996-12-01,1996,12,"Annual","Slice2","days_per_month",0
"1143",1996-12-01,1996,12,"Annual","Slice3","days_per_month",0
"1144",1996-12-01,1996,12,"Annual","Slice4","days_per_month",0
"1145",1997-12-01,1997,12,"Annual","Slice1","days_per_month",0
"1146",1997-12-01,1997,12,"Annual","Slice2","days_per_month",0
"1147",1997-12-01,1997,12,"Annual","Slice3","days_per_month",0
"1148",1997-12-01,1997,12,"Annual","Slice4","days_per_month",0
"1149",1998-12-01,1998,12,"Annual","Slice1","days_per_month",0
"1150",1998-12-01,1998,12,"Annual","Slice2","days_per_month",0
"1151",1998-12-01,1998,12,"Annual","Slice3","days_per_month",0
"1152",1998-12-01,1998,12,"Annual","Slice4","days_per_month",0
"1153",1999-12-01,1999,12,"Annual","Slice1","days_per_month",0
"1154",1999-12-01,1999,12,"Annual","Slice2","days_per_month",0
"1155",1999-12-01,1999,12,"Annual","Slice3","days_per_month",0
"1156",1999-12-01,1999,12,"Annual","Slice4","days_per_month",0
"1157",2000-12-01,2000,12,"Annual","Slice1","days_per_month",0
"1158",2000-12-01,2000,12,"Annual","Slice2","days_per_month",0
"1159",2000-12-01,2000,12,"Annual","Slice3","days_per_month",0
"1160",2000-12-01,2000,12,"Annual","Slice4","days_per_month",0
"1161",2001-12-01,2001,12,"Annual","Slice1","days_per_month",0
"1162",2001-12-01,2001,12,"Annual","Slice2","days_per_month",0
"1163",2001-12-01,2001,12,"Annual","Slice3","days_per_month",0
"1164",2001-12-01,2001,12,"Annual","Slice4","days_per_month",0
"1165",2002-12-01,2002,12,"Annual","Slice1","days_per_month",0
"1166",2002-12-01,2002,12,"Annual","Slice2","days_per_month",0
"1167",2002-12-01,2002,12,"Annual","Slice3","days_per_month",0
"1168",2002-12-01,2002,12,"Annual","Slice4","days_per_month",0
"1169",2003-12-01,2003,12,"Annual","Slice1","days_per_month",0
"1170",2003-12-01,2003,12,"Annual","Slice2","days_per_month",0
"1171",2003-12-01,2003,12,"Annual","Slice3","days_per_month",0
"1172",2003-12-01,2003,12,"Annual","Slice4","days_per_month",0
"1173",2004-12-01,2004,12,"Annual","Slice1","days_per_month",0
"1174",2004-12-01,2004,12,"Annual","Slice2","days_per_month",0
"1175",2004-12-01,2004,12,"Annual","Slice3","days_per_month",0
"1176",2004-12-01,2004,12,"Annual","Slice4","days_per_month",0
"1177",2005-12-01,2005,12,"Annual","Slice1","days_per_month",0
"1178",2005-12-01,2005,12,"Annual","Slice2","days_per_month",0
"1179",2005-12-01,2005,12,"Annual","Slice3","days_per_month",0
"1180",2005-12-01,2005,12,"Annual","Slice4","days_per_month",0
"1181",2006-12-01,2006,12,"Annual","Slice1","days_per_month",0
"1182",2006-12-01,2006,12,"Annual","Slice2","days_per_month",0
"1183",2006-12-01,2006,12,"Annual","Slice3","days_per_month",0
"1184",2006-12-01,2006,12,"Annual","Slice4","days_per_month",0
"1185",2007-12-01,2007,12,"Annual","Slice1","days_per_month",0
"1186",2007-12-01,2007,12,"Annual","Slice2","days_per_month",0
"1187",2007-12-01,2007,12,"Annual","Slice3","days_per_month",0
"1188",2007-12-01,2007,12,"Annual","Slice4","days_per_month",0
"1189",2008-12-01,2008,12,"Annual","Slice1","days_per_month",0
"1190",2008-12-01,2008,12,"Annual","Slice2","days_per_month",0
"1191",2008-12-01,2008,12,"Annual","Slice3","days_per_month",0
"1192",2008-12-01,2008,12,"Annual","Slice4","days_per_month",0
"1193",2009-12-01,2009,12,"Annual","Slice1","days_per_month",0
"1194",2009-12-01,2009,12,"Annual","Slice2","days_per_month",0
"1195",2009-12-01,2009,12,"Annual","Slice3","days_per_month",0
"1196",2009-12-01,2009,12,"Annual","Slice4","days_per_month",0
"1197",2010-12-01,2010,12,"Annual","Slice1","days_per_month",0
"1198",2010-12-01,2010,12,"Annual","Slice2","days_per_month",0
"1199",2010-12-01,2010,12,"Annual","Slice3","days_per_month",0
"1200",2010-12-01,2010,12,"Annual","Slice4","days_per_month",0
"1201",2011-12-01,2011,12,"Annual","Slice1","days_per_month",0
"1202",2011-12-01,2011,12,"Annual","Slice2","days_per_month",0
"1203",2011-12-01,2011,12,"Annual","Slice3","days_per_month",0
"1204",2011-12-01,2011,12,"Annual","Slice4","days_per_month",0
"1205",2012-12-01,2012,12,"Annual","Slice1","days_per_month",0
"1206",2012-12-01,2012,12,"Annual","Slice2","days_per_month",0
"1207",2012-12-01,2012,12,"Annual","Slice3","days_per_month",0
"1208",2012-12-01,2012,12,"Annual","Slice4","days_per_month",0
"1209",2013-12-01,2013,12,"Annual","Slice1","days_per_month",0
"1210",2013-12-01,2013,12,"Annual","Slice2","days_per_month",0
"1211",2013-12-01,2013,12,"Annual","Slice3","days_per_month",0
"1212",2013-12-01,2013,12,"Annual","Slice4","days_per_month",0
"1213",2014-12-01,2014,12,"Annual","Slice1","days_per_month",0
"1214",2014-12-01,2014,12,"Annual","Slice2","days_per_month",0
"1215",2014-12-01,2014,12,"Annual","Slice3","days_per_month",0
"1216",2014-12-01,2014,12,"Annual","Slice4","days_per_month",0
"1217",2015-12-01,2015,12,"Annual","Slice1","days_per_month",0
"1218",2015-12-01,2015,12,"Annual","Slice2","days_per_month",0
"1219",2015-12-01,2015,12,"Annual","Slice3","days_per_month",0
"1220",2015-12-01,2015,12,"Annual","Slice4","days_per_month",0
"1221",2016-12-01,2016,12,"Annual","Slice1","days_per_month",0
"1222",2016-12-01,2016,12,"Annual","Slice2","days_per_month",0
"1223",2016-12-01,2016,12,"Annual","Slice3","days_per_month",0
"1224",2016-12-01,2016,12,"Annual","Slice4","days_per_month",0
"1225",2017-12-01,2017,12,"Annual","Slice1","days_per_month",0
"1226",2017-12-01,2017,12,"Annual","Slice2","days_per_month",0
"1227",2017-12-01,2017,12,"Annual","Slice3","days_per_month",0
"1228",2017-12-01,2017,12,"Annual","Slice4","days_per_month",0
"1229",2018-12-01,2018,12,"Annual","Slice1","days_per_month",0
"1230",2018-12-01,2018,12,"Annual","Slice2","days_per_month",0
"1231",2018-12-01,2018,12,"Annual","Slice3","days_per_month",0
"1232",2018-12-01,2018,12,"Annual","Slice4","days_per_month",0
