"","month_year","water_year","month","position","Node","season","Probability_Threshold","n_days","Species","Life_Stage","Hydraulic"
"1",Jan 1993,1993,1,"slice1","J01-060","non_critical","days_per_month",29,"Toad","Tadpole","Velocity"
"2",Jan 1993,1993,1,"slice2","J01-060","non_critical","days_per_month",0,"Toad","Tadpole","Velocity"
"3",Jan 1993,1993,1,"slice3","J01-060","non_critical","days_per_month",29,"Toad","Tadpole","Velocity"
"4",Jan 1994,1994,1,"slice1","J01-060","non_critical","days_per_month",17,"Toad","Tadpole","Velocity"
"5",Jan 1994,1994,1,"slice2","J01-060","non_critical","days_per_month",0,"Toad","Tadpole","Velocity"
"6",Jan 1994,1994,1,"slice3","J01-060","non_critical","days_per_month",17,"Toad","Tadpole","Velocity"
"7",Jan 1995,1995,1,"slice1","J01-060","non_critical","days_per_month",26,"Toad","Tadpole","Velocity"
"8",Jan 1995,1995,1,"slice2","J01-060","non_critical","days_per_month",0,"Toad","Tadpole","Velocity"
"9",Jan 1995,1995,1,"slice3","J01-060","non_critical","days_per_month",26,"Toad","Tadpole","Velocity"
"10",Jan 1996,1996,1,"slice1","J01-060","non_critical","days_per_month",19,"Toad","Tadpole","Velocity"
"11",Jan 1996,1996,1,"slice2","J01-060","non_critical","days_per_month",0,"Toad","Tadpole","Velocity"
"12",Jan 1996,1996,1,"slice3","J01-060","non_critical","days_per_month",19,"Toad","Tadpole","Velocity"
"13",Jan 1997,1997,1,"slice1","J01-060","non_critical","days_per_month",25,"Toad","Tadpole","Velocity"
"14",Jan 1997,1997,1,"slice2","J01-060","non_critical","days_per_month",0,"Toad","Tadpole","Velocity"
"15",Jan 1997,1997,1,"slice3","J01-060","non_critical","days_per_month",25,"Toad","Tadpole","Velocity"
"16",Jan 1998,1998,1,"slice1","J01-060","non_critical","days_per_month",28,"Toad","Tadpole","Velocity"
"17",Jan 1998,1998,1,"slice2","J01-060","non_critical","days_per_month",0,"Toad","Tadpole","Velocity"
"18",Jan 1998,1998,1,"slice3","J01-060","non_critical","days_per_month",28,"Toad","Tadpole","Velocity"
"19",Jan 1999,1999,1,"slice1","J01-060","non_critical","days_per_month",31,"Toad","Tadpole","Velocity"
"20",Jan 1999,1999,1,"slice2","J01-060","non_critical","days_per_month",0,"Toad","Tadpole","Velocity"
"21",Jan 1999,1999,1,"slice3","J01-060","non_critical","days_per_month",31,"Toad","Tadpole","Velocity"
"22",Jan 2000,2000,1,"slice1","J01-060","non_critical","days_per_month",26,"Toad","Tadpole","Velocity"
"23",Jan 2000,2000,1,"slice2","J01-060","non_critical","days_per_month",0,"Toad","Tadpole","Velocity"
"24",Jan 2000,2000,1,"slice3","J01-060","non_critical","days_per_month",26,"Toad","Tadpole","Velocity"
"25",Jan 2001,2001,1,"slice1","J01-060","non_critical","days_per_month",30,"Toad","Tadpole","Velocity"
"26",Jan 2001,2001,1,"slice2","J01-060","non_critical","days_per_month",0,"Toad","Tadpole","Velocity"
"27",Jan 2001,2001,1,"slice3","J01-060","non_critical","days_per_month",30,"Toad","Tadpole","Velocity"
"28",Jan 2002,2002,1,"slice1","J01-060","non_critical","days_per_month",31,"Toad","Tadpole","Velocity"
"29",Jan 2002,2002,1,"slice2","J01-060","non_critical","days_per_month",0,"Toad","Tadpole","Velocity"
"30",Jan 2002,2002,1,"slice3","J01-060","non_critical","days_per_month",31,"Toad","Tadpole","Velocity"
"31",Jan 2003,2003,1,"slice1","J01-060","non_critical","days_per_month",31,"Toad","Tadpole","Velocity"
"32",Jan 2003,2003,1,"slice2","J01-060","non_critical","days_per_month",0,"Toad","Tadpole","Velocity"
"33",Jan 2003,2003,1,"slice3","J01-060","non_critical","days_per_month",31,"Toad","Tadpole","Velocity"
"34",Jan 2004,2004,1,"slice1","J01-060","non_critical","days_per_month",22,"Toad","Tadpole","Velocity"
"35",Jan 2004,2004,1,"slice2","J01-060","non_critical","days_per_month",0,"Toad","Tadpole","Velocity"
"36",Jan 2004,2004,1,"slice3","J01-060","non_critical","days_per_month",22,"Toad","Tadpole","Velocity"
"37",Jan 2005,2005,1,"slice1","J01-060","non_critical","days_per_month",30,"Toad","Tadpole","Velocity"
"38",Jan 2005,2005,1,"slice2","J01-060","non_critical","days_per_month",0,"Toad","Tadpole","Velocity"
"39",Jan 2005,2005,1,"slice3","J01-060","non_critical","days_per_month",30,"Toad","Tadpole","Velocity"
"40",Jan 2006,2006,1,"slice1","J01-060","non_critical","days_per_month",31,"Toad","Tadpole","Velocity"
"41",Jan 2006,2006,1,"slice2","J01-060","non_critical","days_per_month",0,"Toad","Tadpole","Velocity"
"42",Jan 2006,2006,1,"slice3","J01-060","non_critical","days_per_month",31,"Toad","Tadpole","Velocity"
"43",Jan 2007,2007,1,"slice1","J01-060","non_critical","days_per_month",23,"Toad","Tadpole","Velocity"
"44",Jan 2007,2007,1,"slice2","J01-060","non_critical","days_per_month",0,"Toad","Tadpole","Velocity"
"45",Jan 2007,2007,1,"slice3","J01-060","non_critical","days_per_month",23,"Toad","Tadpole","Velocity"
"46",Jan 2008,2008,1,"slice1","J01-060","non_critical","days_per_month",30,"Toad","Tadpole","Velocity"
"47",Jan 2008,2008,1,"slice2","J01-060","non_critical","days_per_month",0,"Toad","Tadpole","Velocity"
"48",Jan 2008,2008,1,"slice3","J01-060","non_critical","days_per_month",30,"Toad","Tadpole","Velocity"
"49",Jan 2009,2009,1,"slice1","J01-060","non_critical","days_per_month",25,"Toad","Tadpole","Velocity"
"50",Jan 2009,2009,1,"slice2","J01-060","non_critical","days_per_month",0,"Toad","Tadpole","Velocity"
"51",Jan 2009,2009,1,"slice3","J01-060","non_critical","days_per_month",25,"Toad","Tadpole","Velocity"
"52",Jan 2010,2010,1,"slice1","J01-060","non_critical","days_per_month",29,"Toad","Tadpole","Velocity"
"53",Jan 2010,2010,1,"slice2","J01-060","non_critical","days_per_month",0,"Toad","Tadpole","Velocity"
"54",Jan 2010,2010,1,"slice3","J01-060","non_critical","days_per_month",29,"Toad","Tadpole","Velocity"
"55",Jan 2011,2011,1,"slice1","J01-060","non_critical","days_per_month",29,"Toad","Tadpole","Velocity"
"56",Jan 2011,2011,1,"slice2","J01-060","non_critical","days_per_month",0,"Toad","Tadpole","Velocity"
"57",Jan 2011,2011,1,"slice3","J01-060","non_critical","days_per_month",29,"Toad","Tadpole","Velocity"
"58",Jan 2012,2012,1,"slice1","J01-060","non_critical","days_per_month",29,"Toad","Tadpole","Velocity"
"59",Jan 2012,2012,1,"slice2","J01-060","non_critical","days_per_month",0,"Toad","Tadpole","Velocity"
"60",Jan 2012,2012,1,"slice3","J01-060","non_critical","days_per_month",28,"Toad","Tadpole","Velocity"
"61",Jan 2013,2013,1,"slice1","J01-060","non_critical","days_per_month",31,"Toad","Tadpole","Velocity"
"62",Jan 2013,2013,1,"slice2","J01-060","non_critical","days_per_month",0,"Toad","Tadpole","Velocity"
"63",Jan 2013,2013,1,"slice3","J01-060","non_critical","days_per_month",31,"Toad","Tadpole","Velocity"
"64",Jan 2014,2014,1,"slice1","J01-060","non_critical","days_per_month",30,"Toad","Tadpole","Velocity"
"65",Jan 2014,2014,1,"slice2","J01-060","non_critical","days_per_month",0,"Toad","Tadpole","Velocity"
"66",Jan 2014,2014,1,"slice3","J01-060","non_critical","days_per_month",30,"Toad","Tadpole","Velocity"
"67",Jan 2015,2015,1,"slice1","J01-060","non_critical","days_per_month",27,"Toad","Tadpole","Velocity"
"68",Jan 2015,2015,1,"slice2","J01-060","non_critical","days_per_month",0,"Toad","Tadpole","Velocity"
"69",Jan 2015,2015,1,"slice3","J01-060","non_critical","days_per_month",27,"Toad","Tadpole","Velocity"
"70",Jan 2016,2016,1,"slice1","J01-060","non_critical","days_per_month",20,"Toad","Tadpole","Velocity"
"71",Jan 2016,2016,1,"slice2","J01-060","non_critical","days_per_month",0,"Toad","Tadpole","Velocity"
"72",Jan 2016,2016,1,"slice3","J01-060","non_critical","days_per_month",20,"Toad","Tadpole","Velocity"
"73",Jan 2017,2017,1,"slice1","J01-060","non_critical","days_per_month",30,"Toad","Tadpole","Velocity"
"74",Jan 2017,2017,1,"slice2","J01-060","non_critical","days_per_month",0,"Toad","Tadpole","Velocity"
"75",Jan 2017,2017,1,"slice3","J01-060","non_critical","days_per_month",30,"Toad","Tadpole","Velocity"
"76",Jan 2018,2018,1,"slice1","J01-060","non_critical","days_per_month",23,"Toad","Tadpole","Velocity"
"77",Jan 2018,2018,1,"slice2","J01-060","non_critical","days_per_month",0,"Toad","Tadpole","Velocity"
"78",Jan 2018,2018,1,"slice3","J01-060","non_critical","days_per_month",23,"Toad","Tadpole","Velocity"
"79",Feb 1993,1993,2,"slice1","J01-060","non_critical","days_per_month",21,"Toad","Tadpole","Velocity"
"80",Feb 1993,1993,2,"slice2","J01-060","non_critical","days_per_month",0,"Toad","Tadpole","Velocity"
"81",Feb 1993,1993,2,"slice3","J01-060","non_critical","days_per_month",21,"Toad","Tadpole","Velocity"
"82",Feb 1994,1994,2,"slice1","J01-060","non_critical","days_per_month",25,"Toad","Tadpole","Velocity"
"83",Feb 1994,1994,2,"slice2","J01-060","non_critical","days_per_month",0,"Toad","Tadpole","Velocity"
"84",Feb 1994,1994,2,"slice3","J01-060","non_critical","days_per_month",25,"Toad","Tadpole","Velocity"
"85",Feb 1995,1995,2,"slice1","J01-060","non_critical","days_per_month",20,"Toad","Tadpole","Velocity"
"86",Feb 1995,1995,2,"slice2","J01-060","non_critical","days_per_month",0,"Toad","Tadpole","Velocity"
"87",Feb 1995,1995,2,"slice3","J01-060","non_critical","days_per_month",20,"Toad","Tadpole","Velocity"
"88",Feb 1996,1996,2,"slice1","J01-060","non_critical","days_per_month",28,"Toad","Tadpole","Velocity"
"89",Feb 1996,1996,2,"slice2","J01-060","non_critical","days_per_month",0,"Toad","Tadpole","Velocity"
"90",Feb 1996,1996,2,"slice3","J01-060","non_critical","days_per_month",28,"Toad","Tadpole","Velocity"
"91",Feb 1997,1997,2,"slice1","J01-060","non_critical","days_per_month",11,"Toad","Tadpole","Velocity"
"92",Feb 1997,1997,2,"slice2","J01-060","non_critical","days_per_month",0,"Toad","Tadpole","Velocity"
"93",Feb 1997,1997,2,"slice3","J01-060","non_critical","days_per_month",11,"Toad","Tadpole","Velocity"
"94",Feb 1998,1998,2,"slice1","J01-060","non_critical","days_per_month",27,"Toad","Tadpole","Velocity"
"95",Feb 1998,1998,2,"slice2","J01-060","non_critical","days_per_month",0,"Toad","Tadpole","Velocity"
"96",Feb 1998,1998,2,"slice3","J01-060","non_critical","days_per_month",27,"Toad","Tadpole","Velocity"
"97",Feb 1999,1999,2,"slice1","J01-060","non_critical","days_per_month",20,"Toad","Tadpole","Velocity"
"98",Feb 1999,1999,2,"slice2","J01-060","non_critical","days_per_month",0,"Toad","Tadpole","Velocity"
"99",Feb 1999,1999,2,"slice3","J01-060","non_critical","days_per_month",19,"Toad","Tadpole","Velocity"
"100",Feb 2000,2000,2,"slice1","J01-060","non_critical","days_per_month",20,"Toad","Tadpole","Velocity"
"101",Feb 2000,2000,2,"slice2","J01-060","non_critical","days_per_month",0,"Toad","Tadpole","Velocity"
"102",Feb 2000,2000,2,"slice3","J01-060","non_critical","days_per_month",20,"Toad","Tadpole","Velocity"
"103",Feb 2001,2001,2,"slice1","J01-060","non_critical","days_per_month",28,"Toad","Tadpole","Velocity"
"104",Feb 2001,2001,2,"slice2","J01-060","non_critical","days_per_month",0,"Toad","Tadpole","Velocity"
"105",Feb 2001,2001,2,"slice3","J01-060","non_critical","days_per_month",28,"Toad","Tadpole","Velocity"
"106",Feb 2002,2002,2,"slice1","J01-060","non_critical","days_per_month",22,"Toad","Tadpole","Velocity"
"107",Feb 2002,2002,2,"slice2","J01-060","non_critical","days_per_month",0,"Toad","Tadpole","Velocity"
"108",Feb 2002,2002,2,"slice3","J01-060","non_critical","days_per_month",22,"Toad","Tadpole","Velocity"
"109",Feb 2003,2003,2,"slice1","J01-060","non_critical","days_per_month",21,"Toad","Tadpole","Velocity"
"110",Feb 2003,2003,2,"slice2","J01-060","non_critical","days_per_month",0,"Toad","Tadpole","Velocity"
"111",Feb 2003,2003,2,"slice3","J01-060","non_critical","days_per_month",21,"Toad","Tadpole","Velocity"
"112",Feb 2004,2004,2,"slice1","J01-060","non_critical","days_per_month",19,"Toad","Tadpole","Velocity"
"113",Feb 2004,2004,2,"slice2","J01-060","non_critical","days_per_month",0,"Toad","Tadpole","Velocity"
"114",Feb 2004,2004,2,"slice3","J01-060","non_critical","days_per_month",19,"Toad","Tadpole","Velocity"
"115",Feb 2005,2005,2,"slice1","J01-060","non_critical","days_per_month",26,"Toad","Tadpole","Velocity"
"116",Feb 2005,2005,2,"slice2","J01-060","non_critical","days_per_month",0,"Toad","Tadpole","Velocity"
"117",Feb 2005,2005,2,"slice3","J01-060","non_critical","days_per_month",26,"Toad","Tadpole","Velocity"
"118",Feb 2006,2006,2,"slice1","J01-060","non_critical","days_per_month",28,"Toad","Tadpole","Velocity"
"119",Feb 2006,2006,2,"slice2","J01-060","non_critical","days_per_month",0,"Toad","Tadpole","Velocity"
"120",Feb 2006,2006,2,"slice3","J01-060","non_critical","days_per_month",28,"Toad","Tadpole","Velocity"
"121",Feb 2007,2007,2,"slice1","J01-060","non_critical","days_per_month",26,"Toad","Tadpole","Velocity"
"122",Feb 2007,2007,2,"slice2","J01-060","non_critical","days_per_month",0,"Toad","Tadpole","Velocity"
"123",Feb 2007,2007,2,"slice3","J01-060","non_critical","days_per_month",26,"Toad","Tadpole","Velocity"
"124",Feb 2008,2008,2,"slice1","J01-060","non_critical","days_per_month",21,"Toad","Tadpole","Velocity"
"125",Feb 2008,2008,2,"slice2","J01-060","non_critical","days_per_month",0,"Toad","Tadpole","Velocity"
"126",Feb 2008,2008,2,"slice3","J01-060","non_critical","days_per_month",21,"Toad","Tadpole","Velocity"
"127",Feb 2009,2009,2,"slice1","J01-060","non_critical","days_per_month",24,"Toad","Tadpole","Velocity"
"128",Feb 2009,2009,2,"slice2","J01-060","non_critical","days_per_month",0,"Toad","Tadpole","Velocity"
"129",Feb 2009,2009,2,"slice3","J01-060","non_critical","days_per_month",23,"Toad","Tadpole","Velocity"
"130",Feb 2010,2010,2,"slice1","J01-060","non_critical","days_per_month",24,"Toad","Tadpole","Velocity"
"131",Feb 2010,2010,2,"slice2","J01-060","non_critical","days_per_month",0,"Toad","Tadpole","Velocity"
"132",Feb 2010,2010,2,"slice3","J01-060","non_critical","days_per_month",24,"Toad","Tadpole","Velocity"
"133",Feb 2011,2011,2,"slice1","J01-060","non_critical","days_per_month",27,"Toad","Tadpole","Velocity"
"134",Feb 2011,2011,2,"slice2","J01-060","non_critical","days_per_month",0,"Toad","Tadpole","Velocity"
"135",Feb 2011,2011,2,"slice3","J01-060","non_critical","days_per_month",27,"Toad","Tadpole","Velocity"
"136",Feb 2012,2012,2,"slice1","J01-060","non_critical","days_per_month",27,"Toad","Tadpole","Velocity"
"137",Feb 2012,2012,2,"slice2","J01-060","non_critical","days_per_month",0,"Toad","Tadpole","Velocity"
"138",Feb 2012,2012,2,"slice3","J01-060","non_critical","days_per_month",27,"Toad","Tadpole","Velocity"
"139",Feb 2013,2013,2,"slice1","J01-060","non_critical","days_per_month",27,"Toad","Tadpole","Velocity"
"140",Feb 2013,2013,2,"slice2","J01-060","non_critical","days_per_month",0,"Toad","Tadpole","Velocity"
"141",Feb 2013,2013,2,"slice3","J01-060","non_critical","days_per_month",27,"Toad","Tadpole","Velocity"
"142",Feb 2014,2014,2,"slice1","J01-060","non_critical","days_per_month",26,"Toad","Tadpole","Velocity"
"143",Feb 2014,2014,2,"slice2","J01-060","non_critical","days_per_month",0,"Toad","Tadpole","Velocity"
"144",Feb 2014,2014,2,"slice3","J01-060","non_critical","days_per_month",26,"Toad","Tadpole","Velocity"
"145",Feb 2015,2015,2,"slice1","J01-060","non_critical","days_per_month",28,"Toad","Tadpole","Velocity"
"146",Feb 2015,2015,2,"slice2","J01-060","non_critical","days_per_month",0,"Toad","Tadpole","Velocity"
"147",Feb 2015,2015,2,"slice3","J01-060","non_critical","days_per_month",28,"Toad","Tadpole","Velocity"
"148",Feb 2016,2016,2,"slice1","J01-060","non_critical","days_per_month",24,"Toad","Tadpole","Velocity"
"149",Feb 2016,2016,2,"slice2","J01-060","non_critical","days_per_month",0,"Toad","Tadpole","Velocity"
"150",Feb 2016,2016,2,"slice3","J01-060","non_critical","days_per_month",22,"Toad","Tadpole","Velocity"
"151",Feb 2017,2017,2,"slice1","J01-060","non_critical","days_per_month",27,"Toad","Tadpole","Velocity"
"152",Feb 2017,2017,2,"slice2","J01-060","non_critical","days_per_month",0,"Toad","Tadpole","Velocity"
"153",Feb 2017,2017,2,"slice3","J01-060","non_critical","days_per_month",27,"Toad","Tadpole","Velocity"
"154",Feb 2018,2018,2,"slice1","J01-060","non_critical","days_per_month",19,"Toad","Tadpole","Velocity"
"155",Feb 2018,2018,2,"slice2","J01-060","non_critical","days_per_month",0,"Toad","Tadpole","Velocity"
"156",Feb 2018,2018,2,"slice3","J01-060","non_critical","days_per_month",19,"Toad","Tadpole","Velocity"
"157",Mar 1993,1993,3,"slice1","J01-060","critical","days_per_month",27,"Toad","Tadpole","Velocity"
"158",Mar 1993,1993,3,"slice2","J01-060","critical","days_per_month",0,"Toad","Tadpole","Velocity"
"159",Mar 1993,1993,3,"slice3","J01-060","critical","days_per_month",27,"Toad","Tadpole","Velocity"
"160",Mar 1994,1994,3,"slice1","J01-060","critical","days_per_month",24,"Toad","Tadpole","Velocity"
"161",Mar 1994,1994,3,"slice2","J01-060","critical","days_per_month",0,"Toad","Tadpole","Velocity"
"162",Mar 1994,1994,3,"slice3","J01-060","critical","days_per_month",23,"Toad","Tadpole","Velocity"
"163",Mar 1995,1995,3,"slice1","J01-060","critical","days_per_month",27,"Toad","Tadpole","Velocity"
"164",Mar 1995,1995,3,"slice2","J01-060","critical","days_per_month",0,"Toad","Tadpole","Velocity"
"165",Mar 1995,1995,3,"slice3","J01-060","critical","days_per_month",27,"Toad","Tadpole","Velocity"
"166",Mar 1996,1996,3,"slice1","J01-060","critical","days_per_month",31,"Toad","Tadpole","Velocity"
"167",Mar 1996,1996,3,"slice2","J01-060","critical","days_per_month",0,"Toad","Tadpole","Velocity"
"168",Mar 1996,1996,3,"slice3","J01-060","critical","days_per_month",31,"Toad","Tadpole","Velocity"
"169",Mar 1997,1997,3,"slice1","J01-060","critical","days_per_month",25,"Toad","Tadpole","Velocity"
"170",Mar 1997,1997,3,"slice2","J01-060","critical","days_per_month",0,"Toad","Tadpole","Velocity"
"171",Mar 1997,1997,3,"slice3","J01-060","critical","days_per_month",25,"Toad","Tadpole","Velocity"
"172",Mar 1998,1998,3,"slice1","J01-060","critical","days_per_month",30,"Toad","Tadpole","Velocity"
"173",Mar 1998,1998,3,"slice2","J01-060","critical","days_per_month",0,"Toad","Tadpole","Velocity"
"174",Mar 1998,1998,3,"slice3","J01-060","critical","days_per_month",30,"Toad","Tadpole","Velocity"
"175",Mar 1999,1999,3,"slice1","J01-060","critical","days_per_month",27,"Toad","Tadpole","Velocity"
"176",Mar 1999,1999,3,"slice2","J01-060","critical","days_per_month",0,"Toad","Tadpole","Velocity"
"177",Mar 1999,1999,3,"slice3","J01-060","critical","days_per_month",27,"Toad","Tadpole","Velocity"
"178",Mar 2000,2000,3,"slice1","J01-060","critical","days_per_month",29,"Toad","Tadpole","Velocity"
"179",Mar 2000,2000,3,"slice2","J01-060","critical","days_per_month",0,"Toad","Tadpole","Velocity"
"180",Mar 2000,2000,3,"slice3","J01-060","critical","days_per_month",29,"Toad","Tadpole","Velocity"
"181",Mar 2001,2001,3,"slice1","J01-060","critical","days_per_month",31,"Toad","Tadpole","Velocity"
"182",Mar 2001,2001,3,"slice2","J01-060","critical","days_per_month",0,"Toad","Tadpole","Velocity"
"183",Mar 2001,2001,3,"slice3","J01-060","critical","days_per_month",31,"Toad","Tadpole","Velocity"
"184",Mar 2002,2002,3,"slice1","J01-060","critical","days_per_month",28,"Toad","Tadpole","Velocity"
"185",Mar 2002,2002,3,"slice2","J01-060","critical","days_per_month",0,"Toad","Tadpole","Velocity"
"186",Mar 2002,2002,3,"slice3","J01-060","critical","days_per_month",28,"Toad","Tadpole","Velocity"
"187",Mar 2003,2003,3,"slice1","J01-060","critical","days_per_month",29,"Toad","Tadpole","Velocity"
"188",Mar 2003,2003,3,"slice2","J01-060","critical","days_per_month",0,"Toad","Tadpole","Velocity"
"189",Mar 2003,2003,3,"slice3","J01-060","critical","days_per_month",29,"Toad","Tadpole","Velocity"
"190",Mar 2004,2004,3,"slice1","J01-060","critical","days_per_month",29,"Toad","Tadpole","Velocity"
"191",Mar 2004,2004,3,"slice2","J01-060","critical","days_per_month",0,"Toad","Tadpole","Velocity"
"192",Mar 2004,2004,3,"slice3","J01-060","critical","days_per_month",29,"Toad","Tadpole","Velocity"
"193",Mar 2005,2005,3,"slice1","J01-060","critical","days_per_month",26,"Toad","Tadpole","Velocity"
"194",Mar 2005,2005,3,"slice2","J01-060","critical","days_per_month",0,"Toad","Tadpole","Velocity"
"195",Mar 2005,2005,3,"slice3","J01-060","critical","days_per_month",26,"Toad","Tadpole","Velocity"
"196",Mar 2006,2006,3,"slice1","J01-060","critical","days_per_month",31,"Toad","Tadpole","Velocity"
"197",Mar 2006,2006,3,"slice2","J01-060","critical","days_per_month",0,"Toad","Tadpole","Velocity"
"198",Mar 2006,2006,3,"slice3","J01-060","critical","days_per_month",31,"Toad","Tadpole","Velocity"
"199",Mar 2007,2007,3,"slice1","J01-060","critical","days_per_month",31,"Toad","Tadpole","Velocity"
"200",Mar 2007,2007,3,"slice2","J01-060","critical","days_per_month",0,"Toad","Tadpole","Velocity"
"201",Mar 2007,2007,3,"slice3","J01-060","critical","days_per_month",31,"Toad","Tadpole","Velocity"
"202",Mar 2008,2008,3,"slice1","J01-060","critical","days_per_month",31,"Toad","Tadpole","Velocity"
"203",Mar 2008,2008,3,"slice2","J01-060","critical","days_per_month",0,"Toad","Tadpole","Velocity"
"204",Mar 2008,2008,3,"slice3","J01-060","critical","days_per_month",31,"Toad","Tadpole","Velocity"
"205",Mar 2009,2009,3,"slice1","J01-060","critical","days_per_month",31,"Toad","Tadpole","Velocity"
"206",Mar 2009,2009,3,"slice2","J01-060","critical","days_per_month",0,"Toad","Tadpole","Velocity"
"207",Mar 2009,2009,3,"slice3","J01-060","critical","days_per_month",31,"Toad","Tadpole","Velocity"
"208",Mar 2010,2010,3,"slice1","J01-060","critical","days_per_month",26,"Toad","Tadpole","Velocity"
"209",Mar 2010,2010,3,"slice2","J01-060","critical","days_per_month",0,"Toad","Tadpole","Velocity"
"210",Mar 2010,2010,3,"slice3","J01-060","critical","days_per_month",26,"Toad","Tadpole","Velocity"
"211",Mar 2011,2011,3,"slice1","J01-060","critical","days_per_month",27,"Toad","Tadpole","Velocity"
"212",Mar 2011,2011,3,"slice2","J01-060","critical","days_per_month",0,"Toad","Tadpole","Velocity"
"213",Mar 2011,2011,3,"slice3","J01-060","critical","days_per_month",27,"Toad","Tadpole","Velocity"
"214",Mar 2012,2012,3,"slice1","J01-060","critical","days_per_month",29,"Toad","Tadpole","Velocity"
"215",Mar 2012,2012,3,"slice2","J01-060","critical","days_per_month",0,"Toad","Tadpole","Velocity"
"216",Mar 2012,2012,3,"slice3","J01-060","critical","days_per_month",29,"Toad","Tadpole","Velocity"
"217",Mar 2013,2013,3,"slice1","J01-060","critical","days_per_month",29,"Toad","Tadpole","Velocity"
"218",Mar 2013,2013,3,"slice2","J01-060","critical","days_per_month",0,"Toad","Tadpole","Velocity"
"219",Mar 2013,2013,3,"slice3","J01-060","critical","days_per_month",29,"Toad","Tadpole","Velocity"
"220",Mar 2014,2014,3,"slice1","J01-060","critical","days_per_month",30,"Toad","Tadpole","Velocity"
"221",Mar 2014,2014,3,"slice2","J01-060","critical","days_per_month",0,"Toad","Tadpole","Velocity"
"222",Mar 2014,2014,3,"slice3","J01-060","critical","days_per_month",30,"Toad","Tadpole","Velocity"
"223",Mar 2015,2015,3,"slice1","J01-060","critical","days_per_month",28,"Toad","Tadpole","Velocity"
"224",Mar 2015,2015,3,"slice2","J01-060","critical","days_per_month",0,"Toad","Tadpole","Velocity"
"225",Mar 2015,2015,3,"slice3","J01-060","critical","days_per_month",28,"Toad","Tadpole","Velocity"
"226",Mar 2016,2016,3,"slice1","J01-060","critical","days_per_month",31,"Toad","Tadpole","Velocity"
"227",Mar 2016,2016,3,"slice2","J01-060","critical","days_per_month",0,"Toad","Tadpole","Velocity"
"228",Mar 2016,2016,3,"slice3","J01-060","critical","days_per_month",31,"Toad","Tadpole","Velocity"
"229",Mar 2017,2017,3,"slice1","J01-060","critical","days_per_month",28,"Toad","Tadpole","Velocity"
"230",Mar 2017,2017,3,"slice2","J01-060","critical","days_per_month",0,"Toad","Tadpole","Velocity"
"231",Mar 2017,2017,3,"slice3","J01-060","critical","days_per_month",27,"Toad","Tadpole","Velocity"
"232",Mar 2018,2018,3,"slice1","J01-060","critical","days_per_month",27,"Toad","Tadpole","Velocity"
"233",Mar 2018,2018,3,"slice2","J01-060","critical","days_per_month",0,"Toad","Tadpole","Velocity"
"234",Mar 2018,2018,3,"slice3","J01-060","critical","days_per_month",26,"Toad","Tadpole","Velocity"
"235",Apr 1993,1993,4,"slice1","J01-060","critical","days_per_month",27,"Toad","Tadpole","Velocity"
"236",Apr 1993,1993,4,"slice2","J01-060","critical","days_per_month",0,"Toad","Tadpole","Velocity"
"237",Apr 1993,1993,4,"slice3","J01-060","critical","days_per_month",27,"Toad","Tadpole","Velocity"
"238",Apr 1994,1994,4,"slice1","J01-060","critical","days_per_month",28,"Toad","Tadpole","Velocity"
"239",Apr 1994,1994,4,"slice2","J01-060","critical","days_per_month",0,"Toad","Tadpole","Velocity"
"240",Apr 1994,1994,4,"slice3","J01-060","critical","days_per_month",28,"Toad","Tadpole","Velocity"
"241",Apr 1995,1995,4,"slice1","J01-060","critical","days_per_month",29,"Toad","Tadpole","Velocity"
"242",Apr 1995,1995,4,"slice2","J01-060","critical","days_per_month",0,"Toad","Tadpole","Velocity"
"243",Apr 1995,1995,4,"slice3","J01-060","critical","days_per_month",29,"Toad","Tadpole","Velocity"
"244",Apr 1996,1996,4,"slice1","J01-060","critical","days_per_month",30,"Toad","Tadpole","Velocity"
"245",Apr 1996,1996,4,"slice2","J01-060","critical","days_per_month",0,"Toad","Tadpole","Velocity"
"246",Apr 1996,1996,4,"slice3","J01-060","critical","days_per_month",30,"Toad","Tadpole","Velocity"
"247",Apr 1997,1997,4,"slice1","J01-060","critical","days_per_month",27,"Toad","Tadpole","Velocity"
"248",Apr 1997,1997,4,"slice2","J01-060","critical","days_per_month",0,"Toad","Tadpole","Velocity"
"249",Apr 1997,1997,4,"slice3","J01-060","critical","days_per_month",27,"Toad","Tadpole","Velocity"
"250",Apr 1998,1998,4,"slice1","J01-060","critical","days_per_month",27,"Toad","Tadpole","Velocity"
"251",Apr 1998,1998,4,"slice2","J01-060","critical","days_per_month",0,"Toad","Tadpole","Velocity"
"252",Apr 1998,1998,4,"slice3","J01-060","critical","days_per_month",27,"Toad","Tadpole","Velocity"
"253",Apr 1999,1999,4,"slice1","J01-060","critical","days_per_month",28,"Toad","Tadpole","Velocity"
"254",Apr 1999,1999,4,"slice2","J01-060","critical","days_per_month",0,"Toad","Tadpole","Velocity"
"255",Apr 1999,1999,4,"slice3","J01-060","critical","days_per_month",28,"Toad","Tadpole","Velocity"
"256",Apr 2000,2000,4,"slice1","J01-060","critical","days_per_month",29,"Toad","Tadpole","Velocity"
"257",Apr 2000,2000,4,"slice2","J01-060","critical","days_per_month",0,"Toad","Tadpole","Velocity"
"258",Apr 2000,2000,4,"slice3","J01-060","critical","days_per_month",28,"Toad","Tadpole","Velocity"
"259",Apr 2001,2001,4,"slice1","J01-060","critical","days_per_month",30,"Toad","Tadpole","Velocity"
"260",Apr 2001,2001,4,"slice2","J01-060","critical","days_per_month",0,"Toad","Tadpole","Velocity"
"261",Apr 2001,2001,4,"slice3","J01-060","critical","days_per_month",30,"Toad","Tadpole","Velocity"
"262",Apr 2002,2002,4,"slice1","J01-060","critical","days_per_month",28,"Toad","Tadpole","Velocity"
"263",Apr 2002,2002,4,"slice2","J01-060","critical","days_per_month",0,"Toad","Tadpole","Velocity"
"264",Apr 2002,2002,4,"slice3","J01-060","critical","days_per_month",28,"Toad","Tadpole","Velocity"
"265",Apr 2003,2003,4,"slice1","J01-060","critical","days_per_month",29,"Toad","Tadpole","Velocity"
"266",Apr 2003,2003,4,"slice2","J01-060","critical","days_per_month",0,"Toad","Tadpole","Velocity"
"267",Apr 2003,2003,4,"slice3","J01-060","critical","days_per_month",29,"Toad","Tadpole","Velocity"
"268",Apr 2004,2004,4,"slice1","J01-060","critical","days_per_month",28,"Toad","Tadpole","Velocity"
"269",Apr 2004,2004,4,"slice2","J01-060","critical","days_per_month",0,"Toad","Tadpole","Velocity"
"270",Apr 2004,2004,4,"slice3","J01-060","critical","days_per_month",28,"Toad","Tadpole","Velocity"
"271",Apr 2005,2005,4,"slice1","J01-060","critical","days_per_month",28,"Toad","Tadpole","Velocity"
"272",Apr 2005,2005,4,"slice2","J01-060","critical","days_per_month",0,"Toad","Tadpole","Velocity"
"273",Apr 2005,2005,4,"slice3","J01-060","critical","days_per_month",28,"Toad","Tadpole","Velocity"
"274",Apr 2006,2006,4,"slice1","J01-060","critical","days_per_month",28,"Toad","Tadpole","Velocity"
"275",Apr 2006,2006,4,"slice2","J01-060","critical","days_per_month",0,"Toad","Tadpole","Velocity"
"276",Apr 2006,2006,4,"slice3","J01-060","critical","days_per_month",28,"Toad","Tadpole","Velocity"
"277",Apr 2007,2007,4,"slice1","J01-060","critical","days_per_month",30,"Toad","Tadpole","Velocity"
"278",Apr 2007,2007,4,"slice2","J01-060","critical","days_per_month",0,"Toad","Tadpole","Velocity"
"279",Apr 2007,2007,4,"slice3","J01-060","critical","days_per_month",30,"Toad","Tadpole","Velocity"
"280",Apr 2008,2008,4,"slice1","J01-060","critical","days_per_month",30,"Toad","Tadpole","Velocity"
"281",Apr 2008,2008,4,"slice2","J01-060","critical","days_per_month",0,"Toad","Tadpole","Velocity"
"282",Apr 2008,2008,4,"slice3","J01-060","critical","days_per_month",30,"Toad","Tadpole","Velocity"
"283",Apr 2009,2009,4,"slice1","J01-060","critical","days_per_month",29,"Toad","Tadpole","Velocity"
"284",Apr 2009,2009,4,"slice2","J01-060","critical","days_per_month",0,"Toad","Tadpole","Velocity"
"285",Apr 2009,2009,4,"slice3","J01-060","critical","days_per_month",29,"Toad","Tadpole","Velocity"
"286",Apr 2010,2010,4,"slice1","J01-060","critical","days_per_month",30,"Toad","Tadpole","Velocity"
"287",Apr 2010,2010,4,"slice2","J01-060","critical","days_per_month",0,"Toad","Tadpole","Velocity"
"288",Apr 2010,2010,4,"slice3","J01-060","critical","days_per_month",30,"Toad","Tadpole","Velocity"
"289",Apr 2011,2011,4,"slice1","J01-060","critical","days_per_month",28,"Toad","Tadpole","Velocity"
"290",Apr 2011,2011,4,"slice2","J01-060","critical","days_per_month",0,"Toad","Tadpole","Velocity"
"291",Apr 2011,2011,4,"slice3","J01-060","critical","days_per_month",28,"Toad","Tadpole","Velocity"
"292",Apr 2012,2012,4,"slice1","J01-060","critical","days_per_month",30,"Toad","Tadpole","Velocity"
"293",Apr 2012,2012,4,"slice2","J01-060","critical","days_per_month",0,"Toad","Tadpole","Velocity"
"294",Apr 2012,2012,4,"slice3","J01-060","critical","days_per_month",30,"Toad","Tadpole","Velocity"
"295",Apr 2013,2013,4,"slice1","J01-060","critical","days_per_month",29,"Toad","Tadpole","Velocity"
"296",Apr 2013,2013,4,"slice2","J01-060","critical","days_per_month",4,"Toad","Tadpole","Velocity"
"297",Apr 2013,2013,4,"slice3","J01-060","critical","days_per_month",29,"Toad","Tadpole","Velocity"
"298",Apr 2014,2014,4,"slice1","J01-060","critical","days_per_month",30,"Toad","Tadpole","Velocity"
"299",Apr 2014,2014,4,"slice2","J01-060","critical","days_per_month",3,"Toad","Tadpole","Velocity"
"300",Apr 2014,2014,4,"slice3","J01-060","critical","days_per_month",30,"Toad","Tadpole","Velocity"
"301",Apr 2015,2015,4,"slice1","J01-060","critical","days_per_month",30,"Toad","Tadpole","Velocity"
"302",Apr 2015,2015,4,"slice2","J01-060","critical","days_per_month",5,"Toad","Tadpole","Velocity"
"303",Apr 2015,2015,4,"slice3","J01-060","critical","days_per_month",30,"Toad","Tadpole","Velocity"
"304",Apr 2016,2016,4,"slice1","J01-060","critical","days_per_month",30,"Toad","Tadpole","Velocity"
"305",Apr 2016,2016,4,"slice2","J01-060","critical","days_per_month",0,"Toad","Tadpole","Velocity"
"306",Apr 2016,2016,4,"slice3","J01-060","critical","days_per_month",30,"Toad","Tadpole","Velocity"
"307",Apr 2017,2017,4,"slice1","J01-060","critical","days_per_month",30,"Toad","Tadpole","Velocity"
"308",Apr 2017,2017,4,"slice2","J01-060","critical","days_per_month",0,"Toad","Tadpole","Velocity"
"309",Apr 2017,2017,4,"slice3","J01-060","critical","days_per_month",30,"Toad","Tadpole","Velocity"
"310",Apr 2018,2018,4,"slice1","J01-060","critical","days_per_month",30,"Toad","Tadpole","Velocity"
"311",Apr 2018,2018,4,"slice2","J01-060","critical","days_per_month",0,"Toad","Tadpole","Velocity"
"312",Apr 2018,2018,4,"slice3","J01-060","critical","days_per_month",30,"Toad","Tadpole","Velocity"
"313",May 1993,1993,5,"slice1","J01-060","critical","days_per_month",31,"Toad","Tadpole","Velocity"
"314",May 1993,1993,5,"slice2","J01-060","critical","days_per_month",0,"Toad","Tadpole","Velocity"
"315",May 1993,1993,5,"slice3","J01-060","critical","days_per_month",31,"Toad","Tadpole","Velocity"
"316",May 1994,1994,5,"slice1","J01-060","critical","days_per_month",31,"Toad","Tadpole","Velocity"
"317",May 1994,1994,5,"slice2","J01-060","critical","days_per_month",0,"Toad","Tadpole","Velocity"
"318",May 1994,1994,5,"slice3","J01-060","critical","days_per_month",31,"Toad","Tadpole","Velocity"
"319",May 1995,1995,5,"slice1","J01-060","critical","days_per_month",31,"Toad","Tadpole","Velocity"
"320",May 1995,1995,5,"slice2","J01-060","critical","days_per_month",0,"Toad","Tadpole","Velocity"
"321",May 1995,1995,5,"slice3","J01-060","critical","days_per_month",31,"Toad","Tadpole","Velocity"
"322",May 1996,1996,5,"slice1","J01-060","critical","days_per_month",31,"Toad","Tadpole","Velocity"
"323",May 1996,1996,5,"slice2","J01-060","critical","days_per_month",0,"Toad","Tadpole","Velocity"
"324",May 1996,1996,5,"slice3","J01-060","critical","days_per_month",31,"Toad","Tadpole","Velocity"
"325",May 1997,1997,5,"slice1","J01-060","critical","days_per_month",29,"Toad","Tadpole","Velocity"
"326",May 1997,1997,5,"slice2","J01-060","critical","days_per_month",0,"Toad","Tadpole","Velocity"
"327",May 1997,1997,5,"slice3","J01-060","critical","days_per_month",28,"Toad","Tadpole","Velocity"
"328",May 1998,1998,5,"slice1","J01-060","critical","days_per_month",31,"Toad","Tadpole","Velocity"
"329",May 1998,1998,5,"slice2","J01-060","critical","days_per_month",0,"Toad","Tadpole","Velocity"
"330",May 1998,1998,5,"slice3","J01-060","critical","days_per_month",31,"Toad","Tadpole","Velocity"
"331",May 1999,1999,5,"slice1","J01-060","critical","days_per_month",31,"Toad","Tadpole","Velocity"
"332",May 1999,1999,5,"slice2","J01-060","critical","days_per_month",0,"Toad","Tadpole","Velocity"
"333",May 1999,1999,5,"slice3","J01-060","critical","days_per_month",31,"Toad","Tadpole","Velocity"
"334",May 2000,2000,5,"slice1","J01-060","critical","days_per_month",31,"Toad","Tadpole","Velocity"
"335",May 2000,2000,5,"slice2","J01-060","critical","days_per_month",0,"Toad","Tadpole","Velocity"
"336",May 2000,2000,5,"slice3","J01-060","critical","days_per_month",31,"Toad","Tadpole","Velocity"
"337",May 2001,2001,5,"slice1","J01-060","critical","days_per_month",31,"Toad","Tadpole","Velocity"
"338",May 2001,2001,5,"slice2","J01-060","critical","days_per_month",3,"Toad","Tadpole","Velocity"
"339",May 2001,2001,5,"slice3","J01-060","critical","days_per_month",31,"Toad","Tadpole","Velocity"
"340",May 2002,2002,5,"slice1","J01-060","critical","days_per_month",30,"Toad","Tadpole","Velocity"
"341",May 2002,2002,5,"slice2","J01-060","critical","days_per_month",0,"Toad","Tadpole","Velocity"
"342",May 2002,2002,5,"slice3","J01-060","critical","days_per_month",30,"Toad","Tadpole","Velocity"
"343",May 2003,2003,5,"slice1","J01-060","critical","days_per_month",31,"Toad","Tadpole","Velocity"
"344",May 2003,2003,5,"slice2","J01-060","critical","days_per_month",3,"Toad","Tadpole","Velocity"
"345",May 2003,2003,5,"slice3","J01-060","critical","days_per_month",31,"Toad","Tadpole","Velocity"
"346",May 2004,2004,5,"slice1","J01-060","critical","days_per_month",30,"Toad","Tadpole","Velocity"
"347",May 2004,2004,5,"slice2","J01-060","critical","days_per_month",0,"Toad","Tadpole","Velocity"
"348",May 2004,2004,5,"slice3","J01-060","critical","days_per_month",30,"Toad","Tadpole","Velocity"
"349",May 2005,2005,5,"slice1","J01-060","critical","days_per_month",30,"Toad","Tadpole","Velocity"
"350",May 2005,2005,5,"slice2","J01-060","critical","days_per_month",0,"Toad","Tadpole","Velocity"
"351",May 2005,2005,5,"slice3","J01-060","critical","days_per_month",30,"Toad","Tadpole","Velocity"
"352",May 2006,2006,5,"slice1","J01-060","critical","days_per_month",31,"Toad","Tadpole","Velocity"
"353",May 2006,2006,5,"slice2","J01-060","critical","days_per_month",3,"Toad","Tadpole","Velocity"
"354",May 2006,2006,5,"slice3","J01-060","critical","days_per_month",31,"Toad","Tadpole","Velocity"
"355",May 2007,2007,5,"slice1","J01-060","critical","days_per_month",30,"Toad","Tadpole","Velocity"
"356",May 2007,2007,5,"slice2","J01-060","critical","days_per_month",8,"Toad","Tadpole","Velocity"
"357",May 2007,2007,5,"slice3","J01-060","critical","days_per_month",30,"Toad","Tadpole","Velocity"
"358",May 2008,2008,5,"slice1","J01-060","critical","days_per_month",31,"Toad","Tadpole","Velocity"
"359",May 2008,2008,5,"slice2","J01-060","critical","days_per_month",0,"Toad","Tadpole","Velocity"
"360",May 2008,2008,5,"slice3","J01-060","critical","days_per_month",31,"Toad","Tadpole","Velocity"
"361",May 2009,2009,5,"slice1","J01-060","critical","days_per_month",31,"Toad","Tadpole","Velocity"
"362",May 2009,2009,5,"slice2","J01-060","critical","days_per_month",0,"Toad","Tadpole","Velocity"
"363",May 2009,2009,5,"slice3","J01-060","critical","days_per_month",31,"Toad","Tadpole","Velocity"
"364",May 2010,2010,5,"slice1","J01-060","critical","days_per_month",31,"Toad","Tadpole","Velocity"
"365",May 2010,2010,5,"slice2","J01-060","critical","days_per_month",0,"Toad","Tadpole","Velocity"
"366",May 2010,2010,5,"slice3","J01-060","critical","days_per_month",31,"Toad","Tadpole","Velocity"
"367",May 2011,2011,5,"slice1","J01-060","critical","days_per_month",31,"Toad","Tadpole","Velocity"
"368",May 2011,2011,5,"slice2","J01-060","critical","days_per_month",0,"Toad","Tadpole","Velocity"
"369",May 2011,2011,5,"slice3","J01-060","critical","days_per_month",31,"Toad","Tadpole","Velocity"
"370",May 2012,2012,5,"slice1","J01-060","critical","days_per_month",29,"Toad","Tadpole","Velocity"
"371",May 2012,2012,5,"slice2","J01-060","critical","days_per_month",4,"Toad","Tadpole","Velocity"
"372",May 2012,2012,5,"slice3","J01-060","critical","days_per_month",29,"Toad","Tadpole","Velocity"
"373",May 2013,2013,5,"slice1","J01-060","critical","days_per_month",31,"Toad","Tadpole","Velocity"
"374",May 2013,2013,5,"slice2","J01-060","critical","days_per_month",4,"Toad","Tadpole","Velocity"
"375",May 2013,2013,5,"slice3","J01-060","critical","days_per_month",31,"Toad","Tadpole","Velocity"
"376",May 2014,2014,5,"slice1","J01-060","critical","days_per_month",29,"Toad","Tadpole","Velocity"
"377",May 2014,2014,5,"slice2","J01-060","critical","days_per_month",14,"Toad","Tadpole","Velocity"
"378",May 2014,2014,5,"slice3","J01-060","critical","days_per_month",29,"Toad","Tadpole","Velocity"
"379",May 2015,2015,5,"slice1","J01-060","critical","days_per_month",31,"Toad","Tadpole","Velocity"
"380",May 2015,2015,5,"slice2","J01-060","critical","days_per_month",7,"Toad","Tadpole","Velocity"
"381",May 2015,2015,5,"slice3","J01-060","critical","days_per_month",31,"Toad","Tadpole","Velocity"
"382",May 2016,2016,5,"slice1","J01-060","critical","days_per_month",30,"Toad","Tadpole","Velocity"
"383",May 2016,2016,5,"slice2","J01-060","critical","days_per_month",10,"Toad","Tadpole","Velocity"
"384",May 2016,2016,5,"slice3","J01-060","critical","days_per_month",30,"Toad","Tadpole","Velocity"
"385",May 2017,2017,5,"slice1","J01-060","critical","days_per_month",31,"Toad","Tadpole","Velocity"
"386",May 2017,2017,5,"slice2","J01-060","critical","days_per_month",14,"Toad","Tadpole","Velocity"
"387",May 2017,2017,5,"slice3","J01-060","critical","days_per_month",31,"Toad","Tadpole","Velocity"
"388",May 2018,2018,5,"slice1","J01-060","critical","days_per_month",19,"Toad","Tadpole","Velocity"
"389",May 2018,2018,5,"slice2","J01-060","critical","days_per_month",0,"Toad","Tadpole","Velocity"
"390",May 2018,2018,5,"slice3","J01-060","critical","days_per_month",19,"Toad","Tadpole","Velocity"
"391",Jun 1993,1993,6,"slice1","J01-060","critical","days_per_month",30,"Toad","Tadpole","Velocity"
"392",Jun 1993,1993,6,"slice2","J01-060","critical","days_per_month",0,"Toad","Tadpole","Velocity"
"393",Jun 1993,1993,6,"slice3","J01-060","critical","days_per_month",30,"Toad","Tadpole","Velocity"
"394",Jun 1994,1994,6,"slice1","J01-060","critical","days_per_month",29,"Toad","Tadpole","Velocity"
"395",Jun 1994,1994,6,"slice2","J01-060","critical","days_per_month",0,"Toad","Tadpole","Velocity"
"396",Jun 1994,1994,6,"slice3","J01-060","critical","days_per_month",29,"Toad","Tadpole","Velocity"
"397",Jun 1995,1995,6,"slice1","J01-060","critical","days_per_month",30,"Toad","Tadpole","Velocity"
"398",Jun 1995,1995,6,"slice2","J01-060","critical","days_per_month",0,"Toad","Tadpole","Velocity"
"399",Jun 1995,1995,6,"slice3","J01-060","critical","days_per_month",30,"Toad","Tadpole","Velocity"
"400",Jun 1996,1996,6,"slice1","J01-060","critical","days_per_month",30,"Toad","Tadpole","Velocity"
"401",Jun 1996,1996,6,"slice2","J01-060","critical","days_per_month",0,"Toad","Tadpole","Velocity"
"402",Jun 1996,1996,6,"slice3","J01-060","critical","days_per_month",30,"Toad","Tadpole","Velocity"
"403",Jun 1997,1997,6,"slice1","J01-060","critical","days_per_month",30,"Toad","Tadpole","Velocity"
"404",Jun 1997,1997,6,"slice2","J01-060","critical","days_per_month",0,"Toad","Tadpole","Velocity"
"405",Jun 1997,1997,6,"slice3","J01-060","critical","days_per_month",30,"Toad","Tadpole","Velocity"
"406",Jun 1998,1998,6,"slice1","J01-060","critical","days_per_month",30,"Toad","Tadpole","Velocity"
"407",Jun 1998,1998,6,"slice2","J01-060","critical","days_per_month",0,"Toad","Tadpole","Velocity"
"408",Jun 1998,1998,6,"slice3","J01-060","critical","days_per_month",30,"Toad","Tadpole","Velocity"
"409",Jun 1999,1999,6,"slice1","J01-060","critical","days_per_month",30,"Toad","Tadpole","Velocity"
"410",Jun 1999,1999,6,"slice2","J01-060","critical","days_per_month",0,"Toad","Tadpole","Velocity"
"411",Jun 1999,1999,6,"slice3","J01-060","critical","days_per_month",30,"Toad","Tadpole","Velocity"
"412",Jun 2000,2000,6,"slice1","J01-060","critical","days_per_month",30,"Toad","Tadpole","Velocity"
"413",Jun 2000,2000,6,"slice2","J01-060","critical","days_per_month",0,"Toad","Tadpole","Velocity"
"414",Jun 2000,2000,6,"slice3","J01-060","critical","days_per_month",30,"Toad","Tadpole","Velocity"
"415",Jun 2001,2001,6,"slice1","J01-060","critical","days_per_month",30,"Toad","Tadpole","Velocity"
"416",Jun 2001,2001,6,"slice2","J01-060","critical","days_per_month",4,"Toad","Tadpole","Velocity"
"417",Jun 2001,2001,6,"slice3","J01-060","critical","days_per_month",30,"Toad","Tadpole","Velocity"
"418",Jun 2002,2002,6,"slice1","J01-060","critical","days_per_month",30,"Toad","Tadpole","Velocity"
"419",Jun 2002,2002,6,"slice2","J01-060","critical","days_per_month",9,"Toad","Tadpole","Velocity"
"420",Jun 2002,2002,6,"slice3","J01-060","critical","days_per_month",30,"Toad","Tadpole","Velocity"
"421",Jun 2003,2003,6,"slice1","J01-060","critical","days_per_month",30,"Toad","Tadpole","Velocity"
"422",Jun 2003,2003,6,"slice2","J01-060","critical","days_per_month",7,"Toad","Tadpole","Velocity"
"423",Jun 2003,2003,6,"slice3","J01-060","critical","days_per_month",30,"Toad","Tadpole","Velocity"
"424",Jun 2004,2004,6,"slice1","J01-060","critical","days_per_month",30,"Toad","Tadpole","Velocity"
"425",Jun 2004,2004,6,"slice2","J01-060","critical","days_per_month",0,"Toad","Tadpole","Velocity"
"426",Jun 2004,2004,6,"slice3","J01-060","critical","days_per_month",30,"Toad","Tadpole","Velocity"
"427",Jun 2005,2005,6,"slice1","J01-060","critical","days_per_month",30,"Toad","Tadpole","Velocity"
"428",Jun 2005,2005,6,"slice2","J01-060","critical","days_per_month",0,"Toad","Tadpole","Velocity"
"429",Jun 2005,2005,6,"slice3","J01-060","critical","days_per_month",30,"Toad","Tadpole","Velocity"
"430",Jun 2006,2006,6,"slice1","J01-060","critical","days_per_month",30,"Toad","Tadpole","Velocity"
"431",Jun 2006,2006,6,"slice2","J01-060","critical","days_per_month",0,"Toad","Tadpole","Velocity"
"432",Jun 2006,2006,6,"slice3","J01-060","critical","days_per_month",30,"Toad","Tadpole","Velocity"
"433",Jun 2007,2007,6,"slice1","J01-060","critical","days_per_month",30,"Toad","Tadpole","Velocity"
"434",Jun 2007,2007,6,"slice2","J01-060","critical","days_per_month",2,"Toad","Tadpole","Velocity"
"435",Jun 2007,2007,6,"slice3","J01-060","critical","days_per_month",30,"Toad","Tadpole","Velocity"
"436",Jun 2008,2008,6,"slice1","J01-060","critical","days_per_month",30,"Toad","Tadpole","Velocity"
"437",Jun 2008,2008,6,"slice2","J01-060","critical","days_per_month",7,"Toad","Tadpole","Velocity"
"438",Jun 2008,2008,6,"slice3","J01-060","critical","days_per_month",30,"Toad","Tadpole","Velocity"
"439",Jun 2009,2009,6,"slice1","J01-060","critical","days_per_month",30,"Toad","Tadpole","Velocity"
"440",Jun 2009,2009,6,"slice2","J01-060","critical","days_per_month",3,"Toad","Tadpole","Velocity"
"441",Jun 2009,2009,6,"slice3","J01-060","critical","days_per_month",30,"Toad","Tadpole","Velocity"
"442",Jun 2010,2010,6,"slice1","J01-060","critical","days_per_month",30,"Toad","Tadpole","Velocity"
"443",Jun 2010,2010,6,"slice2","J01-060","critical","days_per_month",0,"Toad","Tadpole","Velocity"
"444",Jun 2010,2010,6,"slice3","J01-060","critical","days_per_month",30,"Toad","Tadpole","Velocity"
"445",Jun 2011,2011,6,"slice1","J01-060","critical","days_per_month",30,"Toad","Tadpole","Velocity"
"446",Jun 2011,2011,6,"slice2","J01-060","critical","days_per_month",2,"Toad","Tadpole","Velocity"
"447",Jun 2011,2011,6,"slice3","J01-060","critical","days_per_month",30,"Toad","Tadpole","Velocity"
"448",Jun 2012,2012,6,"slice1","J01-060","critical","days_per_month",30,"Toad","Tadpole","Velocity"
"449",Jun 2012,2012,6,"slice2","J01-060","critical","days_per_month",2,"Toad","Tadpole","Velocity"
"450",Jun 2012,2012,6,"slice3","J01-060","critical","days_per_month",30,"Toad","Tadpole","Velocity"
"451",Jun 2013,2013,6,"slice1","J01-060","critical","days_per_month",30,"Toad","Tadpole","Velocity"
"452",Jun 2013,2013,6,"slice2","J01-060","critical","days_per_month",1,"Toad","Tadpole","Velocity"
"453",Jun 2013,2013,6,"slice3","J01-060","critical","days_per_month",30,"Toad","Tadpole","Velocity"
"454",Jun 2014,2014,6,"slice1","J01-060","critical","days_per_month",30,"Toad","Tadpole","Velocity"
"455",Jun 2014,2014,6,"slice2","J01-060","critical","days_per_month",4,"Toad","Tadpole","Velocity"
"456",Jun 2014,2014,6,"slice3","J01-060","critical","days_per_month",30,"Toad","Tadpole","Velocity"
"457",Jun 2015,2015,6,"slice1","J01-060","critical","days_per_month",30,"Toad","Tadpole","Velocity"
"458",Jun 2015,2015,6,"slice2","J01-060","critical","days_per_month",7,"Toad","Tadpole","Velocity"
"459",Jun 2015,2015,6,"slice3","J01-060","critical","days_per_month",30,"Toad","Tadpole","Velocity"
"460",Jun 2016,2016,6,"slice1","J01-060","critical","days_per_month",30,"Toad","Tadpole","Velocity"
"461",Jun 2016,2016,6,"slice2","J01-060","critical","days_per_month",7,"Toad","Tadpole","Velocity"
"462",Jun 2016,2016,6,"slice3","J01-060","critical","days_per_month",30,"Toad","Tadpole","Velocity"
"463",Jun 2017,2017,6,"slice1","J01-060","critical","days_per_month",30,"Toad","Tadpole","Velocity"
"464",Jun 2017,2017,6,"slice2","J01-060","critical","days_per_month",3,"Toad","Tadpole","Velocity"
"465",Jun 2017,2017,6,"slice3","J01-060","critical","days_per_month",30,"Toad","Tadpole","Velocity"
"466",Jul 1993,1993,7,"slice1","J01-060","critical","days_per_month",31,"Toad","Tadpole","Velocity"
"467",Jul 1993,1993,7,"slice2","J01-060","critical","days_per_month",0,"Toad","Tadpole","Velocity"
"468",Jul 1993,1993,7,"slice3","J01-060","critical","days_per_month",31,"Toad","Tadpole","Velocity"
"469",Jul 1994,1994,7,"slice1","J01-060","critical","days_per_month",31,"Toad","Tadpole","Velocity"
"470",Jul 1994,1994,7,"slice2","J01-060","critical","days_per_month",0,"Toad","Tadpole","Velocity"
"471",Jul 1994,1994,7,"slice3","J01-060","critical","days_per_month",31,"Toad","Tadpole","Velocity"
"472",Jul 1995,1995,7,"slice1","J01-060","critical","days_per_month",31,"Toad","Tadpole","Velocity"
"473",Jul 1995,1995,7,"slice2","J01-060","critical","days_per_month",0,"Toad","Tadpole","Velocity"
"474",Jul 1995,1995,7,"slice3","J01-060","critical","days_per_month",31,"Toad","Tadpole","Velocity"
"475",Jul 1996,1996,7,"slice1","J01-060","critical","days_per_month",31,"Toad","Tadpole","Velocity"
"476",Jul 1996,1996,7,"slice2","J01-060","critical","days_per_month",0,"Toad","Tadpole","Velocity"
"477",Jul 1996,1996,7,"slice3","J01-060","critical","days_per_month",31,"Toad","Tadpole","Velocity"
"478",Jul 1997,1997,7,"slice1","J01-060","critical","days_per_month",31,"Toad","Tadpole","Velocity"
"479",Jul 1997,1997,7,"slice2","J01-060","critical","days_per_month",0,"Toad","Tadpole","Velocity"
"480",Jul 1997,1997,7,"slice3","J01-060","critical","days_per_month",31,"Toad","Tadpole","Velocity"
"481",Jul 1998,1998,7,"slice1","J01-060","critical","days_per_month",31,"Toad","Tadpole","Velocity"
"482",Jul 1998,1998,7,"slice2","J01-060","critical","days_per_month",0,"Toad","Tadpole","Velocity"
"483",Jul 1998,1998,7,"slice3","J01-060","critical","days_per_month",31,"Toad","Tadpole","Velocity"
"484",Jul 1999,1999,7,"slice1","J01-060","critical","days_per_month",31,"Toad","Tadpole","Velocity"
"485",Jul 1999,1999,7,"slice2","J01-060","critical","days_per_month",0,"Toad","Tadpole","Velocity"
"486",Jul 1999,1999,7,"slice3","J01-060","critical","days_per_month",31,"Toad","Tadpole","Velocity"
"487",Jul 2000,2000,7,"slice1","J01-060","critical","days_per_month",31,"Toad","Tadpole","Velocity"
"488",Jul 2000,2000,7,"slice2","J01-060","critical","days_per_month",0,"Toad","Tadpole","Velocity"
"489",Jul 2000,2000,7,"slice3","J01-060","critical","days_per_month",31,"Toad","Tadpole","Velocity"
"490",Jul 2001,2001,7,"slice1","J01-060","critical","days_per_month",31,"Toad","Tadpole","Velocity"
"491",Jul 2001,2001,7,"slice2","J01-060","critical","days_per_month",0,"Toad","Tadpole","Velocity"
"492",Jul 2001,2001,7,"slice3","J01-060","critical","days_per_month",31,"Toad","Tadpole","Velocity"
"493",Jul 2002,2002,7,"slice1","J01-060","critical","days_per_month",31,"Toad","Tadpole","Velocity"
"494",Jul 2002,2002,7,"slice2","J01-060","critical","days_per_month",3,"Toad","Tadpole","Velocity"
"495",Jul 2002,2002,7,"slice3","J01-060","critical","days_per_month",31,"Toad","Tadpole","Velocity"
"496",Jul 2003,2003,7,"slice1","J01-060","critical","days_per_month",31,"Toad","Tadpole","Velocity"
"497",Jul 2003,2003,7,"slice2","J01-060","critical","days_per_month",0,"Toad","Tadpole","Velocity"
"498",Jul 2003,2003,7,"slice3","J01-060","critical","days_per_month",31,"Toad","Tadpole","Velocity"
"499",Jul 2004,2004,7,"slice1","J01-060","critical","days_per_month",31,"Toad","Tadpole","Velocity"
"500",Jul 2004,2004,7,"slice2","J01-060","critical","days_per_month",0,"Toad","Tadpole","Velocity"
"501",Jul 2004,2004,7,"slice3","J01-060","critical","days_per_month",31,"Toad","Tadpole","Velocity"
"502",Jul 2005,2005,7,"slice1","J01-060","critical","days_per_month",31,"Toad","Tadpole","Velocity"
"503",Jul 2005,2005,7,"slice2","J01-060","critical","days_per_month",0,"Toad","Tadpole","Velocity"
"504",Jul 2005,2005,7,"slice3","J01-060","critical","days_per_month",31,"Toad","Tadpole","Velocity"
"505",Jul 2006,2006,7,"slice1","J01-060","critical","days_per_month",31,"Toad","Tadpole","Velocity"
"506",Jul 2006,2006,7,"slice2","J01-060","critical","days_per_month",1,"Toad","Tadpole","Velocity"
"507",Jul 2006,2006,7,"slice3","J01-060","critical","days_per_month",31,"Toad","Tadpole","Velocity"
"508",Jul 2007,2007,7,"slice1","J01-060","critical","days_per_month",31,"Toad","Tadpole","Velocity"
"509",Jul 2007,2007,7,"slice2","J01-060","critical","days_per_month",0,"Toad","Tadpole","Velocity"
"510",Jul 2007,2007,7,"slice3","J01-060","critical","days_per_month",31,"Toad","Tadpole","Velocity"
"511",Jul 2008,2008,7,"slice1","J01-060","critical","days_per_month",31,"Toad","Tadpole","Velocity"
"512",Jul 2008,2008,7,"slice2","J01-060","critical","days_per_month",0,"Toad","Tadpole","Velocity"
"513",Jul 2008,2008,7,"slice3","J01-060","critical","days_per_month",31,"Toad","Tadpole","Velocity"
"514",Jul 2009,2009,7,"slice1","J01-060","critical","days_per_month",31,"Toad","Tadpole","Velocity"
"515",Jul 2009,2009,7,"slice2","J01-060","critical","days_per_month",4,"Toad","Tadpole","Velocity"
"516",Jul 2009,2009,7,"slice3","J01-060","critical","days_per_month",31,"Toad","Tadpole","Velocity"
"517",Jul 2010,2010,7,"slice1","J01-060","critical","days_per_month",31,"Toad","Tadpole","Velocity"
"518",Jul 2010,2010,7,"slice2","J01-060","critical","days_per_month",0,"Toad","Tadpole","Velocity"
"519",Jul 2010,2010,7,"slice3","J01-060","critical","days_per_month",31,"Toad","Tadpole","Velocity"
"520",Jul 2011,2011,7,"slice1","J01-060","critical","days_per_month",30,"Toad","Tadpole","Velocity"
"521",Jul 2011,2011,7,"slice2","J01-060","critical","days_per_month",5,"Toad","Tadpole","Velocity"
"522",Jul 2011,2011,7,"slice3","J01-060","critical","days_per_month",30,"Toad","Tadpole","Velocity"
"523",Jul 2012,2012,7,"slice1","J01-060","critical","days_per_month",31,"Toad","Tadpole","Velocity"
"524",Jul 2012,2012,7,"slice2","J01-060","critical","days_per_month",6,"Toad","Tadpole","Velocity"
"525",Jul 2012,2012,7,"slice3","J01-060","critical","days_per_month",31,"Toad","Tadpole","Velocity"
"526",Jul 2013,2013,7,"slice1","J01-060","critical","days_per_month",31,"Toad","Tadpole","Velocity"
"527",Jul 2013,2013,7,"slice2","J01-060","critical","days_per_month",3,"Toad","Tadpole","Velocity"
"528",Jul 2013,2013,7,"slice3","J01-060","critical","days_per_month",31,"Toad","Tadpole","Velocity"
"529",Jul 2014,2014,7,"slice1","J01-060","critical","days_per_month",29,"Toad","Tadpole","Velocity"
"530",Jul 2014,2014,7,"slice2","J01-060","critical","days_per_month",9,"Toad","Tadpole","Velocity"
"531",Jul 2014,2014,7,"slice3","J01-060","critical","days_per_month",29,"Toad","Tadpole","Velocity"
"532",Jul 2015,2015,7,"slice1","J01-060","critical","days_per_month",31,"Toad","Tadpole","Velocity"
"533",Jul 2015,2015,7,"slice2","J01-060","critical","days_per_month",0,"Toad","Tadpole","Velocity"
"534",Jul 2015,2015,7,"slice3","J01-060","critical","days_per_month",31,"Toad","Tadpole","Velocity"
"535",Jul 2016,2016,7,"slice1","J01-060","critical","days_per_month",31,"Toad","Tadpole","Velocity"
"536",Jul 2016,2016,7,"slice2","J01-060","critical","days_per_month",4,"Toad","Tadpole","Velocity"
"537",Jul 2016,2016,7,"slice3","J01-060","critical","days_per_month",31,"Toad","Tadpole","Velocity"
"538",Jul 2017,2017,7,"slice1","J01-060","critical","days_per_month",31,"Toad","Tadpole","Velocity"
"539",Jul 2017,2017,7,"slice2","J01-060","critical","days_per_month",0,"Toad","Tadpole","Velocity"
"540",Jul 2017,2017,7,"slice3","J01-060","critical","days_per_month",31,"Toad","Tadpole","Velocity"
"541",Aug 1993,1993,8,"slice1","J01-060","critical","days_per_month",31,"Toad","Tadpole","Velocity"
"542",Aug 1993,1993,8,"slice2","J01-060","critical","days_per_month",0,"Toad","Tadpole","Velocity"
"543",Aug 1993,1993,8,"slice3","J01-060","critical","days_per_month",31,"Toad","Tadpole","Velocity"
"544",Aug 1994,1994,8,"slice1","J01-060","critical","days_per_month",31,"Toad","Tadpole","Velocity"
"545",Aug 1994,1994,8,"slice2","J01-060","critical","days_per_month",0,"Toad","Tadpole","Velocity"
"546",Aug 1994,1994,8,"slice3","J01-060","critical","days_per_month",31,"Toad","Tadpole","Velocity"
"547",Aug 1995,1995,8,"slice1","J01-060","critical","days_per_month",31,"Toad","Tadpole","Velocity"
"548",Aug 1995,1995,8,"slice2","J01-060","critical","days_per_month",0,"Toad","Tadpole","Velocity"
"549",Aug 1995,1995,8,"slice3","J01-060","critical","days_per_month",31,"Toad","Tadpole","Velocity"
"550",Aug 1996,1996,8,"slice1","J01-060","critical","days_per_month",31,"Toad","Tadpole","Velocity"
"551",Aug 1996,1996,8,"slice2","J01-060","critical","days_per_month",0,"Toad","Tadpole","Velocity"
"552",Aug 1996,1996,8,"slice3","J01-060","critical","days_per_month",31,"Toad","Tadpole","Velocity"
"553",Aug 1997,1997,8,"slice1","J01-060","critical","days_per_month",31,"Toad","Tadpole","Velocity"
"554",Aug 1997,1997,8,"slice2","J01-060","critical","days_per_month",0,"Toad","Tadpole","Velocity"
"555",Aug 1997,1997,8,"slice3","J01-060","critical","days_per_month",31,"Toad","Tadpole","Velocity"
"556",Aug 1998,1998,8,"slice1","J01-060","critical","days_per_month",31,"Toad","Tadpole","Velocity"
"557",Aug 1998,1998,8,"slice2","J01-060","critical","days_per_month",0,"Toad","Tadpole","Velocity"
"558",Aug 1998,1998,8,"slice3","J01-060","critical","days_per_month",31,"Toad","Tadpole","Velocity"
"559",Aug 1999,1999,8,"slice1","J01-060","critical","days_per_month",31,"Toad","Tadpole","Velocity"
"560",Aug 1999,1999,8,"slice2","J01-060","critical","days_per_month",0,"Toad","Tadpole","Velocity"
"561",Aug 1999,1999,8,"slice3","J01-060","critical","days_per_month",31,"Toad","Tadpole","Velocity"
"562",Aug 2000,2000,8,"slice1","J01-060","critical","days_per_month",31,"Toad","Tadpole","Velocity"
"563",Aug 2000,2000,8,"slice2","J01-060","critical","days_per_month",0,"Toad","Tadpole","Velocity"
"564",Aug 2000,2000,8,"slice3","J01-060","critical","days_per_month",31,"Toad","Tadpole","Velocity"
"565",Aug 2001,2001,8,"slice1","J01-060","critical","days_per_month",31,"Toad","Tadpole","Velocity"
"566",Aug 2001,2001,8,"slice2","J01-060","critical","days_per_month",4,"Toad","Tadpole","Velocity"
"567",Aug 2001,2001,8,"slice3","J01-060","critical","days_per_month",31,"Toad","Tadpole","Velocity"
"568",Aug 2002,2002,8,"slice1","J01-060","critical","days_per_month",31,"Toad","Tadpole","Velocity"
"569",Aug 2002,2002,8,"slice2","J01-060","critical","days_per_month",1,"Toad","Tadpole","Velocity"
"570",Aug 2002,2002,8,"slice3","J01-060","critical","days_per_month",31,"Toad","Tadpole","Velocity"
"571",Aug 2003,2003,8,"slice1","J01-060","critical","days_per_month",31,"Toad","Tadpole","Velocity"
"572",Aug 2003,2003,8,"slice2","J01-060","critical","days_per_month",0,"Toad","Tadpole","Velocity"
"573",Aug 2003,2003,8,"slice3","J01-060","critical","days_per_month",31,"Toad","Tadpole","Velocity"
"574",Aug 2004,2004,8,"slice1","J01-060","critical","days_per_month",31,"Toad","Tadpole","Velocity"
"575",Aug 2004,2004,8,"slice2","J01-060","critical","days_per_month",0,"Toad","Tadpole","Velocity"
"576",Aug 2004,2004,8,"slice3","J01-060","critical","days_per_month",31,"Toad","Tadpole","Velocity"
"577",Aug 2005,2005,8,"slice1","J01-060","critical","days_per_month",31,"Toad","Tadpole","Velocity"
"578",Aug 2005,2005,8,"slice2","J01-060","critical","days_per_month",0,"Toad","Tadpole","Velocity"
"579",Aug 2005,2005,8,"slice3","J01-060","critical","days_per_month",31,"Toad","Tadpole","Velocity"
"580",Aug 2006,2006,8,"slice1","J01-060","critical","days_per_month",31,"Toad","Tadpole","Velocity"
"581",Aug 2006,2006,8,"slice2","J01-060","critical","days_per_month",2,"Toad","Tadpole","Velocity"
"582",Aug 2006,2006,8,"slice3","J01-060","critical","days_per_month",31,"Toad","Tadpole","Velocity"
"583",Aug 2007,2007,8,"slice1","J01-060","critical","days_per_month",31,"Toad","Tadpole","Velocity"
"584",Aug 2007,2007,8,"slice2","J01-060","critical","days_per_month",0,"Toad","Tadpole","Velocity"
"585",Aug 2007,2007,8,"slice3","J01-060","critical","days_per_month",31,"Toad","Tadpole","Velocity"
"586",Aug 2008,2008,8,"slice1","J01-060","critical","days_per_month",31,"Toad","Tadpole","Velocity"
"587",Aug 2008,2008,8,"slice2","J01-060","critical","days_per_month",0,"Toad","Tadpole","Velocity"
"588",Aug 2008,2008,8,"slice3","J01-060","critical","days_per_month",31,"Toad","Tadpole","Velocity"
"589",Aug 2009,2009,8,"slice1","J01-060","critical","days_per_month",31,"Toad","Tadpole","Velocity"
"590",Aug 2009,2009,8,"slice2","J01-060","critical","days_per_month",0,"Toad","Tadpole","Velocity"
"591",Aug 2009,2009,8,"slice3","J01-060","critical","days_per_month",31,"Toad","Tadpole","Velocity"
"592",Aug 2010,2010,8,"slice1","J01-060","critical","days_per_month",31,"Toad","Tadpole","Velocity"
"593",Aug 2010,2010,8,"slice2","J01-060","critical","days_per_month",0,"Toad","Tadpole","Velocity"
"594",Aug 2010,2010,8,"slice3","J01-060","critical","days_per_month",31,"Toad","Tadpole","Velocity"
"595",Aug 2011,2011,8,"slice1","J01-060","critical","days_per_month",31,"Toad","Tadpole","Velocity"
"596",Aug 2011,2011,8,"slice2","J01-060","critical","days_per_month",1,"Toad","Tadpole","Velocity"
"597",Aug 2011,2011,8,"slice3","J01-060","critical","days_per_month",31,"Toad","Tadpole","Velocity"
"598",Aug 2012,2012,8,"slice1","J01-060","critical","days_per_month",31,"Toad","Tadpole","Velocity"
"599",Aug 2012,2012,8,"slice2","J01-060","critical","days_per_month",0,"Toad","Tadpole","Velocity"
"600",Aug 2012,2012,8,"slice3","J01-060","critical","days_per_month",31,"Toad","Tadpole","Velocity"
"601",Aug 2013,2013,8,"slice1","J01-060","critical","days_per_month",30,"Toad","Tadpole","Velocity"
"602",Aug 2013,2013,8,"slice2","J01-060","critical","days_per_month",1,"Toad","Tadpole","Velocity"
"603",Aug 2013,2013,8,"slice3","J01-060","critical","days_per_month",30,"Toad","Tadpole","Velocity"
"604",Aug 2014,2014,8,"slice1","J01-060","critical","days_per_month",31,"Toad","Tadpole","Velocity"
"605",Aug 2014,2014,8,"slice2","J01-060","critical","days_per_month",1,"Toad","Tadpole","Velocity"
"606",Aug 2014,2014,8,"slice3","J01-060","critical","days_per_month",31,"Toad","Tadpole","Velocity"
"607",Aug 2015,2015,8,"slice1","J01-060","critical","days_per_month",31,"Toad","Tadpole","Velocity"
"608",Aug 2015,2015,8,"slice2","J01-060","critical","days_per_month",2,"Toad","Tadpole","Velocity"
"609",Aug 2015,2015,8,"slice3","J01-060","critical","days_per_month",31,"Toad","Tadpole","Velocity"
"610",Aug 2016,2016,8,"slice1","J01-060","critical","days_per_month",31,"Toad","Tadpole","Velocity"
"611",Aug 2016,2016,8,"slice2","J01-060","critical","days_per_month",0,"Toad","Tadpole","Velocity"
"612",Aug 2016,2016,8,"slice3","J01-060","critical","days_per_month",31,"Toad","Tadpole","Velocity"
"613",Aug 2017,2017,8,"slice1","J01-060","critical","days_per_month",31,"Toad","Tadpole","Velocity"
"614",Aug 2017,2017,8,"slice2","J01-060","critical","days_per_month",0,"Toad","Tadpole","Velocity"
"615",Aug 2017,2017,8,"slice3","J01-060","critical","days_per_month",31,"Toad","Tadpole","Velocity"
"616",Sep 1993,1993,9,"slice1","J01-060","critical","days_per_month",30,"Toad","Tadpole","Velocity"
"617",Sep 1993,1993,9,"slice2","J01-060","critical","days_per_month",0,"Toad","Tadpole","Velocity"
"618",Sep 1993,1993,9,"slice3","J01-060","critical","days_per_month",30,"Toad","Tadpole","Velocity"
"619",Sep 1994,1994,9,"slice1","J01-060","critical","days_per_month",30,"Toad","Tadpole","Velocity"
"620",Sep 1994,1994,9,"slice2","J01-060","critical","days_per_month",0,"Toad","Tadpole","Velocity"
"621",Sep 1994,1994,9,"slice3","J01-060","critical","days_per_month",30,"Toad","Tadpole","Velocity"
"622",Sep 1995,1995,9,"slice1","J01-060","critical","days_per_month",30,"Toad","Tadpole","Velocity"
"623",Sep 1995,1995,9,"slice2","J01-060","critical","days_per_month",0,"Toad","Tadpole","Velocity"
"624",Sep 1995,1995,9,"slice3","J01-060","critical","days_per_month",30,"Toad","Tadpole","Velocity"
"625",Sep 1996,1996,9,"slice1","J01-060","critical","days_per_month",30,"Toad","Tadpole","Velocity"
"626",Sep 1996,1996,9,"slice2","J01-060","critical","days_per_month",0,"Toad","Tadpole","Velocity"
"627",Sep 1996,1996,9,"slice3","J01-060","critical","days_per_month",30,"Toad","Tadpole","Velocity"
"628",Sep 1997,1997,9,"slice1","J01-060","critical","days_per_month",28,"Toad","Tadpole","Velocity"
"629",Sep 1997,1997,9,"slice2","J01-060","critical","days_per_month",0,"Toad","Tadpole","Velocity"
"630",Sep 1997,1997,9,"slice3","J01-060","critical","days_per_month",28,"Toad","Tadpole","Velocity"
"631",Sep 1998,1998,9,"slice1","J01-060","critical","days_per_month",30,"Toad","Tadpole","Velocity"
"632",Sep 1998,1998,9,"slice2","J01-060","critical","days_per_month",0,"Toad","Tadpole","Velocity"
"633",Sep 1998,1998,9,"slice3","J01-060","critical","days_per_month",30,"Toad","Tadpole","Velocity"
"634",Sep 1999,1999,9,"slice1","J01-060","critical","days_per_month",30,"Toad","Tadpole","Velocity"
"635",Sep 1999,1999,9,"slice2","J01-060","critical","days_per_month",0,"Toad","Tadpole","Velocity"
"636",Sep 1999,1999,9,"slice3","J01-060","critical","days_per_month",30,"Toad","Tadpole","Velocity"
"637",Sep 2000,2000,9,"slice1","J01-060","critical","days_per_month",30,"Toad","Tadpole","Velocity"
"638",Sep 2000,2000,9,"slice2","J01-060","critical","days_per_month",0,"Toad","Tadpole","Velocity"
"639",Sep 2000,2000,9,"slice3","J01-060","critical","days_per_month",30,"Toad","Tadpole","Velocity"
"640",Sep 2001,2001,9,"slice1","J01-060","critical","days_per_month",30,"Toad","Tadpole","Velocity"
"641",Sep 2001,2001,9,"slice2","J01-060","critical","days_per_month",5,"Toad","Tadpole","Velocity"
"642",Sep 2001,2001,9,"slice3","J01-060","critical","days_per_month",30,"Toad","Tadpole","Velocity"
"643",Sep 2002,2002,9,"slice1","J01-060","critical","days_per_month",30,"Toad","Tadpole","Velocity"
"644",Sep 2002,2002,9,"slice2","J01-060","critical","days_per_month",0,"Toad","Tadpole","Velocity"
"645",Sep 2002,2002,9,"slice3","J01-060","critical","days_per_month",30,"Toad","Tadpole","Velocity"
"646",Sep 2003,2003,9,"slice1","J01-060","critical","days_per_month",30,"Toad","Tadpole","Velocity"
"647",Sep 2003,2003,9,"slice2","J01-060","critical","days_per_month",0,"Toad","Tadpole","Velocity"
"648",Sep 2003,2003,9,"slice3","J01-060","critical","days_per_month",30,"Toad","Tadpole","Velocity"
"649",Sep 2004,2004,9,"slice1","J01-060","critical","days_per_month",30,"Toad","Tadpole","Velocity"
"650",Sep 2004,2004,9,"slice2","J01-060","critical","days_per_month",0,"Toad","Tadpole","Velocity"
"651",Sep 2004,2004,9,"slice3","J01-060","critical","days_per_month",30,"Toad","Tadpole","Velocity"
"652",Sep 2005,2005,9,"slice1","J01-060","critical","days_per_month",30,"Toad","Tadpole","Velocity"
"653",Sep 2005,2005,9,"slice2","J01-060","critical","days_per_month",0,"Toad","Tadpole","Velocity"
"654",Sep 2005,2005,9,"slice3","J01-060","critical","days_per_month",30,"Toad","Tadpole","Velocity"
"655",Sep 2006,2006,9,"slice1","J01-060","critical","days_per_month",30,"Toad","Tadpole","Velocity"
"656",Sep 2006,2006,9,"slice2","J01-060","critical","days_per_month",5,"Toad","Tadpole","Velocity"
"657",Sep 2006,2006,9,"slice3","J01-060","critical","days_per_month",30,"Toad","Tadpole","Velocity"
"658",Sep 2007,2007,9,"slice1","J01-060","critical","days_per_month",30,"Toad","Tadpole","Velocity"
"659",Sep 2007,2007,9,"slice2","J01-060","critical","days_per_month",3,"Toad","Tadpole","Velocity"
"660",Sep 2007,2007,9,"slice3","J01-060","critical","days_per_month",30,"Toad","Tadpole","Velocity"
"661",Sep 2008,2008,9,"slice1","J01-060","critical","days_per_month",30,"Toad","Tadpole","Velocity"
"662",Sep 2008,2008,9,"slice2","J01-060","critical","days_per_month",0,"Toad","Tadpole","Velocity"
"663",Sep 2008,2008,9,"slice3","J01-060","critical","days_per_month",30,"Toad","Tadpole","Velocity"
"664",Sep 2009,2009,9,"slice1","J01-060","critical","days_per_month",30,"Toad","Tadpole","Velocity"
"665",Sep 2009,2009,9,"slice2","J01-060","critical","days_per_month",3,"Toad","Tadpole","Velocity"
"666",Sep 2009,2009,9,"slice3","J01-060","critical","days_per_month",30,"Toad","Tadpole","Velocity"
"667",Sep 2010,2010,9,"slice1","J01-060","critical","days_per_month",30,"Toad","Tadpole","Velocity"
"668",Sep 2010,2010,9,"slice2","J01-060","critical","days_per_month",2,"Toad","Tadpole","Velocity"
"669",Sep 2010,2010,9,"slice3","J01-060","critical","days_per_month",30,"Toad","Tadpole","Velocity"
"670",Sep 2011,2011,9,"slice1","J01-060","critical","days_per_month",30,"Toad","Tadpole","Velocity"
"671",Sep 2011,2011,9,"slice2","J01-060","critical","days_per_month",3,"Toad","Tadpole","Velocity"
"672",Sep 2011,2011,9,"slice3","J01-060","critical","days_per_month",30,"Toad","Tadpole","Velocity"
"673",Sep 2012,2012,9,"slice1","J01-060","critical","days_per_month",30,"Toad","Tadpole","Velocity"
"674",Sep 2012,2012,9,"slice2","J01-060","critical","days_per_month",3,"Toad","Tadpole","Velocity"
"675",Sep 2012,2012,9,"slice3","J01-060","critical","days_per_month",30,"Toad","Tadpole","Velocity"
"676",Sep 2013,2013,9,"slice1","J01-060","critical","days_per_month",30,"Toad","Tadpole","Velocity"
"677",Sep 2013,2013,9,"slice2","J01-060","critical","days_per_month",1,"Toad","Tadpole","Velocity"
"678",Sep 2013,2013,9,"slice3","J01-060","critical","days_per_month",30,"Toad","Tadpole","Velocity"
"679",Sep 2014,2014,9,"slice1","J01-060","critical","days_per_month",29,"Toad","Tadpole","Velocity"
"680",Sep 2014,2014,9,"slice2","J01-060","critical","days_per_month",6,"Toad","Tadpole","Velocity"
"681",Sep 2014,2014,9,"slice3","J01-060","critical","days_per_month",29,"Toad","Tadpole","Velocity"
"682",Sep 2015,2015,9,"slice1","J01-060","critical","days_per_month",30,"Toad","Tadpole","Velocity"
"683",Sep 2015,2015,9,"slice2","J01-060","critical","days_per_month",5,"Toad","Tadpole","Velocity"
"684",Sep 2015,2015,9,"slice3","J01-060","critical","days_per_month",30,"Toad","Tadpole","Velocity"
"685",Sep 2016,2016,9,"slice1","J01-060","critical","days_per_month",30,"Toad","Tadpole","Velocity"
"686",Sep 2016,2016,9,"slice2","J01-060","critical","days_per_month",4,"Toad","Tadpole","Velocity"
"687",Sep 2016,2016,9,"slice3","J01-060","critical","days_per_month",30,"Toad","Tadpole","Velocity"
"688",Sep 2017,2017,9,"slice1","J01-060","critical","days_per_month",30,"Toad","Tadpole","Velocity"
"689",Sep 2017,2017,9,"slice2","J01-060","critical","days_per_month",1,"Toad","Tadpole","Velocity"
"690",Sep 2017,2017,9,"slice3","J01-060","critical","days_per_month",30,"Toad","Tadpole","Velocity"
"691",Oct 1993,1993,10,"slice1","J01-060","non_critical","days_per_month",31,"Toad","Tadpole","Velocity"
"692",Oct 1993,1993,10,"slice2","J01-060","non_critical","days_per_month",0,"Toad","Tadpole","Velocity"
"693",Oct 1993,1993,10,"slice3","J01-060","non_critical","days_per_month",31,"Toad","Tadpole","Velocity"
"694",Oct 1994,1994,10,"slice1","J01-060","non_critical","days_per_month",30,"Toad","Tadpole","Velocity"
"695",Oct 1994,1994,10,"slice2","J01-060","non_critical","days_per_month",0,"Toad","Tadpole","Velocity"
"696",Oct 1994,1994,10,"slice3","J01-060","non_critical","days_per_month",30,"Toad","Tadpole","Velocity"
"697",Oct 1995,1995,10,"slice1","J01-060","non_critical","days_per_month",31,"Toad","Tadpole","Velocity"
"698",Oct 1995,1995,10,"slice2","J01-060","non_critical","days_per_month",0,"Toad","Tadpole","Velocity"
"699",Oct 1995,1995,10,"slice3","J01-060","non_critical","days_per_month",31,"Toad","Tadpole","Velocity"
"700",Oct 1996,1996,10,"slice1","J01-060","non_critical","days_per_month",30,"Toad","Tadpole","Velocity"
"701",Oct 1996,1996,10,"slice2","J01-060","non_critical","days_per_month",0,"Toad","Tadpole","Velocity"
"702",Oct 1996,1996,10,"slice3","J01-060","non_critical","days_per_month",30,"Toad","Tadpole","Velocity"
"703",Oct 1997,1997,10,"slice1","J01-060","non_critical","days_per_month",30,"Toad","Tadpole","Velocity"
"704",Oct 1997,1997,10,"slice2","J01-060","non_critical","days_per_month",0,"Toad","Tadpole","Velocity"
"705",Oct 1997,1997,10,"slice3","J01-060","non_critical","days_per_month",30,"Toad","Tadpole","Velocity"
"706",Oct 1998,1998,10,"slice1","J01-060","non_critical","days_per_month",31,"Toad","Tadpole","Velocity"
"707",Oct 1998,1998,10,"slice2","J01-060","non_critical","days_per_month",0,"Toad","Tadpole","Velocity"
"708",Oct 1998,1998,10,"slice3","J01-060","non_critical","days_per_month",31,"Toad","Tadpole","Velocity"
"709",Oct 1999,1999,10,"slice1","J01-060","non_critical","days_per_month",31,"Toad","Tadpole","Velocity"
"710",Oct 1999,1999,10,"slice2","J01-060","non_critical","days_per_month",0,"Toad","Tadpole","Velocity"
"711",Oct 1999,1999,10,"slice3","J01-060","non_critical","days_per_month",31,"Toad","Tadpole","Velocity"
"712",Oct 2000,2000,10,"slice1","J01-060","non_critical","days_per_month",28,"Toad","Tadpole","Velocity"
"713",Oct 2000,2000,10,"slice2","J01-060","non_critical","days_per_month",0,"Toad","Tadpole","Velocity"
"714",Oct 2000,2000,10,"slice3","J01-060","non_critical","days_per_month",28,"Toad","Tadpole","Velocity"
"715",Oct 2001,2001,10,"slice1","J01-060","non_critical","days_per_month",31,"Toad","Tadpole","Velocity"
"716",Oct 2001,2001,10,"slice2","J01-060","non_critical","days_per_month",0,"Toad","Tadpole","Velocity"
"717",Oct 2001,2001,10,"slice3","J01-060","non_critical","days_per_month",31,"Toad","Tadpole","Velocity"
"718",Oct 2002,2002,10,"slice1","J01-060","non_critical","days_per_month",31,"Toad","Tadpole","Velocity"
"719",Oct 2002,2002,10,"slice2","J01-060","non_critical","days_per_month",6,"Toad","Tadpole","Velocity"
"720",Oct 2002,2002,10,"slice3","J01-060","non_critical","days_per_month",31,"Toad","Tadpole","Velocity"
"721",Oct 2003,2003,10,"slice1","J01-060","non_critical","days_per_month",31,"Toad","Tadpole","Velocity"
"722",Oct 2003,2003,10,"slice2","J01-060","non_critical","days_per_month",3,"Toad","Tadpole","Velocity"
"723",Oct 2003,2003,10,"slice3","J01-060","non_critical","days_per_month",31,"Toad","Tadpole","Velocity"
"724",Oct 2004,2004,10,"slice1","J01-060","non_critical","days_per_month",24,"Toad","Tadpole","Velocity"
"725",Oct 2004,2004,10,"slice2","J01-060","non_critical","days_per_month",2,"Toad","Tadpole","Velocity"
"726",Oct 2004,2004,10,"slice3","J01-060","non_critical","days_per_month",24,"Toad","Tadpole","Velocity"
"727",Oct 2005,2005,10,"slice1","J01-060","non_critical","days_per_month",28,"Toad","Tadpole","Velocity"
"728",Oct 2005,2005,10,"slice2","J01-060","non_critical","days_per_month",0,"Toad","Tadpole","Velocity"
"729",Oct 2005,2005,10,"slice3","J01-060","non_critical","days_per_month",28,"Toad","Tadpole","Velocity"
"730",Oct 2006,2006,10,"slice1","J01-060","non_critical","days_per_month",31,"Toad","Tadpole","Velocity"
"731",Oct 2006,2006,10,"slice2","J01-060","non_critical","days_per_month",0,"Toad","Tadpole","Velocity"
"732",Oct 2006,2006,10,"slice3","J01-060","non_critical","days_per_month",31,"Toad","Tadpole","Velocity"
"733",Oct 2007,2007,10,"slice1","J01-060","non_critical","days_per_month",31,"Toad","Tadpole","Velocity"
"734",Oct 2007,2007,10,"slice2","J01-060","non_critical","days_per_month",3,"Toad","Tadpole","Velocity"
"735",Oct 2007,2007,10,"slice3","J01-060","non_critical","days_per_month",31,"Toad","Tadpole","Velocity"
"736",Oct 2008,2008,10,"slice1","J01-060","non_critical","days_per_month",31,"Toad","Tadpole","Velocity"
"737",Oct 2008,2008,10,"slice2","J01-060","non_critical","days_per_month",6,"Toad","Tadpole","Velocity"
"738",Oct 2008,2008,10,"slice3","J01-060","non_critical","days_per_month",31,"Toad","Tadpole","Velocity"
"739",Oct 2009,2009,10,"slice1","J01-060","non_critical","days_per_month",30,"Toad","Tadpole","Velocity"
"740",Oct 2009,2009,10,"slice2","J01-060","non_critical","days_per_month",5,"Toad","Tadpole","Velocity"
"741",Oct 2009,2009,10,"slice3","J01-060","non_critical","days_per_month",30,"Toad","Tadpole","Velocity"
"742",Oct 2010,2010,10,"slice1","J01-060","non_critical","days_per_month",28,"Toad","Tadpole","Velocity"
"743",Oct 2010,2010,10,"slice2","J01-060","non_critical","days_per_month",5,"Toad","Tadpole","Velocity"
"744",Oct 2010,2010,10,"slice3","J01-060","non_critical","days_per_month",28,"Toad","Tadpole","Velocity"
"745",Oct 2011,2011,10,"slice1","J01-060","non_critical","days_per_month",30,"Toad","Tadpole","Velocity"
"746",Oct 2011,2011,10,"slice2","J01-060","non_critical","days_per_month",0,"Toad","Tadpole","Velocity"
"747",Oct 2011,2011,10,"slice3","J01-060","non_critical","days_per_month",30,"Toad","Tadpole","Velocity"
"748",Oct 2012,2012,10,"slice1","J01-060","non_critical","days_per_month",31,"Toad","Tadpole","Velocity"
"749",Oct 2012,2012,10,"slice2","J01-060","non_critical","days_per_month",3,"Toad","Tadpole","Velocity"
"750",Oct 2012,2012,10,"slice3","J01-060","non_critical","days_per_month",31,"Toad","Tadpole","Velocity"
"751",Oct 2013,2013,10,"slice1","J01-060","non_critical","days_per_month",29,"Toad","Tadpole","Velocity"
"752",Oct 2013,2013,10,"slice2","J01-060","non_critical","days_per_month",9,"Toad","Tadpole","Velocity"
"753",Oct 2013,2013,10,"slice3","J01-060","non_critical","days_per_month",29,"Toad","Tadpole","Velocity"
"754",Oct 2014,2014,10,"slice1","J01-060","non_critical","days_per_month",31,"Toad","Tadpole","Velocity"
"755",Oct 2014,2014,10,"slice2","J01-060","non_critical","days_per_month",0,"Toad","Tadpole","Velocity"
"756",Oct 2014,2014,10,"slice3","J01-060","non_critical","days_per_month",31,"Toad","Tadpole","Velocity"
"757",Oct 2015,2015,10,"slice1","J01-060","non_critical","days_per_month",30,"Toad","Tadpole","Velocity"
"758",Oct 2015,2015,10,"slice2","J01-060","non_critical","days_per_month",8,"Toad","Tadpole","Velocity"
"759",Oct 2015,2015,10,"slice3","J01-060","non_critical","days_per_month",30,"Toad","Tadpole","Velocity"
"760",Oct 2016,2016,10,"slice1","J01-060","non_critical","days_per_month",30,"Toad","Tadpole","Velocity"
"761",Oct 2016,2016,10,"slice2","J01-060","non_critical","days_per_month",10,"Toad","Tadpole","Velocity"
"762",Oct 2016,2016,10,"slice3","J01-060","non_critical","days_per_month",30,"Toad","Tadpole","Velocity"
"763",Oct 2017,2017,10,"slice1","J01-060","non_critical","days_per_month",31,"Toad","Tadpole","Velocity"
"764",Oct 2017,2017,10,"slice2","J01-060","non_critical","days_per_month",3,"Toad","Tadpole","Velocity"
"765",Oct 2017,2017,10,"slice3","J01-060","non_critical","days_per_month",31,"Toad","Tadpole","Velocity"
"766",Oct 2018,2018,10,"slice1","J01-060","non_critical","days_per_month",29,"Toad","Tadpole","Velocity"
"767",Oct 2018,2018,10,"slice2","J01-060","non_critical","days_per_month",7,"Toad","Tadpole","Velocity"
"768",Oct 2018,2018,10,"slice3","J01-060","non_critical","days_per_month",29,"Toad","Tadpole","Velocity"
"769",Nov 1993,1993,11,"slice1","J01-060","non_critical","days_per_month",27,"Toad","Tadpole","Velocity"
"770",Nov 1993,1993,11,"slice2","J01-060","non_critical","days_per_month",0,"Toad","Tadpole","Velocity"
"771",Nov 1993,1993,11,"slice3","J01-060","non_critical","days_per_month",27,"Toad","Tadpole","Velocity"
"772",Nov 1994,1994,11,"slice1","J01-060","non_critical","days_per_month",30,"Toad","Tadpole","Velocity"
"773",Nov 1994,1994,11,"slice2","J01-060","non_critical","days_per_month",0,"Toad","Tadpole","Velocity"
"774",Nov 1994,1994,11,"slice3","J01-060","non_critical","days_per_month",30,"Toad","Tadpole","Velocity"
"775",Nov 1995,1995,11,"slice1","J01-060","non_critical","days_per_month",30,"Toad","Tadpole","Velocity"
"776",Nov 1995,1995,11,"slice2","J01-060","non_critical","days_per_month",0,"Toad","Tadpole","Velocity"
"777",Nov 1995,1995,11,"slice3","J01-060","non_critical","days_per_month",30,"Toad","Tadpole","Velocity"
"778",Nov 1996,1996,11,"slice1","J01-060","non_critical","days_per_month",28,"Toad","Tadpole","Velocity"
"779",Nov 1996,1996,11,"slice2","J01-060","non_critical","days_per_month",0,"Toad","Tadpole","Velocity"
"780",Nov 1996,1996,11,"slice3","J01-060","non_critical","days_per_month",28,"Toad","Tadpole","Velocity"
"781",Nov 1997,1997,11,"slice1","J01-060","non_critical","days_per_month",26,"Toad","Tadpole","Velocity"
"782",Nov 1997,1997,11,"slice2","J01-060","non_critical","days_per_month",0,"Toad","Tadpole","Velocity"
"783",Nov 1997,1997,11,"slice3","J01-060","non_critical","days_per_month",26,"Toad","Tadpole","Velocity"
"784",Nov 1998,1998,11,"slice1","J01-060","non_critical","days_per_month",28,"Toad","Tadpole","Velocity"
"785",Nov 1998,1998,11,"slice2","J01-060","non_critical","days_per_month",0,"Toad","Tadpole","Velocity"
"786",Nov 1998,1998,11,"slice3","J01-060","non_critical","days_per_month",28,"Toad","Tadpole","Velocity"
"787",Nov 1999,1999,11,"slice1","J01-060","non_critical","days_per_month",30,"Toad","Tadpole","Velocity"
"788",Nov 1999,1999,11,"slice2","J01-060","non_critical","days_per_month",0,"Toad","Tadpole","Velocity"
"789",Nov 1999,1999,11,"slice3","J01-060","non_critical","days_per_month",30,"Toad","Tadpole","Velocity"
"790",Nov 2000,2000,11,"slice1","J01-060","non_critical","days_per_month",30,"Toad","Tadpole","Velocity"
"791",Nov 2000,2000,11,"slice2","J01-060","non_critical","days_per_month",0,"Toad","Tadpole","Velocity"
"792",Nov 2000,2000,11,"slice3","J01-060","non_critical","days_per_month",30,"Toad","Tadpole","Velocity"
"793",Nov 2001,2001,11,"slice1","J01-060","non_critical","days_per_month",27,"Toad","Tadpole","Velocity"
"794",Nov 2001,2001,11,"slice2","J01-060","non_critical","days_per_month",0,"Toad","Tadpole","Velocity"
"795",Nov 2001,2001,11,"slice3","J01-060","non_critical","days_per_month",27,"Toad","Tadpole","Velocity"
"796",Nov 2002,2002,11,"slice1","J01-060","non_critical","days_per_month",26,"Toad","Tadpole","Velocity"
"797",Nov 2002,2002,11,"slice2","J01-060","non_critical","days_per_month",0,"Toad","Tadpole","Velocity"
"798",Nov 2002,2002,11,"slice3","J01-060","non_critical","days_per_month",26,"Toad","Tadpole","Velocity"
"799",Nov 2003,2003,11,"slice1","J01-060","non_critical","days_per_month",29,"Toad","Tadpole","Velocity"
"800",Nov 2003,2003,11,"slice2","J01-060","non_critical","days_per_month",0,"Toad","Tadpole","Velocity"
"801",Nov 2003,2003,11,"slice3","J01-060","non_critical","days_per_month",28,"Toad","Tadpole","Velocity"
"802",Nov 2004,2004,11,"slice1","J01-060","non_critical","days_per_month",29,"Toad","Tadpole","Velocity"
"803",Nov 2004,2004,11,"slice2","J01-060","non_critical","days_per_month",0,"Toad","Tadpole","Velocity"
"804",Nov 2004,2004,11,"slice3","J01-060","non_critical","days_per_month",29,"Toad","Tadpole","Velocity"
"805",Nov 2005,2005,11,"slice1","J01-060","non_critical","days_per_month",30,"Toad","Tadpole","Velocity"
"806",Nov 2005,2005,11,"slice2","J01-060","non_critical","days_per_month",0,"Toad","Tadpole","Velocity"
"807",Nov 2005,2005,11,"slice3","J01-060","non_critical","days_per_month",30,"Toad","Tadpole","Velocity"
"808",Nov 2006,2006,11,"slice1","J01-060","non_critical","days_per_month",30,"Toad","Tadpole","Velocity"
"809",Nov 2006,2006,11,"slice2","J01-060","non_critical","days_per_month",0,"Toad","Tadpole","Velocity"
"810",Nov 2006,2006,11,"slice3","J01-060","non_critical","days_per_month",30,"Toad","Tadpole","Velocity"
"811",Nov 2007,2007,11,"slice1","J01-060","non_critical","days_per_month",29,"Toad","Tadpole","Velocity"
"812",Nov 2007,2007,11,"slice2","J01-060","non_critical","days_per_month",0,"Toad","Tadpole","Velocity"
"813",Nov 2007,2007,11,"slice3","J01-060","non_critical","days_per_month",29,"Toad","Tadpole","Velocity"
"814",Nov 2008,2008,11,"slice1","J01-060","non_critical","days_per_month",28,"Toad","Tadpole","Velocity"
"815",Nov 2008,2008,11,"slice2","J01-060","non_critical","days_per_month",0,"Toad","Tadpole","Velocity"
"816",Nov 2008,2008,11,"slice3","J01-060","non_critical","days_per_month",28,"Toad","Tadpole","Velocity"
"817",Nov 2009,2009,11,"slice1","J01-060","non_critical","days_per_month",30,"Toad","Tadpole","Velocity"
"818",Nov 2009,2009,11,"slice2","J01-060","non_critical","days_per_month",0,"Toad","Tadpole","Velocity"
"819",Nov 2009,2009,11,"slice3","J01-060","non_critical","days_per_month",30,"Toad","Tadpole","Velocity"
"820",Nov 2010,2010,11,"slice1","J01-060","non_critical","days_per_month",28,"Toad","Tadpole","Velocity"
"821",Nov 2010,2010,11,"slice2","J01-060","non_critical","days_per_month",0,"Toad","Tadpole","Velocity"
"822",Nov 2010,2010,11,"slice3","J01-060","non_critical","days_per_month",28,"Toad","Tadpole","Velocity"
"823",Nov 2011,2011,11,"slice1","J01-060","non_critical","days_per_month",28,"Toad","Tadpole","Velocity"
"824",Nov 2011,2011,11,"slice2","J01-060","non_critical","days_per_month",0,"Toad","Tadpole","Velocity"
"825",Nov 2011,2011,11,"slice3","J01-060","non_critical","days_per_month",28,"Toad","Tadpole","Velocity"
"826",Nov 2012,2012,11,"slice1","J01-060","non_critical","days_per_month",30,"Toad","Tadpole","Velocity"
"827",Nov 2012,2012,11,"slice2","J01-060","non_critical","days_per_month",0,"Toad","Tadpole","Velocity"
"828",Nov 2012,2012,11,"slice3","J01-060","non_critical","days_per_month",30,"Toad","Tadpole","Velocity"
"829",Nov 2013,2013,11,"slice1","J01-060","non_critical","days_per_month",28,"Toad","Tadpole","Velocity"
"830",Nov 2013,2013,11,"slice2","J01-060","non_critical","days_per_month",0,"Toad","Tadpole","Velocity"
"831",Nov 2013,2013,11,"slice3","J01-060","non_critical","days_per_month",28,"Toad","Tadpole","Velocity"
"832",Nov 2014,2014,11,"slice1","J01-060","non_critical","days_per_month",29,"Toad","Tadpole","Velocity"
"833",Nov 2014,2014,11,"slice2","J01-060","non_critical","days_per_month",19,"Toad","Tadpole","Velocity"
"834",Nov 2014,2014,11,"slice3","J01-060","non_critical","days_per_month",29,"Toad","Tadpole","Velocity"
"835",Nov 2015,2015,11,"slice1","J01-060","non_critical","days_per_month",30,"Toad","Tadpole","Velocity"
"836",Nov 2015,2015,11,"slice2","J01-060","non_critical","days_per_month",18,"Toad","Tadpole","Velocity"
"837",Nov 2015,2015,11,"slice3","J01-060","non_critical","days_per_month",30,"Toad","Tadpole","Velocity"
"838",Nov 2016,2016,11,"slice1","J01-060","non_critical","days_per_month",27,"Toad","Tadpole","Velocity"
"839",Nov 2016,2016,11,"slice2","J01-060","non_critical","days_per_month",21,"Toad","Tadpole","Velocity"
"840",Nov 2016,2016,11,"slice3","J01-060","non_critical","days_per_month",27,"Toad","Tadpole","Velocity"
"841",Nov 2017,2017,11,"slice1","J01-060","non_critical","days_per_month",30,"Toad","Tadpole","Velocity"
"842",Nov 2017,2017,11,"slice2","J01-060","non_critical","days_per_month",15,"Toad","Tadpole","Velocity"
"843",Nov 2017,2017,11,"slice3","J01-060","non_critical","days_per_month",30,"Toad","Tadpole","Velocity"
"844",Nov 2018,2018,11,"slice1","J01-060","non_critical","days_per_month",28,"Toad","Tadpole","Velocity"
"845",Nov 2018,2018,11,"slice2","J01-060","non_critical","days_per_month",10,"Toad","Tadpole","Velocity"
"846",Nov 2018,2018,11,"slice3","J01-060","non_critical","days_per_month",28,"Toad","Tadpole","Velocity"
"847",Dec 1993,1993,12,"slice1","J01-060","non_critical","days_per_month",29,"Toad","Tadpole","Velocity"
"848",Dec 1993,1993,12,"slice2","J01-060","non_critical","days_per_month",0,"Toad","Tadpole","Velocity"
"849",Dec 1993,1993,12,"slice3","J01-060","non_critical","days_per_month",29,"Toad","Tadpole","Velocity"
"850",Dec 1994,1994,12,"slice1","J01-060","non_critical","days_per_month",28,"Toad","Tadpole","Velocity"
"851",Dec 1994,1994,12,"slice2","J01-060","non_critical","days_per_month",0,"Toad","Tadpole","Velocity"
"852",Dec 1994,1994,12,"slice3","J01-060","non_critical","days_per_month",28,"Toad","Tadpole","Velocity"
"853",Dec 1995,1995,12,"slice1","J01-060","non_critical","days_per_month",30,"Toad","Tadpole","Velocity"
"854",Dec 1995,1995,12,"slice2","J01-060","non_critical","days_per_month",0,"Toad","Tadpole","Velocity"
"855",Dec 1995,1995,12,"slice3","J01-060","non_critical","days_per_month",30,"Toad","Tadpole","Velocity"
"856",Dec 1996,1996,12,"slice1","J01-060","non_critical","days_per_month",23,"Toad","Tadpole","Velocity"
"857",Dec 1996,1996,12,"slice2","J01-060","non_critical","days_per_month",0,"Toad","Tadpole","Velocity"
"858",Dec 1996,1996,12,"slice3","J01-060","non_critical","days_per_month",23,"Toad","Tadpole","Velocity"
"859",Dec 1997,1997,12,"slice1","J01-060","non_critical","days_per_month",27,"Toad","Tadpole","Velocity"
"860",Dec 1997,1997,12,"slice2","J01-060","non_critical","days_per_month",0,"Toad","Tadpole","Velocity"
"861",Dec 1997,1997,12,"slice3","J01-060","non_critical","days_per_month",27,"Toad","Tadpole","Velocity"
"862",Dec 1998,1998,12,"slice1","J01-060","non_critical","days_per_month",28,"Toad","Tadpole","Velocity"
"863",Dec 1998,1998,12,"slice2","J01-060","non_critical","days_per_month",0,"Toad","Tadpole","Velocity"
"864",Dec 1998,1998,12,"slice3","J01-060","non_critical","days_per_month",28,"Toad","Tadpole","Velocity"
"865",Dec 1999,1999,12,"slice1","J01-060","non_critical","days_per_month",31,"Toad","Tadpole","Velocity"
"866",Dec 1999,1999,12,"slice2","J01-060","non_critical","days_per_month",0,"Toad","Tadpole","Velocity"
"867",Dec 1999,1999,12,"slice3","J01-060","non_critical","days_per_month",31,"Toad","Tadpole","Velocity"
"868",Dec 2000,2000,12,"slice1","J01-060","non_critical","days_per_month",31,"Toad","Tadpole","Velocity"
"869",Dec 2000,2000,12,"slice2","J01-060","non_critical","days_per_month",0,"Toad","Tadpole","Velocity"
"870",Dec 2000,2000,12,"slice3","J01-060","non_critical","days_per_month",31,"Toad","Tadpole","Velocity"
"871",Dec 2001,2001,12,"slice1","J01-060","non_critical","days_per_month",30,"Toad","Tadpole","Velocity"
"872",Dec 2001,2001,12,"slice2","J01-060","non_critical","days_per_month",0,"Toad","Tadpole","Velocity"
"873",Dec 2001,2001,12,"slice3","J01-060","non_critical","days_per_month",30,"Toad","Tadpole","Velocity"
"874",Dec 2002,2002,12,"slice1","J01-060","non_critical","days_per_month",28,"Toad","Tadpole","Velocity"
"875",Dec 2002,2002,12,"slice2","J01-060","non_critical","days_per_month",0,"Toad","Tadpole","Velocity"
"876",Dec 2002,2002,12,"slice3","J01-060","non_critical","days_per_month",28,"Toad","Tadpole","Velocity"
"877",Dec 2003,2003,12,"slice1","J01-060","non_critical","days_per_month",30,"Toad","Tadpole","Velocity"
"878",Dec 2003,2003,12,"slice2","J01-060","non_critical","days_per_month",0,"Toad","Tadpole","Velocity"
"879",Dec 2003,2003,12,"slice3","J01-060","non_critical","days_per_month",30,"Toad","Tadpole","Velocity"
"880",Dec 2004,2004,12,"slice1","J01-060","non_critical","days_per_month",26,"Toad","Tadpole","Velocity"
"881",Dec 2004,2004,12,"slice2","J01-060","non_critical","days_per_month",0,"Toad","Tadpole","Velocity"
"882",Dec 2004,2004,12,"slice3","J01-060","non_critical","days_per_month",26,"Toad","Tadpole","Velocity"
"883",Dec 2005,2005,12,"slice1","J01-060","non_critical","days_per_month",30,"Toad","Tadpole","Velocity"
"884",Dec 2005,2005,12,"slice2","J01-060","non_critical","days_per_month",0,"Toad","Tadpole","Velocity"
"885",Dec 2005,2005,12,"slice3","J01-060","non_critical","days_per_month",30,"Toad","Tadpole","Velocity"
"886",Dec 2006,2006,12,"slice1","J01-060","non_critical","days_per_month",30,"Toad","Tadpole","Velocity"
"887",Dec 2006,2006,12,"slice2","J01-060","non_critical","days_per_month",0,"Toad","Tadpole","Velocity"
"888",Dec 2006,2006,12,"slice3","J01-060","non_critical","days_per_month",30,"Toad","Tadpole","Velocity"
"889",Dec 2007,2007,12,"slice1","J01-060","non_critical","days_per_month",28,"Toad","Tadpole","Velocity"
"890",Dec 2007,2007,12,"slice2","J01-060","non_critical","days_per_month",0,"Toad","Tadpole","Velocity"
"891",Dec 2007,2007,12,"slice3","J01-060","non_critical","days_per_month",28,"Toad","Tadpole","Velocity"
"892",Dec 2008,2008,12,"slice1","J01-060","non_critical","days_per_month",26,"Toad","Tadpole","Velocity"
"893",Dec 2008,2008,12,"slice2","J01-060","non_critical","days_per_month",0,"Toad","Tadpole","Velocity"
"894",Dec 2008,2008,12,"slice3","J01-060","non_critical","days_per_month",26,"Toad","Tadpole","Velocity"
"895",Dec 2009,2009,12,"slice1","J01-060","non_critical","days_per_month",28,"Toad","Tadpole","Velocity"
"896",Dec 2009,2009,12,"slice2","J01-060","non_critical","days_per_month",0,"Toad","Tadpole","Velocity"
"897",Dec 2009,2009,12,"slice3","J01-060","non_critical","days_per_month",28,"Toad","Tadpole","Velocity"
"898",Dec 2010,2010,12,"slice1","J01-060","non_critical","days_per_month",21,"Toad","Tadpole","Velocity"
"899",Dec 2010,2010,12,"slice2","J01-060","non_critical","days_per_month",0,"Toad","Tadpole","Velocity"
"900",Dec 2010,2010,12,"slice3","J01-060","non_critical","days_per_month",21,"Toad","Tadpole","Velocity"
"901",Dec 2011,2011,12,"slice1","J01-060","non_critical","days_per_month",30,"Toad","Tadpole","Velocity"
"902",Dec 2011,2011,12,"slice2","J01-060","non_critical","days_per_month",0,"Toad","Tadpole","Velocity"
"903",Dec 2011,2011,12,"slice3","J01-060","non_critical","days_per_month",29,"Toad","Tadpole","Velocity"
"904",Dec 2012,2012,12,"slice1","J01-060","non_critical","days_per_month",25,"Toad","Tadpole","Velocity"
"905",Dec 2012,2012,12,"slice2","J01-060","non_critical","days_per_month",0,"Toad","Tadpole","Velocity"
"906",Dec 2012,2012,12,"slice3","J01-060","non_critical","days_per_month",25,"Toad","Tadpole","Velocity"
"907",Dec 2013,2013,12,"slice1","J01-060","non_critical","days_per_month",31,"Toad","Tadpole","Velocity"
"908",Dec 2013,2013,12,"slice2","J01-060","non_critical","days_per_month",0,"Toad","Tadpole","Velocity"
"909",Dec 2013,2013,12,"slice3","J01-060","non_critical","days_per_month",31,"Toad","Tadpole","Velocity"
"910",Dec 2014,2014,12,"slice1","J01-060","non_critical","days_per_month",25,"Toad","Tadpole","Velocity"
"911",Dec 2014,2014,12,"slice2","J01-060","non_critical","days_per_month",0,"Toad","Tadpole","Velocity"
"912",Dec 2014,2014,12,"slice3","J01-060","non_critical","days_per_month",25,"Toad","Tadpole","Velocity"
"913",Dec 2015,2015,12,"slice1","J01-060","non_critical","days_per_month",30,"Toad","Tadpole","Velocity"
"914",Dec 2015,2015,12,"slice2","J01-060","non_critical","days_per_month",13,"Toad","Tadpole","Velocity"
"915",Dec 2015,2015,12,"slice3","J01-060","non_critical","days_per_month",30,"Toad","Tadpole","Velocity"
"916",Dec 2016,2016,12,"slice1","J01-060","non_critical","days_per_month",25,"Toad","Tadpole","Velocity"
"917",Dec 2016,2016,12,"slice2","J01-060","non_critical","days_per_month",15,"Toad","Tadpole","Velocity"
"918",Dec 2016,2016,12,"slice3","J01-060","non_critical","days_per_month",25,"Toad","Tadpole","Velocity"
"919",Dec 2017,2017,12,"slice1","J01-060","non_critical","days_per_month",31,"Toad","Tadpole","Velocity"
"920",Dec 2017,2017,12,"slice2","J01-060","non_critical","days_per_month",0,"Toad","Tadpole","Velocity"
"921",Dec 2017,2017,12,"slice3","J01-060","non_critical","days_per_month",31,"Toad","Tadpole","Velocity"
"922",Dec 2018,2018,12,"slice1","J01-060","non_critical","days_per_month",29,"Toad","Tadpole","Velocity"
"923",Dec 2018,2018,12,"slice2","J01-060","non_critical","days_per_month",1,"Toad","Tadpole","Velocity"
"924",Dec 2018,2018,12,"slice3","J01-060","non_critical","days_per_month",29,"Toad","Tadpole","Velocity"
