"","X","water_year","position","season","Time_Period","TimePercentage","Species","Life_Stage","Hydraulic","Suitability_Class"
"1",2,1993,"Slice 1","critical","Annual",1.36986301369863,"Arroyo Chub","Adult","Velocity","Low"
"2",4,1994,"Slice 1","critical","Annual",2.46575342465753,"Arroyo Chub","Adult","Velocity","Low"
"3",6,1995,"Slice 1","critical","Annual",1.36612021857923,"Arroyo Chub","Adult","Velocity","Low"
"4",8,1996,"Slice 1","critical","Annual",3.28767123287671,"Arroyo Chub","Adult","Velocity","Low"
"5",10,1997,"Slice 1","critical","Annual",3.83561643835616,"Arroyo Chub","Adult","Velocity","Low"
"6",12,1998,"Slice 1","critical","Annual",0.273972602739726,"Arroyo Chub","Adult","Velocity","Low"
"7",14,1999,"Slice 1","critical","Annual",1.36612021857923,"Arroyo Chub","Adult","Velocity","Low"
"8",16,2000,"Slice 1","critical","Annual",1.91780821917808,"Arroyo Chub","Adult","Velocity","Low"
"9",18,2001,"Slice 1","critical","Annual",0,"Arroyo Chub","Adult","Velocity","Low"
"10",20,2002,"Slice 1","critical","Annual",2.19178082191781,"Arroyo Chub","Adult","Velocity","Low"
"11",22,2003,"Slice 1","critical","Annual",0.819672131147541,"Arroyo Chub","Adult","Velocity","Low"
"12",24,2004,"Slice 1","critical","Annual",4.10958904109589,"Arroyo Chub","Adult","Velocity","Low"
"13",26,2005,"Slice 1","critical","Annual",0.821917808219178,"Arroyo Chub","Adult","Velocity","Low"
"14",28,2006,"Slice 1","critical","Annual",0,"Arroyo Chub","Adult","Velocity","Low"
"15",30,2007,"Slice 1","critical","Annual",1.09289617486339,"Arroyo Chub","Adult","Velocity","Low"
"16",32,2008,"Slice 1","critical","Annual",1.36986301369863,"Arroyo Chub","Adult","Velocity","Low"
"17",34,2009,"Slice 1","critical","Annual",2.19178082191781,"Arroyo Chub","Adult","Velocity","Low"
"18",36,2010,"Slice 1","critical","Annual",1.91780821917808,"Arroyo Chub","Adult","Velocity","Low"
"19",38,2011,"Slice 1","critical","Annual",0.546448087431694,"Arroyo Chub","Adult","Velocity","Low"
"20",40,2012,"Slice 1","critical","Annual",0,"Arroyo Chub","Adult","Velocity","Low"
"21",42,2013,"Slice 1","critical","Annual",0.547945205479452,"Arroyo Chub","Adult","Velocity","Low"
"22",44,2014,"Slice 1","critical","Annual",0.821917808219178,"Arroyo Chub","Adult","Velocity","Low"
"23",46,2015,"Slice 1","critical","Annual",0.819672131147541,"Arroyo Chub","Adult","Velocity","Low"
"24",48,2016,"Slice 1","critical","Annual",2.46575342465753,"Arroyo Chub","Adult","Velocity","Low"
"25",50,2017,"Slice 1","critical","Annual",0.273972602739726,"Arroyo Chub","Adult","Velocity","Low"
"26",52,2018,"Slice 1","critical","Annual",3.01724137931034,"Arroyo Chub","Adult","Velocity","Low"
"27",54,1993,"Slice 2","critical","Annual",3.56164383561644,"Arroyo Chub","Adult","Velocity","Low"
"28",56,1994,"Slice 2","critical","Annual",3.83561643835616,"Arroyo Chub","Adult","Velocity","Low"
"29",58,1995,"Slice 2","critical","Annual",3.82513661202186,"Arroyo Chub","Adult","Velocity","Low"
"30",60,1996,"Slice 2","critical","Annual",2.46575342465753,"Arroyo Chub","Adult","Velocity","Low"
"31",62,1997,"Slice 2","critical","Annual",5.75342465753425,"Arroyo Chub","Adult","Velocity","Low"
"32",64,1998,"Slice 2","critical","Annual",3.28767123287671,"Arroyo Chub","Adult","Velocity","Low"
"33",66,1999,"Slice 2","critical","Annual",1.91256830601093,"Arroyo Chub","Adult","Velocity","Low"
"34",68,2000,"Slice 2","critical","Annual",3.56164383561644,"Arroyo Chub","Adult","Velocity","Low"
"35",70,2001,"Slice 2","critical","Annual",0.821917808219178,"Arroyo Chub","Adult","Velocity","Low"
"36",72,2002,"Slice 2","critical","Annual",1.64383561643836,"Arroyo Chub","Adult","Velocity","Low"
"37",74,2003,"Slice 2","critical","Annual",0.819672131147541,"Arroyo Chub","Adult","Velocity","Low"
"38",76,2004,"Slice 2","critical","Annual",3.28767123287671,"Arroyo Chub","Adult","Velocity","Low"
"39",78,2005,"Slice 2","critical","Annual",2.46575342465753,"Arroyo Chub","Adult","Velocity","Low"
"40",80,2006,"Slice 2","critical","Annual",0.547945205479452,"Arroyo Chub","Adult","Velocity","Low"
"41",82,2007,"Slice 2","critical","Annual",2.18579234972678,"Arroyo Chub","Adult","Velocity","Low"
"42",84,2008,"Slice 2","critical","Annual",2.46575342465753,"Arroyo Chub","Adult","Velocity","Low"
"43",86,2009,"Slice 2","critical","Annual",1.36986301369863,"Arroyo Chub","Adult","Velocity","Low"
"44",88,2010,"Slice 2","critical","Annual",3.83561643835616,"Arroyo Chub","Adult","Velocity","Low"
"45",90,2011,"Slice 2","critical","Annual",3.82513661202186,"Arroyo Chub","Adult","Velocity","Low"
"46",92,2012,"Slice 2","critical","Annual",3.01369863013699,"Arroyo Chub","Adult","Velocity","Low"
"47",94,2013,"Slice 2","critical","Annual",1.36986301369863,"Arroyo Chub","Adult","Velocity","Low"
"48",96,2014,"Slice 2","critical","Annual",2.46575342465753,"Arroyo Chub","Adult","Velocity","Low"
"49",98,2015,"Slice 2","critical","Annual",1.91256830601093,"Arroyo Chub","Adult","Velocity","Low"
"50",100,2016,"Slice 2","critical","Annual",3.83561643835616,"Arroyo Chub","Adult","Velocity","Low"
"51",102,2017,"Slice 2","critical","Annual",0.821917808219178,"Arroyo Chub","Adult","Velocity","Low"
"52",104,2018,"Slice 2","critical","Annual",8.18965517241379,"Arroyo Chub","Adult","Velocity","Low"
"53",106,1993,"Slice 3","critical","Annual",93.972602739726,"Arroyo Chub","Adult","Velocity","High"
"54",108,1994,"Slice 3","critical","Annual",88.2191780821918,"Arroyo Chub","Adult","Velocity","High"
"55",110,1995,"Slice 3","critical","Annual",93.9890710382514,"Arroyo Chub","Adult","Velocity","High"
"56",112,1996,"Slice 3","critical","Annual",92.8767123287671,"Arroyo Chub","Adult","Velocity","High"
"57",114,1997,"Slice 3","critical","Annual",83.5616438356164,"Arroyo Chub","Adult","Velocity","High"
"58",116,1998,"Slice 3","critical","Annual",95.6164383561644,"Arroyo Chub","Adult","Velocity","High"
"59",118,1999,"Slice 3","critical","Annual",95.0819672131148,"Arroyo Chub","Adult","Velocity","High"
"60",120,2000,"Slice 3","critical","Annual",92.8767123287671,"Arroyo Chub","Adult","Velocity","High"
"61",122,2001,"Slice 3","critical","Annual",98.0821917808219,"Arroyo Chub","Adult","Velocity","High"
"62",124,2002,"Slice 3","critical","Annual",93.6986301369863,"Arroyo Chub","Adult","Velocity","High"
"63",126,2003,"Slice 3","critical","Annual",96.7213114754098,"Arroyo Chub","Adult","Velocity","High"
"64",128,2004,"Slice 3","critical","Annual",86.8493150684932,"Arroyo Chub","Adult","Velocity","High"
"65",130,2005,"Slice 3","critical","Annual",95.3424657534246,"Arroyo Chub","Adult","Velocity","High"
"66",132,2006,"Slice 3","critical","Annual",98.3561643835616,"Arroyo Chub","Adult","Velocity","High"
"67",134,2007,"Slice 3","critical","Annual",95.6284153005464,"Arroyo Chub","Adult","Velocity","High"
"68",136,2008,"Slice 3","critical","Annual",93.972602739726,"Arroyo Chub","Adult","Velocity","High"
"69",138,2009,"Slice 3","critical","Annual",94.2465753424658,"Arroyo Chub","Adult","Velocity","High"
"70",140,2010,"Slice 3","critical","Annual",91.2328767123288,"Arroyo Chub","Adult","Velocity","High"
"71",142,2011,"Slice 3","critical","Annual",93.7158469945355,"Arroyo Chub","Adult","Velocity","High"
"72",144,2012,"Slice 3","critical","Annual",95.6164383561644,"Arroyo Chub","Adult","Velocity","High"
"73",146,2013,"Slice 3","critical","Annual",97.2602739726027,"Arroyo Chub","Adult","Velocity","High"
"74",148,2014,"Slice 3","critical","Annual",95.3424657534246,"Arroyo Chub","Adult","Velocity","High"
"75",150,2015,"Slice 3","critical","Annual",96.7213114754098,"Arroyo Chub","Adult","Velocity","High"
"76",152,2016,"Slice 3","critical","Annual",91.2328767123288,"Arroyo Chub","Adult","Velocity","High"
"77",154,2017,"Slice 3","critical","Annual",98.0821917808219,"Arroyo Chub","Adult","Velocity","High"
"78",156,2018,"Slice 3","critical","Annual",84.051724137931,"Arroyo Chub","Adult","Velocity","High"
"79",158,1993,"Slice 4","critical","Annual",5.75342465753425,"Arroyo Chub","Adult","Velocity","Low"
"80",160,1994,"Slice 4","critical","Annual",31.7808219178082,"Arroyo Chub","Adult","Velocity","Low"
"81",162,1995,"Slice 4","critical","Annual",6.55737704918033,"Arroyo Chub","Adult","Velocity","Low"
"82",164,1996,"Slice 4","critical","Annual",21.6438356164384,"Arroyo Chub","Adult","Velocity","Low"
"83",166,1997,"Slice 4","critical","Annual",41.9178082191781,"Arroyo Chub","Adult","Velocity","Low"
"84",168,1998,"Slice 4","critical","Annual",9.04109589041096,"Arroyo Chub","Adult","Velocity","Low"
"85",170,1999,"Slice 4","critical","Annual",4.6448087431694,"Arroyo Chub","Adult","Velocity","Low"
"86",172,2000,"Slice 4","critical","Annual",12.6027397260274,"Arroyo Chub","Adult","Velocity","Low"
"87",174,2001,"Slice 4","critical","Annual",3.56164383561644,"Arroyo Chub","Adult","Velocity","Low"
"88",176,2002,"Slice 4","critical","Annual",7.67123287671233,"Arroyo Chub","Adult","Velocity","Low"
"89",178,2003,"Slice 4","critical","Annual",5.73770491803279,"Arroyo Chub","Adult","Velocity","Low"
"90",180,2004,"Slice 4","critical","Annual",35.3424657534247,"Arroyo Chub","Adult","Velocity","Low"
"91",182,2005,"Slice 4","critical","Annual",6.3013698630137,"Arroyo Chub","Adult","Velocity","Low"
"92",184,2006,"Slice 4","critical","Annual",2.46575342465753,"Arroyo Chub","Adult","Velocity","Low"
"93",186,2007,"Slice 4","critical","Annual",4.6448087431694,"Arroyo Chub","Adult","Velocity","Low"
"94",188,2008,"Slice 4","critical","Annual",8.49315068493151,"Arroyo Chub","Adult","Velocity","Low"
"95",190,2009,"Slice 4","critical","Annual",12.3287671232877,"Arroyo Chub","Adult","Velocity","Low"
"96",192,2010,"Slice 4","critical","Annual",22.4657534246575,"Arroyo Chub","Adult","Velocity","Low"
"97",194,2011,"Slice 4","critical","Annual",6.83060109289618,"Arroyo Chub","Adult","Velocity","Low"
"98",196,2012,"Slice 4","critical","Annual",5.75342465753425,"Arroyo Chub","Adult","Velocity","Low"
"99",198,2013,"Slice 4","critical","Annual",2.73972602739726,"Arroyo Chub","Adult","Velocity","Low"
"100",200,2014,"Slice 4","critical","Annual",4.10958904109589,"Arroyo Chub","Adult","Velocity","Low"
"101",202,2015,"Slice 4","critical","Annual",3.82513661202186,"Arroyo Chub","Adult","Velocity","Low"
"102",204,2016,"Slice 4","critical","Annual",19.7260273972603,"Arroyo Chub","Adult","Velocity","Low"
"103",206,2017,"Slice 4","critical","Annual",2.73972602739726,"Arroyo Chub","Adult","Velocity","Low"
"104",208,2018,"Slice 4","critical","Annual",33.1896551724138,"Arroyo Chub","Adult","Velocity","Low"
"105",2,1993,"Slice 1","critical","Annual",0,"Arroyo Chub","Adult","Depth","Low"
"106",4,1994,"Slice 1","critical","Annual",1.0958904109589,"Arroyo Chub","Adult","Depth","Low"
"107",6,1995,"Slice 1","critical","Annual",0,"Arroyo Chub","Adult","Depth","Low"
"108",8,1996,"Slice 1","critical","Annual",0,"Arroyo Chub","Adult","Depth","Low"
"109",10,1997,"Slice 1","critical","Annual",1.64383561643836,"Arroyo Chub","Adult","Depth","Low"
"110",12,1998,"Slice 1","critical","Annual",0,"Arroyo Chub","Adult","Depth","Low"
"111",14,1999,"Slice 1","critical","Annual",0,"Arroyo Chub","Adult","Depth","Low"
"112",16,2000,"Slice 1","critical","Annual",0.273972602739726,"Arroyo Chub","Adult","Depth","Low"
"113",18,2001,"Slice 1","critical","Annual",0,"Arroyo Chub","Adult","Depth","Low"
"114",20,2002,"Slice 1","critical","Annual",0.547945205479452,"Arroyo Chub","Adult","Depth","Low"
"115",22,2003,"Slice 1","critical","Annual",0.273224043715847,"Arroyo Chub","Adult","Depth","Low"
"116",24,2004,"Slice 1","critical","Annual",1.36986301369863,"Arroyo Chub","Adult","Depth","Low"
"117",26,2005,"Slice 1","critical","Annual",0,"Arroyo Chub","Adult","Depth","Low"
"118",28,2006,"Slice 1","critical","Annual",0,"Arroyo Chub","Adult","Depth","Low"
"119",30,2007,"Slice 1","critical","Annual",0,"Arroyo Chub","Adult","Depth","Low"
"120",32,2008,"Slice 1","critical","Annual",0,"Arroyo Chub","Adult","Depth","Low"
"121",34,2009,"Slice 1","critical","Annual",0,"Arroyo Chub","Adult","Depth","Low"
"122",36,2010,"Slice 1","critical","Annual",1.0958904109589,"Arroyo Chub","Adult","Depth","Low"
"123",38,2011,"Slice 1","critical","Annual",0,"Arroyo Chub","Adult","Depth","Low"
"124",40,2012,"Slice 1","critical","Annual",0,"Arroyo Chub","Adult","Depth","Low"
"125",42,2013,"Slice 1","critical","Annual",0,"Arroyo Chub","Adult","Depth","Low"
"126",44,2014,"Slice 1","critical","Annual",0,"Arroyo Chub","Adult","Depth","Low"
"127",46,2015,"Slice 1","critical","Annual",0,"Arroyo Chub","Adult","Depth","Low"
"128",48,2016,"Slice 1","critical","Annual",0.273972602739726,"Arroyo Chub","Adult","Depth","Low"
"129",50,2017,"Slice 1","critical","Annual",0,"Arroyo Chub","Adult","Depth","Low"
"130",52,2018,"Slice 1","critical","Annual",0.431034482758621,"Arroyo Chub","Adult","Depth","Low"
"131",54,1993,"Slice 2","critical","Annual",0.273972602739726,"Arroyo Chub","Adult","Depth","Low"
"132",56,1994,"Slice 2","critical","Annual",1.36986301369863,"Arroyo Chub","Adult","Depth","Low"
"133",58,1995,"Slice 2","critical","Annual",0.546448087431694,"Arroyo Chub","Adult","Depth","Low"
"134",60,1996,"Slice 2","critical","Annual",1.36986301369863,"Arroyo Chub","Adult","Depth","Low"
"135",62,1997,"Slice 2","critical","Annual",2.19178082191781,"Arroyo Chub","Adult","Depth","Low"
"136",64,1998,"Slice 2","critical","Annual",0,"Arroyo Chub","Adult","Depth","Low"
"137",66,1999,"Slice 2","critical","Annual",0.546448087431694,"Arroyo Chub","Adult","Depth","Low"
"138",68,2000,"Slice 2","critical","Annual",1.0958904109589,"Arroyo Chub","Adult","Depth","Low"
"139",70,2001,"Slice 2","critical","Annual",0,"Arroyo Chub","Adult","Depth","Low"
"140",72,2002,"Slice 2","critical","Annual",1.36986301369863,"Arroyo Chub","Adult","Depth","Low"
"141",74,2003,"Slice 2","critical","Annual",0,"Arroyo Chub","Adult","Depth","Low"
"142",76,2004,"Slice 2","critical","Annual",3.28767123287671,"Arroyo Chub","Adult","Depth","Low"
"143",78,2005,"Slice 2","critical","Annual",0.273972602739726,"Arroyo Chub","Adult","Depth","Low"
"144",80,2006,"Slice 2","critical","Annual",0,"Arroyo Chub","Adult","Depth","Low"
"145",82,2007,"Slice 2","critical","Annual",0.273224043715847,"Arroyo Chub","Adult","Depth","Low"
"146",84,2008,"Slice 2","critical","Annual",0.821917808219178,"Arroyo Chub","Adult","Depth","Low"
"147",86,2009,"Slice 2","critical","Annual",1.64383561643836,"Arroyo Chub","Adult","Depth","Low"
"148",88,2010,"Slice 2","critical","Annual",0.547945205479452,"Arroyo Chub","Adult","Depth","Low"
"149",90,2011,"Slice 2","critical","Annual",0,"Arroyo Chub","Adult","Depth","Low"
"150",92,2012,"Slice 2","critical","Annual",0,"Arroyo Chub","Adult","Depth","Low"
"151",94,2013,"Slice 2","critical","Annual",0.273972602739726,"Arroyo Chub","Adult","Depth","Low"
"152",96,2014,"Slice 2","critical","Annual",0.273972602739726,"Arroyo Chub","Adult","Depth","Low"
"153",98,2015,"Slice 2","critical","Annual",0.273224043715847,"Arroyo Chub","Adult","Depth","Low"
"154",100,2016,"Slice 2","critical","Annual",1.91780821917808,"Arroyo Chub","Adult","Depth","Low"
"155",102,2017,"Slice 2","critical","Annual",0.273972602739726,"Arroyo Chub","Adult","Depth","Low"
"156",104,2018,"Slice 2","critical","Annual",2.58620689655172,"Arroyo Chub","Adult","Depth","Low"
"157",106,1993,"Slice 3","critical","Annual",2.73972602739726,"Arroyo Chub","Adult","Depth","Low"
"158",108,1994,"Slice 3","critical","Annual",4.93150684931507,"Arroyo Chub","Adult","Depth","Low"
"159",110,1995,"Slice 3","critical","Annual",3.55191256830601,"Arroyo Chub","Adult","Depth","Low"
"160",112,1996,"Slice 3","critical","Annual",3.28767123287671,"Arroyo Chub","Adult","Depth","Low"
"161",114,1997,"Slice 3","critical","Annual",6.57534246575342,"Arroyo Chub","Adult","Depth","Low"
"162",116,1998,"Slice 3","critical","Annual",3.01369863013699,"Arroyo Chub","Adult","Depth","Low"
"163",118,1999,"Slice 3","critical","Annual",2.18579234972678,"Arroyo Chub","Adult","Depth","Low"
"164",120,2000,"Slice 3","critical","Annual",3.01369863013699,"Arroyo Chub","Adult","Depth","Low"
"165",122,2001,"Slice 3","critical","Annual",0.821917808219178,"Arroyo Chub","Adult","Depth","Low"
"166",124,2002,"Slice 3","critical","Annual",2.73972602739726,"Arroyo Chub","Adult","Depth","Low"
"167",126,2003,"Slice 3","critical","Annual",1.63934426229508,"Arroyo Chub","Adult","Depth","Low"
"168",128,2004,"Slice 3","critical","Annual",4.38356164383562,"Arroyo Chub","Adult","Depth","Low"
"169",130,2005,"Slice 3","critical","Annual",2.73972602739726,"Arroyo Chub","Adult","Depth","Low"
"170",132,2006,"Slice 3","critical","Annual",0.547945205479452,"Arroyo Chub","Adult","Depth","Low"
"171",134,2007,"Slice 3","critical","Annual",2.73224043715847,"Arroyo Chub","Adult","Depth","Low"
"172",136,2008,"Slice 3","critical","Annual",2.73972602739726,"Arroyo Chub","Adult","Depth","Low"
"173",138,2009,"Slice 3","critical","Annual",2.19178082191781,"Arroyo Chub","Adult","Depth","Low"
"174",140,2010,"Slice 3","critical","Annual",4.10958904109589,"Arroyo Chub","Adult","Depth","Low"
"175",142,2011,"Slice 3","critical","Annual",3.27868852459016,"Arroyo Chub","Adult","Depth","Low"
"176",144,2012,"Slice 3","critical","Annual",2.19178082191781,"Arroyo Chub","Adult","Depth","Low"
"177",146,2013,"Slice 3","critical","Annual",1.36986301369863,"Arroyo Chub","Adult","Depth","Low"
"178",148,2014,"Slice 3","critical","Annual",3.01369863013699,"Arroyo Chub","Adult","Depth","Low"
"179",150,2015,"Slice 3","critical","Annual",1.91256830601093,"Arroyo Chub","Adult","Depth","Low"
"180",152,2016,"Slice 3","critical","Annual",4.38356164383562,"Arroyo Chub","Adult","Depth","Low"
"181",154,2017,"Slice 3","critical","Annual",0.273972602739726,"Arroyo Chub","Adult","Depth","Low"
"182",156,2018,"Slice 3","critical","Annual",6.46551724137931,"Arroyo Chub","Adult","Depth","Low"
"183",158,1993,"Slice 4","critical","Annual",2.19178082191781,"Arroyo Chub","Adult","Depth","Low"
"184",160,1994,"Slice 4","critical","Annual",4.10958904109589,"Arroyo Chub","Adult","Depth","Low"
"185",162,1995,"Slice 4","critical","Annual",2.18579234972678,"Arroyo Chub","Adult","Depth","Low"
"186",164,1996,"Slice 4","critical","Annual",3.83561643835616,"Arroyo Chub","Adult","Depth","Low"
"187",166,1997,"Slice 4","critical","Annual",5.20547945205479,"Arroyo Chub","Adult","Depth","Low"
"188",168,1998,"Slice 4","critical","Annual",1.36986301369863,"Arroyo Chub","Adult","Depth","Low"
"189",170,1999,"Slice 4","critical","Annual",1.63934426229508,"Arroyo Chub","Adult","Depth","Low"
"190",172,2000,"Slice 4","critical","Annual",1.91780821917808,"Arroyo Chub","Adult","Depth","Low"
"191",174,2001,"Slice 4","critical","Annual",0.273972602739726,"Arroyo Chub","Adult","Depth","Low"
"192",176,2002,"Slice 4","critical","Annual",3.28767123287671,"Arroyo Chub","Adult","Depth","Low"
"193",178,2003,"Slice 4","critical","Annual",0.819672131147541,"Arroyo Chub","Adult","Depth","Low"
"194",180,2004,"Slice 4","critical","Annual",3.83561643835616,"Arroyo Chub","Adult","Depth","Low"
"195",182,2005,"Slice 4","critical","Annual",1.64383561643836,"Arroyo Chub","Adult","Depth","Low"
"196",184,2006,"Slice 4","critical","Annual",0,"Arroyo Chub","Adult","Depth","Low"
"197",186,2007,"Slice 4","critical","Annual",1.63934426229508,"Arroyo Chub","Adult","Depth","Low"
"198",188,2008,"Slice 4","critical","Annual",1.91780821917808,"Arroyo Chub","Adult","Depth","Low"
"199",190,2009,"Slice 4","critical","Annual",2.73972602739726,"Arroyo Chub","Adult","Depth","Low"
"200",192,2010,"Slice 4","critical","Annual",2.19178082191781,"Arroyo Chub","Adult","Depth","Low"
"201",194,2011,"Slice 4","critical","Annual",0.546448087431694,"Arroyo Chub","Adult","Depth","Low"
"202",196,2012,"Slice 4","critical","Annual",0.273972602739726,"Arroyo Chub","Adult","Depth","Low"
"203",198,2013,"Slice 4","critical","Annual",0.821917808219178,"Arroyo Chub","Adult","Depth","Low"
"204",200,2014,"Slice 4","critical","Annual",1.0958904109589,"Arroyo Chub","Adult","Depth","Low"
"205",202,2015,"Slice 4","critical","Annual",1.09289617486339,"Arroyo Chub","Adult","Depth","Low"
"206",204,2016,"Slice 4","critical","Annual",2.73972602739726,"Arroyo Chub","Adult","Depth","Low"
"207",206,2017,"Slice 4","critical","Annual",0.273972602739726,"Arroyo Chub","Adult","Depth","Low"
"208",208,2018,"Slice 4","critical","Annual",3.87931034482759,"Arroyo Chub","Adult","Depth","Low"
"209",210,1993,"Slice1","critical","Seasonal",0,"Willow","Germination","Depth","Low"
"210",212,1994,"Slice1","critical","Seasonal",0,"Willow","Germination","Depth","Low"
"211",214,1995,"Slice1","critical","Seasonal",0,"Willow","Germination","Depth","Low"
"212",216,1996,"Slice1","critical","Seasonal",0,"Willow","Germination","Depth","Low"
"213",218,1997,"Slice1","critical","Seasonal",1.63934426229508,"Willow","Germination","Depth","Low"
"214",220,1998,"Slice1","critical","Seasonal",0,"Willow","Germination","Depth","Low"
"215",222,1999,"Slice1","critical","Seasonal",0.546448087431694,"Willow","Germination","Depth","Low"
"216",224,2000,"Slice1","critical","Seasonal",0,"Willow","Germination","Depth","Low"
"217",226,2001,"Slice1","critical","Seasonal",0,"Willow","Germination","Depth","Low"
"218",228,2002,"Slice1","critical","Seasonal",1.09289617486339,"Willow","Germination","Depth","Low"
"219",230,2003,"Slice1","critical","Seasonal",0,"Willow","Germination","Depth","Low"
"220",232,2004,"Slice1","critical","Seasonal",0.546448087431694,"Willow","Germination","Depth","Low"
"221",234,2005,"Slice1","critical","Seasonal",0.546448087431694,"Willow","Germination","Depth","Low"
"222",236,2006,"Slice1","critical","Seasonal",0,"Willow","Germination","Depth","Low"
"223",238,2007,"Slice1","critical","Seasonal",0,"Willow","Germination","Depth","Low"
"224",240,2008,"Slice1","critical","Seasonal",0,"Willow","Germination","Depth","Low"
"225",242,2009,"Slice1","critical","Seasonal",0,"Willow","Germination","Depth","Low"
"226",244,2010,"Slice1","critical","Seasonal",0,"Willow","Germination","Depth","Low"
"227",246,2011,"Slice1","critical","Seasonal",0,"Willow","Germination","Depth","Low"
"228",248,2012,"Slice1","critical","Seasonal",0,"Willow","Germination","Depth","Low"
"229",250,2013,"Slice1","critical","Seasonal",0,"Willow","Germination","Depth","Low"
"230",252,2014,"Slice1","critical","Seasonal",0.546448087431694,"Willow","Germination","Depth","Low"
"231",254,2015,"Slice1","critical","Seasonal",0,"Willow","Germination","Depth","Low"
"232",256,2016,"Slice1","critical","Seasonal",0,"Willow","Germination","Depth","Low"
"233",258,2017,"Slice1","critical","Seasonal",0,"Willow","Germination","Depth","Low"
"234",260,2018,"Slice1","critical","Seasonal",0,"Willow","Germination","Depth","Low"
"235",262,1993,"Slice2","critical","Seasonal",0.546448087431694,"Willow","Germination","Depth","Low"
"236",264,1994,"Slice2","critical","Seasonal",1.09289617486339,"Willow","Germination","Depth","Low"
"237",266,1995,"Slice2","critical","Seasonal",0.546448087431694,"Willow","Germination","Depth","Low"
"238",268,1996,"Slice2","critical","Seasonal",0,"Willow","Germination","Depth","Low"
"239",270,1997,"Slice2","critical","Seasonal",2.73224043715847,"Willow","Germination","Depth","Low"
"240",272,1998,"Slice2","critical","Seasonal",1.63934426229508,"Willow","Germination","Depth","Low"
"241",274,1999,"Slice2","critical","Seasonal",1.09289617486339,"Willow","Germination","Depth","Low"
"242",276,2000,"Slice2","critical","Seasonal",1.09289617486339,"Willow","Germination","Depth","Low"
"243",278,2001,"Slice2","critical","Seasonal",0,"Willow","Germination","Depth","Low"
"244",280,2002,"Slice2","critical","Seasonal",1.63934426229508,"Willow","Germination","Depth","Low"
"245",282,2003,"Slice2","critical","Seasonal",0.546448087431694,"Willow","Germination","Depth","Low"
"246",284,2004,"Slice2","critical","Seasonal",1.63934426229508,"Willow","Germination","Depth","Low"
"247",286,2005,"Slice2","critical","Seasonal",1.63934426229508,"Willow","Germination","Depth","Low"
"248",288,2006,"Slice2","critical","Seasonal",0.546448087431694,"Willow","Germination","Depth","Low"
"249",290,2007,"Slice2","critical","Seasonal",0,"Willow","Germination","Depth","Low"
"250",292,2008,"Slice2","critical","Seasonal",0,"Willow","Germination","Depth","Low"
"251",294,2009,"Slice2","critical","Seasonal",0.546448087431694,"Willow","Germination","Depth","Low"
"252",296,2010,"Slice2","critical","Seasonal",0,"Willow","Germination","Depth","Low"
"253",298,2011,"Slice2","critical","Seasonal",2.18579234972678,"Willow","Germination","Depth","Low"
"254",300,2012,"Slice2","critical","Seasonal",1.09289617486339,"Willow","Germination","Depth","Low"
"255",302,2013,"Slice2","critical","Seasonal",0.546448087431694,"Willow","Germination","Depth","Low"
"256",304,2014,"Slice2","critical","Seasonal",1.09289617486339,"Willow","Germination","Depth","Low"
"257",306,2015,"Slice2","critical","Seasonal",0,"Willow","Germination","Depth","Low"
"258",308,2016,"Slice2","critical","Seasonal",0.546448087431694,"Willow","Germination","Depth","Low"
"259",310,2017,"Slice2","critical","Seasonal",0,"Willow","Germination","Depth","Low"
"260",312,2018,"Slice2","critical","Seasonal",0,"Willow","Germination","Depth","Low"
"261",314,1993,"Slice3","critical","Seasonal",100,"Willow","Germination","Depth","High"
"262",316,1994,"Slice3","critical","Seasonal",100,"Willow","Germination","Depth","High"
"263",318,1995,"Slice3","critical","Seasonal",100,"Willow","Germination","Depth","High"
"264",320,1996,"Slice3","critical","Seasonal",100,"Willow","Germination","Depth","High"
"265",322,1997,"Slice3","critical","Seasonal",100,"Willow","Germination","Depth","High"
"266",324,1998,"Slice3","critical","Seasonal",100,"Willow","Germination","Depth","High"
"267",326,1999,"Slice3","critical","Seasonal",100,"Willow","Germination","Depth","High"
"268",328,2000,"Slice3","critical","Seasonal",100,"Willow","Germination","Depth","High"
"269",330,2001,"Slice3","critical","Seasonal",100,"Willow","Germination","Depth","High"
"270",332,2002,"Slice3","critical","Seasonal",100,"Willow","Germination","Depth","High"
"271",334,2003,"Slice3","critical","Seasonal",100,"Willow","Germination","Depth","High"
"272",336,2004,"Slice3","critical","Seasonal",100,"Willow","Germination","Depth","High"
"273",338,2005,"Slice3","critical","Seasonal",100,"Willow","Germination","Depth","High"
"274",340,2006,"Slice3","critical","Seasonal",100,"Willow","Germination","Depth","High"
"275",342,2007,"Slice3","critical","Seasonal",100,"Willow","Germination","Depth","High"
"276",344,2008,"Slice3","critical","Seasonal",100,"Willow","Germination","Depth","High"
"277",346,2009,"Slice3","critical","Seasonal",100,"Willow","Germination","Depth","High"
"278",348,2010,"Slice3","critical","Seasonal",100,"Willow","Germination","Depth","High"
"279",350,2011,"Slice3","critical","Seasonal",100,"Willow","Germination","Depth","High"
"280",352,2012,"Slice3","critical","Seasonal",100,"Willow","Germination","Depth","High"
"281",354,2013,"Slice3","critical","Seasonal",100,"Willow","Germination","Depth","High"
"282",356,2014,"Slice3","critical","Seasonal",100,"Willow","Germination","Depth","High"
"283",358,2015,"Slice3","critical","Seasonal",100,"Willow","Germination","Depth","High"
"284",360,2016,"Slice3","critical","Seasonal",100,"Willow","Germination","Depth","High"
"285",362,2017,"Slice3","critical","Seasonal",100,"Willow","Germination","Depth","High"
"286",364,2018,"Slice3","critical","Seasonal",100,"Willow","Germination","Depth","High"
"287",366,1993,"Slice4","critical","Seasonal",2.18579234972678,"Willow","Germination","Depth","Low"
"288",368,1994,"Slice4","critical","Seasonal",8.19672131147541,"Willow","Germination","Depth","Low"
"289",370,1995,"Slice4","critical","Seasonal",0.546448087431694,"Willow","Germination","Depth","Low"
"290",372,1996,"Slice4","critical","Seasonal",0,"Willow","Germination","Depth","Low"
"291",374,1997,"Slice4","critical","Seasonal",16.9398907103825,"Willow","Germination","Depth","Low"
"292",376,1998,"Slice4","critical","Seasonal",2.18579234972678,"Willow","Germination","Depth","Low"
"293",378,1999,"Slice4","critical","Seasonal",1.63934426229508,"Willow","Germination","Depth","Low"
"294",380,2000,"Slice4","critical","Seasonal",2.73224043715847,"Willow","Germination","Depth","Low"
"295",382,2001,"Slice4","critical","Seasonal",0,"Willow","Germination","Depth","Low"
"296",384,2002,"Slice4","critical","Seasonal",2.73224043715847,"Willow","Germination","Depth","Low"
"297",386,2003,"Slice4","critical","Seasonal",1.09289617486339,"Willow","Germination","Depth","Low"
"298",388,2004,"Slice4","critical","Seasonal",4.37158469945355,"Willow","Germination","Depth","Low"
"299",390,2005,"Slice4","critical","Seasonal",3.27868852459016,"Willow","Germination","Depth","Low"
"300",392,2006,"Slice4","critical","Seasonal",1.63934426229508,"Willow","Germination","Depth","Low"
"301",394,2007,"Slice4","critical","Seasonal",1.09289617486339,"Willow","Germination","Depth","Low"
"302",396,2008,"Slice4","critical","Seasonal",0,"Willow","Germination","Depth","Low"
"303",398,2009,"Slice4","critical","Seasonal",1.09289617486339,"Willow","Germination","Depth","Low"
"304",400,2010,"Slice4","critical","Seasonal",0.546448087431694,"Willow","Germination","Depth","Low"
"305",402,2011,"Slice4","critical","Seasonal",2.73224043715847,"Willow","Germination","Depth","Low"
"306",404,2012,"Slice4","critical","Seasonal",1.09289617486339,"Willow","Germination","Depth","Low"
"307",406,2013,"Slice4","critical","Seasonal",1.63934426229508,"Willow","Germination","Depth","Low"
"308",408,2014,"Slice4","critical","Seasonal",4.37158469945355,"Willow","Germination","Depth","Low"
"309",410,2015,"Slice4","critical","Seasonal",0,"Willow","Germination","Depth","Low"
"310",412,2016,"Slice4","critical","Seasonal",1.09289617486339,"Willow","Germination","Depth","Low"
"311",414,2017,"Slice4","critical","Seasonal",0,"Willow","Germination","Depth","Low"
"312",416,2018,"Slice4","critical","Seasonal",4,"Willow","Germination","Depth","Low"
"313",210,1993,"Slice1","critical","Seasonal",100,"Willow","Seedling","Depth","High"
"314",212,1994,"Slice1","critical","Seasonal",100,"Willow","Seedling","Depth","High"
"315",214,1995,"Slice1","critical","Seasonal",100,"Willow","Seedling","Depth","High"
"316",216,1996,"Slice1","critical","Seasonal",100,"Willow","Seedling","Depth","High"
"317",218,1997,"Slice1","critical","Seasonal",100,"Willow","Seedling","Depth","High"
"318",220,1998,"Slice1","critical","Seasonal",100,"Willow","Seedling","Depth","High"
"319",222,1999,"Slice1","critical","Seasonal",100,"Willow","Seedling","Depth","High"
"320",224,2000,"Slice1","critical","Seasonal",100,"Willow","Seedling","Depth","High"
"321",226,2001,"Slice1","critical","Seasonal",100,"Willow","Seedling","Depth","High"
"322",228,2002,"Slice1","critical","Seasonal",100,"Willow","Seedling","Depth","High"
"323",230,2003,"Slice1","critical","Seasonal",100,"Willow","Seedling","Depth","High"
"324",232,2004,"Slice1","critical","Seasonal",100,"Willow","Seedling","Depth","High"
"325",234,2005,"Slice1","critical","Seasonal",99.4535519125683,"Willow","Seedling","Depth","High"
"326",236,2006,"Slice1","critical","Seasonal",100,"Willow","Seedling","Depth","High"
"327",238,2007,"Slice1","critical","Seasonal",100,"Willow","Seedling","Depth","High"
"328",240,2008,"Slice1","critical","Seasonal",100,"Willow","Seedling","Depth","High"
"329",242,2009,"Slice1","critical","Seasonal",100,"Willow","Seedling","Depth","High"
"330",244,2010,"Slice1","critical","Seasonal",100,"Willow","Seedling","Depth","High"
"331",246,2011,"Slice1","critical","Seasonal",100,"Willow","Seedling","Depth","High"
"332",248,2012,"Slice1","critical","Seasonal",100,"Willow","Seedling","Depth","High"
"333",250,2013,"Slice1","critical","Seasonal",100,"Willow","Seedling","Depth","High"
"334",252,2014,"Slice1","critical","Seasonal",100,"Willow","Seedling","Depth","High"
"335",254,2015,"Slice1","critical","Seasonal",100,"Willow","Seedling","Depth","High"
"336",256,2016,"Slice1","critical","Seasonal",100,"Willow","Seedling","Depth","High"
"337",258,2017,"Slice1","critical","Seasonal",100,"Willow","Seedling","Depth","High"
"338",260,2018,"Slice1","critical","Seasonal",100,"Willow","Seedling","Depth","High"
"339",262,1993,"Slice2","critical","Seasonal",100,"Willow","Seedling","Depth","High"
"340",264,1994,"Slice2","critical","Seasonal",100,"Willow","Seedling","Depth","High"
"341",266,1995,"Slice2","critical","Seasonal",100,"Willow","Seedling","Depth","High"
"342",268,1996,"Slice2","critical","Seasonal",100,"Willow","Seedling","Depth","High"
"343",270,1997,"Slice2","critical","Seasonal",98.3606557377049,"Willow","Seedling","Depth","High"
"344",272,1998,"Slice2","critical","Seasonal",100,"Willow","Seedling","Depth","High"
"345",274,1999,"Slice2","critical","Seasonal",99.4535519125683,"Willow","Seedling","Depth","High"
"346",276,2000,"Slice2","critical","Seasonal",99.4535519125683,"Willow","Seedling","Depth","High"
"347",278,2001,"Slice2","critical","Seasonal",100,"Willow","Seedling","Depth","High"
"348",280,2002,"Slice2","critical","Seasonal",98.9071038251366,"Willow","Seedling","Depth","High"
"349",282,2003,"Slice2","critical","Seasonal",100,"Willow","Seedling","Depth","High"
"350",284,2004,"Slice2","critical","Seasonal",99.4535519125683,"Willow","Seedling","Depth","High"
"351",286,2005,"Slice2","critical","Seasonal",99.4535519125683,"Willow","Seedling","Depth","High"
"352",288,2006,"Slice2","critical","Seasonal",100,"Willow","Seedling","Depth","High"
"353",290,2007,"Slice2","critical","Seasonal",100,"Willow","Seedling","Depth","High"
"354",292,2008,"Slice2","critical","Seasonal",100,"Willow","Seedling","Depth","High"
"355",294,2009,"Slice2","critical","Seasonal",100,"Willow","Seedling","Depth","High"
"356",296,2010,"Slice2","critical","Seasonal",100,"Willow","Seedling","Depth","High"
"357",298,2011,"Slice2","critical","Seasonal",100,"Willow","Seedling","Depth","High"
"358",300,2012,"Slice2","critical","Seasonal",100,"Willow","Seedling","Depth","High"
"359",302,2013,"Slice2","critical","Seasonal",100,"Willow","Seedling","Depth","High"
"360",304,2014,"Slice2","critical","Seasonal",99.4535519125683,"Willow","Seedling","Depth","High"
"361",306,2015,"Slice2","critical","Seasonal",100,"Willow","Seedling","Depth","High"
"362",308,2016,"Slice2","critical","Seasonal",100,"Willow","Seedling","Depth","High"
"363",310,2017,"Slice2","critical","Seasonal",100,"Willow","Seedling","Depth","High"
"364",312,2018,"Slice2","critical","Seasonal",100,"Willow","Seedling","Depth","High"
"365",314,1993,"Slice3","critical","Seasonal",97.8142076502732,"Willow","Seedling","Depth","High"
"366",316,1994,"Slice3","critical","Seasonal",97.8142076502732,"Willow","Seedling","Depth","High"
"367",318,1995,"Slice3","critical","Seasonal",99.4535519125683,"Willow","Seedling","Depth","High"
"368",320,1996,"Slice3","critical","Seasonal",100,"Willow","Seedling","Depth","High"
"369",322,1997,"Slice3","critical","Seasonal",95.6284153005464,"Willow","Seedling","Depth","High"
"370",324,1998,"Slice3","critical","Seasonal",98.3606557377049,"Willow","Seedling","Depth","High"
"371",326,1999,"Slice3","critical","Seasonal",98.9071038251366,"Willow","Seedling","Depth","High"
"372",328,2000,"Slice3","critical","Seasonal",98.3606557377049,"Willow","Seedling","Depth","High"
"373",330,2001,"Slice3","critical","Seasonal",100,"Willow","Seedling","Depth","High"
"374",332,2002,"Slice3","critical","Seasonal",98.3606557377049,"Willow","Seedling","Depth","High"
"375",334,2003,"Slice3","critical","Seasonal",99.4535519125683,"Willow","Seedling","Depth","High"
"376",336,2004,"Slice3","critical","Seasonal",97.8142076502732,"Willow","Seedling","Depth","High"
"377",338,2005,"Slice3","critical","Seasonal",97.8142076502732,"Willow","Seedling","Depth","High"
"378",340,2006,"Slice3","critical","Seasonal",98.9071038251366,"Willow","Seedling","Depth","High"
"379",342,2007,"Slice3","critical","Seasonal",100,"Willow","Seedling","Depth","High"
"380",344,2008,"Slice3","critical","Seasonal",100,"Willow","Seedling","Depth","High"
"381",346,2009,"Slice3","critical","Seasonal",98.9071038251366,"Willow","Seedling","Depth","High"
"382",348,2010,"Slice3","critical","Seasonal",99.4535519125683,"Willow","Seedling","Depth","High"
"383",350,2011,"Slice3","critical","Seasonal",97.2677595628415,"Willow","Seedling","Depth","High"
"384",352,2012,"Slice3","critical","Seasonal",98.9071038251366,"Willow","Seedling","Depth","High"
"385",354,2013,"Slice3","critical","Seasonal",99.4535519125683,"Willow","Seedling","Depth","High"
"386",356,2014,"Slice3","critical","Seasonal",96.7213114754098,"Willow","Seedling","Depth","High"
"387",358,2015,"Slice3","critical","Seasonal",100,"Willow","Seedling","Depth","High"
"388",360,2016,"Slice3","critical","Seasonal",99.4535519125683,"Willow","Seedling","Depth","High"
"389",362,2017,"Slice3","critical","Seasonal",100,"Willow","Seedling","Depth","High"
"390",364,2018,"Slice3","critical","Seasonal",100,"Willow","Seedling","Depth","High"
"391",366,1993,"Slice4","critical","Seasonal",99.4535519125683,"Willow","Seedling","Depth","High"
"392",368,1994,"Slice4","critical","Seasonal",98.9071038251366,"Willow","Seedling","Depth","High"
"393",370,1995,"Slice4","critical","Seasonal",99.4535519125683,"Willow","Seedling","Depth","High"
"394",372,1996,"Slice4","critical","Seasonal",100,"Willow","Seedling","Depth","High"
"395",374,1997,"Slice4","critical","Seasonal",97.8142076502732,"Willow","Seedling","Depth","High"
"396",376,1998,"Slice4","critical","Seasonal",98.3606557377049,"Willow","Seedling","Depth","High"
"397",378,1999,"Slice4","critical","Seasonal",98.9071038251366,"Willow","Seedling","Depth","High"
"398",380,2000,"Slice4","critical","Seasonal",99.4535519125683,"Willow","Seedling","Depth","High"
"399",382,2001,"Slice4","critical","Seasonal",100,"Willow","Seedling","Depth","High"
"400",384,2002,"Slice4","critical","Seasonal",98.3606557377049,"Willow","Seedling","Depth","High"
"401",386,2003,"Slice4","critical","Seasonal",99.4535519125683,"Willow","Seedling","Depth","High"
"402",388,2004,"Slice4","critical","Seasonal",98.3606557377049,"Willow","Seedling","Depth","High"
"403",390,2005,"Slice4","critical","Seasonal",98.3606557377049,"Willow","Seedling","Depth","High"
"404",392,2006,"Slice4","critical","Seasonal",99.4535519125683,"Willow","Seedling","Depth","High"
"405",394,2007,"Slice4","critical","Seasonal",100,"Willow","Seedling","Depth","High"
"406",396,2008,"Slice4","critical","Seasonal",100,"Willow","Seedling","Depth","High"
"407",398,2009,"Slice4","critical","Seasonal",99.4535519125683,"Willow","Seedling","Depth","High"
"408",400,2010,"Slice4","critical","Seasonal",100,"Willow","Seedling","Depth","High"
"409",402,2011,"Slice4","critical","Seasonal",99.4535519125683,"Willow","Seedling","Depth","High"
"410",404,2012,"Slice4","critical","Seasonal",98.9071038251366,"Willow","Seedling","Depth","High"
"411",406,2013,"Slice4","critical","Seasonal",100,"Willow","Seedling","Depth","High"
"412",408,2014,"Slice4","critical","Seasonal",98.9071038251366,"Willow","Seedling","Depth","High"
"413",410,2015,"Slice4","critical","Seasonal",100,"Willow","Seedling","Depth","High"
"414",412,2016,"Slice4","critical","Seasonal",99.4535519125683,"Willow","Seedling","Depth","High"
"415",414,2017,"Slice4","critical","Seasonal",100,"Willow","Seedling","Depth","High"
"416",416,2018,"Slice4","critical","Seasonal",100,"Willow","Seedling","Depth","High"
"417",210,1993,"Slice1","critical","Seasonal",100,"Willow","Seedling","Shear Stress","High"
"418",212,1994,"Slice1","critical","Seasonal",100,"Willow","Seedling","Shear Stress","High"
"419",214,1995,"Slice1","critical","Seasonal",100,"Willow","Seedling","Shear Stress","High"
"420",216,1996,"Slice1","critical","Seasonal",100,"Willow","Seedling","Shear Stress","High"
"421",218,1997,"Slice1","critical","Seasonal",100,"Willow","Seedling","Shear Stress","High"
"422",220,1998,"Slice1","critical","Seasonal",100,"Willow","Seedling","Shear Stress","High"
"423",222,1999,"Slice1","critical","Seasonal",100,"Willow","Seedling","Shear Stress","High"
"424",224,2000,"Slice1","critical","Seasonal",100,"Willow","Seedling","Shear Stress","High"
"425",226,2001,"Slice1","critical","Seasonal",100,"Willow","Seedling","Shear Stress","High"
"426",228,2002,"Slice1","critical","Seasonal",100,"Willow","Seedling","Shear Stress","High"
"427",230,2003,"Slice1","critical","Seasonal",100,"Willow","Seedling","Shear Stress","High"
"428",232,2004,"Slice1","critical","Seasonal",100,"Willow","Seedling","Shear Stress","High"
"429",234,2005,"Slice1","critical","Seasonal",100,"Willow","Seedling","Shear Stress","High"
"430",236,2006,"Slice1","critical","Seasonal",100,"Willow","Seedling","Shear Stress","High"
"431",238,2007,"Slice1","critical","Seasonal",100,"Willow","Seedling","Shear Stress","High"
"432",240,2008,"Slice1","critical","Seasonal",100,"Willow","Seedling","Shear Stress","High"
"433",242,2009,"Slice1","critical","Seasonal",100,"Willow","Seedling","Shear Stress","High"
"434",244,2010,"Slice1","critical","Seasonal",100,"Willow","Seedling","Shear Stress","High"
"435",246,2011,"Slice1","critical","Seasonal",100,"Willow","Seedling","Shear Stress","High"
"436",248,2012,"Slice1","critical","Seasonal",100,"Willow","Seedling","Shear Stress","High"
"437",250,2013,"Slice1","critical","Seasonal",100,"Willow","Seedling","Shear Stress","High"
"438",252,2014,"Slice1","critical","Seasonal",100,"Willow","Seedling","Shear Stress","High"
"439",254,2015,"Slice1","critical","Seasonal",100,"Willow","Seedling","Shear Stress","High"
"440",256,2016,"Slice1","critical","Seasonal",100,"Willow","Seedling","Shear Stress","High"
"441",258,2017,"Slice1","critical","Seasonal",100,"Willow","Seedling","Shear Stress","High"
"442",260,2018,"Slice1","critical","Seasonal",100,"Willow","Seedling","Shear Stress","High"
"443",262,1993,"Slice2","critical","Seasonal",100,"Willow","Seedling","Shear Stress","High"
"444",264,1994,"Slice2","critical","Seasonal",100,"Willow","Seedling","Shear Stress","High"
"445",266,1995,"Slice2","critical","Seasonal",100,"Willow","Seedling","Shear Stress","High"
"446",268,1996,"Slice2","critical","Seasonal",100,"Willow","Seedling","Shear Stress","High"
"447",270,1997,"Slice2","critical","Seasonal",99.4535519125683,"Willow","Seedling","Shear Stress","High"
"448",272,1998,"Slice2","critical","Seasonal",100,"Willow","Seedling","Shear Stress","High"
"449",274,1999,"Slice2","critical","Seasonal",100,"Willow","Seedling","Shear Stress","High"
"450",276,2000,"Slice2","critical","Seasonal",100,"Willow","Seedling","Shear Stress","High"
"451",278,2001,"Slice2","critical","Seasonal",100,"Willow","Seedling","Shear Stress","High"
"452",280,2002,"Slice2","critical","Seasonal",99.4535519125683,"Willow","Seedling","Shear Stress","High"
"453",282,2003,"Slice2","critical","Seasonal",100,"Willow","Seedling","Shear Stress","High"
"454",284,2004,"Slice2","critical","Seasonal",99.4535519125683,"Willow","Seedling","Shear Stress","High"
"455",286,2005,"Slice2","critical","Seasonal",99.4535519125683,"Willow","Seedling","Shear Stress","High"
"456",288,2006,"Slice2","critical","Seasonal",100,"Willow","Seedling","Shear Stress","High"
"457",290,2007,"Slice2","critical","Seasonal",100,"Willow","Seedling","Shear Stress","High"
"458",292,2008,"Slice2","critical","Seasonal",100,"Willow","Seedling","Shear Stress","High"
"459",294,2009,"Slice2","critical","Seasonal",100,"Willow","Seedling","Shear Stress","High"
"460",296,2010,"Slice2","critical","Seasonal",100,"Willow","Seedling","Shear Stress","High"
"461",298,2011,"Slice2","critical","Seasonal",100,"Willow","Seedling","Shear Stress","High"
"462",300,2012,"Slice2","critical","Seasonal",100,"Willow","Seedling","Shear Stress","High"
"463",302,2013,"Slice2","critical","Seasonal",100,"Willow","Seedling","Shear Stress","High"
"464",304,2014,"Slice2","critical","Seasonal",99.4535519125683,"Willow","Seedling","Shear Stress","High"
"465",306,2015,"Slice2","critical","Seasonal",100,"Willow","Seedling","Shear Stress","High"
"466",308,2016,"Slice2","critical","Seasonal",100,"Willow","Seedling","Shear Stress","High"
"467",310,2017,"Slice2","critical","Seasonal",100,"Willow","Seedling","Shear Stress","High"
"468",312,2018,"Slice2","critical","Seasonal",100,"Willow","Seedling","Shear Stress","High"
"469",314,1993,"Slice3","critical","Seasonal",98.9071038251366,"Willow","Seedling","Shear Stress","High"
"470",316,1994,"Slice3","critical","Seasonal",98.3606557377049,"Willow","Seedling","Shear Stress","High"
"471",318,1995,"Slice3","critical","Seasonal",99.4535519125683,"Willow","Seedling","Shear Stress","High"
"472",320,1996,"Slice3","critical","Seasonal",100,"Willow","Seedling","Shear Stress","High"
"473",322,1997,"Slice3","critical","Seasonal",97.2677595628415,"Willow","Seedling","Shear Stress","High"
"474",324,1998,"Slice3","critical","Seasonal",98.3606557377049,"Willow","Seedling","Shear Stress","High"
"475",326,1999,"Slice3","critical","Seasonal",98.9071038251366,"Willow","Seedling","Shear Stress","High"
"476",328,2000,"Slice3","critical","Seasonal",98.9071038251366,"Willow","Seedling","Shear Stress","High"
"477",330,2001,"Slice3","critical","Seasonal",100,"Willow","Seedling","Shear Stress","High"
"478",332,2002,"Slice3","critical","Seasonal",98.3606557377049,"Willow","Seedling","Shear Stress","High"
"479",334,2003,"Slice3","critical","Seasonal",99.4535519125683,"Willow","Seedling","Shear Stress","High"
"480",336,2004,"Slice3","critical","Seasonal",98.3606557377049,"Willow","Seedling","Shear Stress","High"
"481",338,2005,"Slice3","critical","Seasonal",98.3606557377049,"Willow","Seedling","Shear Stress","High"
"482",340,2006,"Slice3","critical","Seasonal",98.9071038251366,"Willow","Seedling","Shear Stress","High"
"483",342,2007,"Slice3","critical","Seasonal",100,"Willow","Seedling","Shear Stress","High"
"484",344,2008,"Slice3","critical","Seasonal",100,"Willow","Seedling","Shear Stress","High"
"485",346,2009,"Slice3","critical","Seasonal",99.4535519125683,"Willow","Seedling","Shear Stress","High"
"486",348,2010,"Slice3","critical","Seasonal",100,"Willow","Seedling","Shear Stress","High"
"487",350,2011,"Slice3","critical","Seasonal",97.8142076502732,"Willow","Seedling","Shear Stress","High"
"488",352,2012,"Slice3","critical","Seasonal",98.9071038251366,"Willow","Seedling","Shear Stress","High"
"489",354,2013,"Slice3","critical","Seasonal",99.4535519125683,"Willow","Seedling","Shear Stress","High"
"490",356,2014,"Slice3","critical","Seasonal",98.3606557377049,"Willow","Seedling","Shear Stress","High"
"491",358,2015,"Slice3","critical","Seasonal",100,"Willow","Seedling","Shear Stress","High"
"492",360,2016,"Slice3","critical","Seasonal",99.4535519125683,"Willow","Seedling","Shear Stress","High"
"493",362,2017,"Slice3","critical","Seasonal",100,"Willow","Seedling","Shear Stress","High"
"494",364,2018,"Slice3","critical","Seasonal",100,"Willow","Seedling","Shear Stress","High"
"495",366,1993,"Slice4","critical","Seasonal",99.4535519125683,"Willow","Seedling","Shear Stress","High"
"496",368,1994,"Slice4","critical","Seasonal",98.9071038251366,"Willow","Seedling","Shear Stress","High"
"497",370,1995,"Slice4","critical","Seasonal",99.4535519125683,"Willow","Seedling","Shear Stress","High"
"498",372,1996,"Slice4","critical","Seasonal",100,"Willow","Seedling","Shear Stress","High"
"499",374,1997,"Slice4","critical","Seasonal",97.8142076502732,"Willow","Seedling","Shear Stress","High"
"500",376,1998,"Slice4","critical","Seasonal",98.3606557377049,"Willow","Seedling","Shear Stress","High"
"501",378,1999,"Slice4","critical","Seasonal",98.9071038251366,"Willow","Seedling","Shear Stress","High"
"502",380,2000,"Slice4","critical","Seasonal",99.4535519125683,"Willow","Seedling","Shear Stress","High"
"503",382,2001,"Slice4","critical","Seasonal",100,"Willow","Seedling","Shear Stress","High"
"504",384,2002,"Slice4","critical","Seasonal",98.3606557377049,"Willow","Seedling","Shear Stress","High"
"505",386,2003,"Slice4","critical","Seasonal",99.4535519125683,"Willow","Seedling","Shear Stress","High"
"506",388,2004,"Slice4","critical","Seasonal",98.3606557377049,"Willow","Seedling","Shear Stress","High"
"507",390,2005,"Slice4","critical","Seasonal",98.3606557377049,"Willow","Seedling","Shear Stress","High"
"508",392,2006,"Slice4","critical","Seasonal",99.4535519125683,"Willow","Seedling","Shear Stress","High"
"509",394,2007,"Slice4","critical","Seasonal",100,"Willow","Seedling","Shear Stress","High"
"510",396,2008,"Slice4","critical","Seasonal",100,"Willow","Seedling","Shear Stress","High"
"511",398,2009,"Slice4","critical","Seasonal",99.4535519125683,"Willow","Seedling","Shear Stress","High"
"512",400,2010,"Slice4","critical","Seasonal",100,"Willow","Seedling","Shear Stress","High"
"513",402,2011,"Slice4","critical","Seasonal",99.4535519125683,"Willow","Seedling","Shear Stress","High"
"514",404,2012,"Slice4","critical","Seasonal",99.4535519125683,"Willow","Seedling","Shear Stress","High"
"515",406,2013,"Slice4","critical","Seasonal",100,"Willow","Seedling","Shear Stress","High"
"516",408,2014,"Slice4","critical","Seasonal",98.9071038251366,"Willow","Seedling","Shear Stress","High"
"517",410,2015,"Slice4","critical","Seasonal",100,"Willow","Seedling","Shear Stress","High"
"518",412,2016,"Slice4","critical","Seasonal",99.4535519125683,"Willow","Seedling","Shear Stress","High"
"519",414,2017,"Slice4","critical","Seasonal",100,"Willow","Seedling","Shear Stress","High"
"520",416,2018,"Slice4","critical","Seasonal",100,"Willow","Seedling","Shear Stress","High"
